date,shock_warning,forward_5d_return
2010-01-04,False,6.8847600592955125
2010-01-05,False,2.5650967281746513
2010-01-06,False,2.0436121567374785
2010-01-07,False,1.6767997119808218
2010-01-08,False,-0.25496168126113505
2010-01-11,False,0.5391415069882992
2010-01-12,False,-2.0882024756770434
2010-01-13,False,-5.7850385270462485
2010-01-14,False,-9.709262109908957
2010-01-15,False,-7.205855591835546
2010-01-19,False,-10.889218501870024
2010-01-20,False,-8.391225627916715
2010-01-21,False,-7.683762925589455
2010-01-22,False,-4.441675716768148
2010-01-25,False,-2.8299344986628263
2010-01-26,False,-0.6551188218090758
2010-01-27,False,-0.7208781554242767
2010-01-28,False,-5.447529987416753
2010-01-29,False,-8.7781317978154
2010-02-01,False,-9.935364070243804
2010-02-02,False,-8.118363426182174
2010-02-03,False,-6.379484208755095
2010-02-04,False,1.609859187969731
2010-02-05,False,4.136427409705208
2010-02-08,False,6.868329370478264
2010-02-09,False,4.231655686359173
2010-02-10,False,4.834813346352772
2010-02-11,False,5.1315747562963265
2010-02-12,False,4.882405363256222
2010-02-16,False,-1.6355948037543904
2010-02-17,False,-0.9863367093913337
2010-02-18,False,0.31085598106690215
2010-02-19,False,0.5286670648997026
2010-02-22,False,1.3896295738830162
2010-02-23,False,7.023419433256607
2010-02-24,False,8.239495128850692
2010-02-25,False,6.290773958397599
2010-02-26,False,5.092350093952074
2010-03-01,False,4.76634767502684
2010-03-02,False,1.5948196499234564
2010-03-03,False,-1.8366288272818005
2010-03-04,False,-0.11664796534651464
2010-03-05,False,-1.965975882740709
2010-03-08,False,-0.9844297978738614
2010-03-09,False,0.08657406806476635
2010-03-10,False,2.9454896267693984
2010-03-11,False,1.5690905496765977
2010-03-12,False,-0.04112669725201412
2010-03-15,False,-0.9587468996322885
2010-03-16,False,-1.8693283257501012
2010-03-17,False,-5.134750425139528
2010-03-18,False,-3.9848263047370622
2010-03-19,False,-0.7254380030073029
2010-03-22,False,2.642087167443199
2010-03-23,False,1.7712002432885707
2010-03-24,False,5.191860848526661
2010-03-25,False,6.643486288664436
2010-03-26,False,6.91744373722251
2010-03-29,False,3.083274223650327
2010-03-30,False,4.896612037238416
2010-03-31,False,3.390917218299965
2010-04-01,False,2.562547480633309
2010-04-05,False,1.6380774781602092
2010-04-06,False,1.7757404602306515
2010-04-07,False,1.197094674182089
2010-04-08,False,1.6858668185998424
2010-04-09,False,-3.727274810652666
2010-04-12,False,-3.7537594230127853
2010-04-13,False,-2.3466548164644285
2010-04-14,False,-1.8148886492101068
2010-04-15,False,-2.294908642472252
2010-04-16,False,2.900524341524956
2010-04-19,False,3.3781145625412505
2010-04-20,False,1.675465370178748
2010-04-21,False,0.18795138999881839
2010-04-22,False,2.971080322901602
2010-04-23,False,2.293583658435491
2010-04-26,False,2.579086606444215
2010-04-27,False,-1.6586255907903822
2010-04-28,False,-3.3469386629911826
2010-04-29,False,-5.861506507516546
2010-04-30,False,-0.9827249824733542
2010-05-03,False,-1.5157028276459525
2010-05-04,False,7.84440052290134
2010-05-05,False,11.473903525863697
2010-05-06,False,10.738212704963722
2010-05-07,False,4.108886557660984
2010-05-10,False,1.632571518308277
2010-05-11,False,-2.1875125626455874
2010-05-12,False,-8.215371673983904
2010-05-13,False,-9.595731684319853
2010-05-14,False,-8.535567706922384
2010-05-17,False,-4.634551545679413
2010-05-18,False,-5.966043672579646
2010-05-19,False,1.1049240676152114
2010-05-20,False,4.221812914863313
2010-05-21,False,4.3289528226887715
2010-05-24,False,3.055933243946284
2010-05-25,False,3.0001992174325762
2010-05-26,False,-2.0546383981410345
2010-05-27,False,-6.531538936129921
2010-05-28,False,-1.411244436711944
2010-06-01,False,-0.3891082565989041
2010-06-02,False,-0.6797556345065338
2010-06-03,False,2.327604875442421
2010-06-04,False,5.250130934426771
2010-06-07,False,1.3623547993773386
2010-06-08,False,0.5454009813297973
2010-06-09,False,1.3766135930001449
2010-06-10,False,2.290655832029543
2010-06-11,False,5.0977645474352755
2010-06-14,False,2.1503872013471375
2010-06-15,False,1.7456717843709637
2010-06-16,False,0.1192933323199627
2010-06-17,False,-0.1920065502197959
2010-06-18,False,-0.36572505266306043
2010-06-21,False,-0.6884601376597195
2010-06-22,False,-1.6111313961922331
2010-06-23,False,1.1690317859710404
2010-06-24,False,-5.323120292526612
2010-06-25,False,-7.64984206798202
2010-06-28,False,-4.602796447625154
2010-06-29,False,-3.3634525411636833
2010-06-30,False,-4.4855986054270565
2010-07-01,False,1.6363097610686612
2010-07-02,False,1.1181428967893003
2010-07-06,False,2.2401786922321136
2010-07-07,False,1.6274878525066274
2010-07-08,False,2.729609708895221
2010-07-09,False,-1.563135593307969
2010-07-12,False,-2.049118943388912
2010-07-13,False,-3.0735678201381074
2010-07-14,False,-2.6393183465461316
2010-07-15,False,-1.267129197116649
2010-07-16,False,1.8010464346030115
2010-07-19,False,3.700493849898004
2010-07-20,False,-0.3625403419586542
2010-07-21,False,-2.129491858794549
2010-07-22,False,-2.8784602636475127
2010-07-23,False,-0.6041708875660655
2010-07-26,False,1.1366873878267687
2010-07-27,False,4.3639615628966695
2010-07-28,False,4.708599023797487
2010-07-29,False,3.938244455338672
2010-07-30,False,2.5902788987817593
2010-08-02,False,-0.9499950596731177
2010-08-03,False,-1.4280858966387695
2010-08-04,False,-2.0635318542281653
2010-08-05,False,-1.4026305566816346
2010-08-06,False,-1.9805851163910864
2010-08-09,False,1.031466995938821
2010-08-10,False,2.3958487241555195
2010-08-11,False,2.756514202319619
2010-08-12,False,1.4572378234295376
2010-08-13,False,-0.6374908343958899
2010-08-16,False,-2.390155138013451
2010-08-17,False,-1.1744200022898363
2010-08-18,False,3.3789164942337773
2010-08-19,False,3.539622102412497
2010-08-20,False,5.71182066540766
2010-08-23,False,5.701013128714627
2010-08-24,False,5.450557202157688
2010-08-25,False,1.7561218630698654
2010-08-26,False,3.418604229057895
2010-08-27,False,4.498377887183761
2010-08-30,False,4.342807867409336
2010-08-31,False,2.946169524636982
2010-09-01,False,2.3231327965414614
2010-09-02,False,0.8316455400826261
2010-09-03,False,0.9743971529856088
2010-09-07,False,2.5718807518411357
2010-09-08,False,2.783986164119968
2010-09-09,False,4.5916577274199515
2010-09-10,False,4.868920089480276
2010-09-13,False,3.2629392090855127
2010-09-14,False,1.067764565672746
2010-09-15,False,2.3763660530382524
2010-09-16,False,2.1412840032409943
2010-09-17,False,2.8124040784080764
2010-09-20,False,3.2111088661424856
2010-09-21,False,5.049758024351767
2010-09-22,False,4.157477836092413
2010-09-23,False,2.810010359533928
2010-09-24,False,3.0126701950631274
2010-09-27,False,2.5675495225199763
2010-09-28,False,4.6222405838988765
2010-09-29,False,4.855342245800604
2010-09-30,False,3.4581819079175036
2010-10-01,False,4.654679528216672
2010-10-04,False,5.814971145367289
2010-10-05,False,1.8105723507289186
2010-10-06,False,3.8100619814165704
2010-10-07,False,7.887954656743082
2010-10-08,False,5.0053712278828275
2010-10-11,False,4.467722608569171
2010-10-12,False,2.7084599046528544
2010-10-13,False,-0.2763704532993456
2010-10-14,False,-5.445184531660619
2010-10-15,False,-4.8409112804047565
2010-10-18,False,-3.5589110148917054
2010-10-19,False,0.2521623037835742
2010-10-20,False,-1.904975918436111
2010-10-21,False,3.1836587011352036
2010-10-22,False,6.020479813543539
2010-10-25,False,4.175936069869175
2010-10-26,False,4.143972253294617
2010-10-27,False,4.324313672411255
2010-10-28,False,8.693105194262772
2010-10-29,False,8.519104818517262
2010-11-01,False,11.093397286167617
2010-11-02,False,15.177763816282768
2010-11-03,False,9.478170675609784
2010-11-04,False,5.0984077958066
2010-11-05,False,-3.0601065394575295
2010-11-08,False,-5.0088957727051655
2010-11-09,False,-13.59166815171201
2010-11-10,False,-5.172249965529434
2010-11-11,False,-2.1058813515429398
2010-11-12,False,4.658834060770192
2010-11-15,False,5.114575789249169
2010-11-16,False,8.866157842578936
2010-11-17,False,7.61054343374864
2010-11-18,False,-0.5044391073722718
2010-11-19,False,-0.09939996739194712
2010-11-22,False,2.6168731356301094
2010-11-23,False,2.931082929561908
2010-11-24,False,3.6318322824473226
2010-11-26,False,9.109553688972147
2010-11-29,False,9.001197398101286
2010-11-30,False,5.397197307025484
2010-12-01,False,-0.579382506009203
2010-12-02,False,0.8616674104574387
2010-12-03,False,-2.3004595240226644
2010-12-06,False,-0.35747708172319675
2010-12-07,False,0.036975774430035406
2010-12-08,False,3.4851807608074328
2010-12-09,False,-0.11121395604896042
2010-12-10,False,1.8617627521391864
2010-12-13,False,-0.8959297253648895
2010-12-14,False,-1.2953637661217532
2010-12-15,False,0.4847094280821045
2010-12-16,False,1.9047521694812286
2010-12-17,False,0.41818028139691216
2010-12-20,False,3.2267415755228206
2010-12-21,False,4.340041355781256
2010-12-22,False,3.7461577407399
2010-12-23,False,5.3151014705705935
2010-12-27,False,6.1712572635636285
2010-12-28,False,-2.6929667135539557
2010-12-29,False,-5.0334773808904245
2010-12-30,False,-4.625141337460136
2010-12-31,False,-7.554246207074774
2011-01-03,False,-7.493456655994944
2011-01-04,False,-0.006784472227748528
2011-01-05,False,1.2230771758888406
2011-01-06,False,0.48661963306112604
2011-01-07,False,-1.23575133051652
2011-01-10,False,0.17315158091075478
2011-01-11,False,-2.3953650648713225
2011-01-12,False,-7.278043751227341
2011-01-13,False,-6.4821177125347695
2011-01-14,False,-3.563392120568112
2011-01-18,False,-7.506388258978306
2011-01-19,False,-5.938372245808284
2011-01-20,False,-1.5191821589716568
2011-01-21,False,1.8717787499953533
2011-01-24,False,3.085370462993008
2011-01-25,False,6.1933562250387615
2011-01-26,False,4.211261882799015
2011-01-27,False,6.054413295807327
2011-01-28,False,3.965568113872507
2011-01-31,False,4.082482703797942
2011-02-01,False,5.944431142230425
2011-02-02,False,6.742978905331798
2011-02-03,False,4.617982943540968
2011-02-04,False,3.143043219801652
2011-02-07,False,3.9452643257212343
2011-02-08,False,1.3844485943549343
2011-02-09,False,1.1723643605257505
2011-02-10,False,4.804455725722572
2011-02-11,False,7.407462043393635
2011-02-14,False,7.37007559078082
2011-02-15,False,8.158275792689704
2011-02-16,False,7.9937277978776065
2011-02-17,False,4.114116167681486
2011-02-18,False,4.557384475957601
2011-02-22,False,4.61437977072524
2011-02-23,False,4.471814223046845
2011-02-24,False,3.360711168369019
2011-02-25,False,7.095264296468579
2011-02-28,False,5.890385060737938
2011-03-01,False,3.5311708202483207
2011-03-02,False,3.4377108224859003
2011-03-03,False,2.1650656509262274
2011-03-04,False,1.7291583520502478
2011-03-07,False,-0.08370195569361223
2011-03-08,False,-4.406677581432758
2011-03-09,False,-4.459423947973878
2011-03-10,False,-2.3196495713399052
2011-03-11,False,-2.459513729427673
2011-03-14,False,0.49284669421080296
2011-03-15,False,6.125200583167321
2011-03-16,False,7.624410393243054
2011-03-17,False,8.737136647622853
2011-03-18,False,5.5423297963022184
2011-03-21,False,2.9961645148087204
2011-03-22,False,1.9277608537041473
2011-03-23,False,0.8005070388206508
2011-03-24,False,1.2862285905108601
2011-03-25,False,1.8156815959938468
2011-03-28,False,3.670649353206991
2011-03-29,False,5.774263884396043
2011-03-30,False,4.89920291461811
2011-03-31,False,4.315129723674669
2011-04-01,False,7.312699643867532
2011-04-04,False,5.362398554416914
2011-04-05,False,2.2289601591386465
2011-04-06,False,2.137766498214634
2011-04-07,False,5.220202901532713
2011-04-08,False,4.7287827966880425
2011-04-11,False,5.633304623313977
2011-04-12,False,9.201862872930473
2011-04-13,False,9.996508751548047
2011-04-14,False,10.042289849925194
2011-04-15,False,10.229938148234414
2011-04-18,False,4.775088654385523
2011-04-19,False,4.551149757851298
2011-04-20,False,6.644831840421947
2011-04-21,False,5.330593002097805
2011-04-25,False,-2.3019645012531003
2011-04-26,False,-5.665979970116545
2011-04-27,False,-15.452426027727107
2011-04-28,False,-27.123560652220423
2011-04-29,False,-31.98929627075272
2011-05-02,False,-21.644910194155816
2011-05-03,False,-10.115210535142538
2011-05-04,False,-10.35480827107679
2011-05-05,False,-4.04988820942171
2011-05-06,False,-0.7738945197616086
2011-05-09,False,-8.373898137482197
2011-05-10,False,-13.89514791818802
2011-05-11,False,-1.1755927552617353
2011-05-12,False,0.38439197025030597
2011-05-13,False,0.20258561465695302
2011-05-16,False,2.236799992916836
2011-05-17,False,7.568723416071665
2011-05-18,False,7.003707237620407
2011-05-19,False,6.643002471056262
2011-05-20,False,7.612766292735285
2011-05-23,False,9.30127486769196
2011-05-24,False,4.249388394772398
2011-05-25,False,-3.9008158594274347
2011-05-26,False,-3.0990194582113597
2011-05-27,False,-2.8970377168098493
2011-05-31,False,-3.35298242556243
2011-06-01,False,-2.880103560413923
2011-06-02,False,3.322635772679309
2011-06-03,False,0.38337983059776765
2011-06-06,False,-5.706887016521764
2011-06-07,False,-4.500417268060221
2011-06-08,False,-3.3685969912774913
2011-06-09,False,-5.126091727481896
2011-06-10,False,-1.6291259125506414
2011-06-13,False,3.7546212984363025
2011-06-14,False,2.6832509552163444
2011-06-15,False,3.6821540964671238
2011-06-16,False,-1.5533641416995572
2011-06-17,False,-3.120456692138419
2011-06-20,False,-7.1392121699888955
2011-06-21,False,-7.831906076726628
2011-06-22,False,-5.5523216264877
2011-06-23,False,-0.5528776125355628
2011-06-24,False,-2.771813095125016
2011-06-27,False,5.283762160985587
2011-06-28,False,6.553592510133095
2011-06-29,False,4.989951443480998
2011-06-30,False,4.833589385436733
2011-07-01,False,5.752270775910532
2011-07-05,False,0.6391630596673038
2011-07-06,False,6.042966481664028
2011-07-07,False,5.747621416344055
2011-07-08,False,6.687766371214956
2011-07-11,False,12.232750200257618
2011-07-12,False,12.098059522242053
2011-07-13,False,3.599128705094802
2011-07-14,False,0.6389661818592388
2011-07-15,False,2.652472505022913
2011-07-18,False,0.05205276897130417
2011-07-19,False,1.1866430667026449
2011-07-20,False,2.5145207610380664
2011-07-21,False,2.139415554385935
2011-07-22,False,-0.05236558680010231
2011-07-25,False,-2.6516889123971805
2011-07-26,False,-1.5104545729641192
2011-07-27,False,2.9017836723491133
2011-07-28,False,-0.9116571782100485
2011-07-29,False,-4.841984782041495
2011-08-01,False,0.19320784118880518
2011-08-02,False,-5.655839983322503
2011-08-03,False,-5.976716355710841
2011-08-04,False,-1.9520589666053287
2011-08-05,False,2.33911448538921
2011-08-08,False,-0.19320784118880327
2011-08-09,False,5.005035116029561
2011-08-10,False,2.57308885546574
2011-08-11,False,5.12066813339626
2011-08-12,False,8.166046813082014
2011-08-15,False,9.746385063029267
2011-08-16,False,5.994338083301074
2011-08-17,False,-3.001211276777936
2011-08-18,False,0.13018141408255718
2011-08-19,False,-3.5530041471450877
2011-08-22,False,-6.632366941925798
2011-08-23,False,-2.110522896817577
2011-08-24,False,6.28979350394878
2011-08-25,False,1.8049108688744593
2011-08-26,False,4.938662122168585
2011-08-29,False,3.1013071074996903
2011-08-30,False,0.4194288222280803
2011-08-31,False,1.853265915062296
2011-09-01,False,0.21914021805486406
2011-09-02,False,-6.869402599155208
2011-09-06,False,-1.6759285423405348
2011-09-07,False,-2.6890537299376187
2011-09-08,False,-7.389977072627066
2011-09-09,False,-1.9234719600398644
2011-09-12,False,-2.659290411530397
2011-09-13,False,-2.566516385602021
2011-09-14,False,-0.12116259839070088
2011-09-15,False,-7.675730196003924
2011-09-16,False,-30.532028516653533
2011-09-19,False,-26.761711988203924
2011-09-20,False,-24.101014357863324
2011-09-21,False,-29.52979884338054
2011-09-22,False,-18.154453245361072
2011-09-23,False,-0.03328306201881761
2011-09-26,False,2.7128909761120408
2011-09-27,False,-5.555169820565613
2011-09-28,False,0.7681914424447517
2011-09-29,False,4.798970841165628
2011-09-30,False,3.0068325586017535
2011-10-03,False,3.8094383151162563
2011-10-04,False,7.023836653967431
2011-10-05,False,7.731654874346224
2011-10-06,False,-1.0597080439521185
2011-10-07,False,3.7469888252635815
2011-10-10,False,-0.48011350235535666
2011-10-11,False,-0.5081208753645713
2011-10-12,False,-4.6941741397121035
2011-10-13,False,-4.417586618593729
2011-10-14,False,-3.0548995011622226
2011-10-17,False,-0.5393384057589875
2011-10-18,False,3.8039591563001136
2011-10-19,False,6.320370117508715
2011-10-20,False,14.803370999672211
2011-10-21,False,12.34804109194595
2011-10-24,False,8.24336840904127
2011-10-25,False,-0.9489707817188955
2011-10-26,False,1.898302991643222
2011-10-27,False,-1.7447297606131635
2011-10-28,False,-3.4615534511241663
2011-10-31,False,1.3738620404065065
2011-11-01,False,7.120709755859614
2011-11-02,False,1.2273649268223967
2011-11-03,False,-1.1460625583463384
2011-11-04,False,1.7486421315476688
2011-11-07,False,-2.3219343982220466
2011-11-08,False,-1.980374118793447
2011-11-09,False,-1.566888682457029
2011-11-10,False,-7.938548189223514
2011-11-11,False,-6.734412268776049
2011-11-14,False,-8.911705260451265
2011-11-15,False,-4.452037708276145
2011-11-16,False,-5.883330729266946
2011-11-17,False,-1.5391101572290071
2011-11-18,False,-0.7836081777157416
2011-11-21,False,2.3505822994486523
2011-11-22,False,-0.6608007291873053
2011-11-23,False,2.518056542496825
2011-11-25,False,5.058200486860617
2011-11-28,False,0.4529524368319472
2011-11-29,False,2.5386879845190764
2011-11-30,False,-0.5391634224453841
2011-12-01,False,-3.828280409631154
2011-12-02,False,-1.3828601257669597
2011-12-05,False,-4.336475221534828
2011-12-06,False,-4.6260653290061
2011-12-07,False,-11.974701863571996
2011-12-08,False,-7.3914827171919235
2011-12-09,False,-8.284661992167146
2011-12-12,False,-7.074920983223521
2011-12-13,False,-5.600314501903614
2011-12-14,False,1.0916254782731731
2011-12-15,False,-0.7694227201702275
2011-12-16,False,-1.940021810002603
2011-12-19,False,-0.43463966548206184
2011-12-20,False,-8.133187912960379
2011-12-21,False,-6.8166338620263955
2011-12-22,False,-3.960006342900334
2011-12-23,False,1.6627550330674978
2011-12-27,False,1.2673272818183232
2011-12-28,False,7.346945025589252
2011-12-29,False,4.932427187067921
2011-12-30,False,3.087277335677392
2012-01-03,False,0.8429478466489569
2012-01-04,False,2.698692593759426
2012-01-05,False,2.7867082372395613
2012-01-06,False,2.8894802627223832
2012-01-09,False,4.612151420454827
2012-01-10,False,2.4247799993286625
2012-01-11,False,2.068355298927023
2012-01-12,False,5.038401285767639
2012-01-13,False,8.883787740810781
2012-01-17,False,5.885279975802885
2012-01-18,False,8.110594004883284
2012-01-19,False,10.042081584063395
2012-01-20,False,6.424823619403133
2012-01-23,False,3.846510628334781
2012-01-24,False,3.9966092483793387
2012-01-25,False,2.0518166642220828
2012-01-26,False,1.3234723942653779
2012-01-27,False,-0.06522164621859707
2012-01-30,False,0.6694515196598114
2012-01-31,False,2.7658345446543184
2012-02-01,False,-0.3113360119709158
2012-02-02,False,-0.7849003515063507
2012-02-03,False,-0.4427824455413978
2012-02-06,False,-0.07713363829866945
2012-02-07,False,-2.486387550343731
2012-02-08,False,-0.855964129660442
2012-02-09,False,-1.5765185301037026
2012-02-10,False,-1.126163349111641
2012-02-13,False,2.1055237053113083
2012-02-14,False,2.7027419364895473
2012-02-15,False,6.263463160748198
2012-02-16,False,5.761138166832129
2012-02-17,False,6.743336761554647
2012-02-21,False,7.626019184493712
2012-02-22,False,0.9996938245268496
2012-02-23,False,0.18832510357765198
2012-02-24,False,-2.4380671124281945
2012-02-27,False,-5.3940464166585524
2012-02-28,False,-12.60663898494028
2012-02-29,False,-3.05340611386684
2012-03-01,False,-5.251923152242437
2012-03-02,False,-0.8914058202783636
2012-03-05,False,-0.8265632167384379
2012-03-06,False,2.4229822016453384
2012-03-07,False,-4.250906220107362
2012-03-08,False,-3.2974337107163354
2012-03-09,False,-4.801057878536686
2012-03-12,False,-1.3514590812993597
2012-03-13,False,-5.323445193182223
2012-03-14,False,0.16163231250946875
2012-03-15,False,-4.293606205122498
2012-03-16,False,-1.0027721617045373
2012-03-19,False,-0.6092657210911019
2012-03-20,False,2.471949638016014
2012-03-21,False,-1.1966129496254765
2012-03-22,False,2.0823236476205924
2012-03-23,False,0.6829782612144419
2012-03-26,False,1.0849638656192362
2012-03-27,False,1.9711750995721353
2012-03-28,False,-2.5047077999413387
2012-03-29,False,-0.822691350279638
2012-03-30,False,-2.9885667892938845
2012-04-02,False,-4.3649697856833125
2012-04-03,False,-5.3718086048390585
2012-04-04,False,4.677927312334931
2012-04-05,False,-1.0650552340697488
2012-04-09,False,-0.47394260170048286
2012-04-10,False,-0.015786407827265286
2012-04-11,False,-0.10477715647922722
2012-04-12,False,-2.314758140987467
2012-04-13,False,0.8377808148578735
2012-04-16,False,-2.7114741085503566
2012-04-17,False,-2.9647268216588
2012-04-18,False,-3.6459449127003314
2012-04-19,False,-1.803970546372093
2012-04-20,False,-0.9429956095006046
2012-04-23,False,1.4117729129567778
2012-04-24,False,0.4446865704927336
2012-04-25,False,0.7909045582728003
2012-04-26,False,-4.0684447645021935
2012-04-27,False,-3.1334103071155335
2012-04-30,False,-2.9069213623017562
2012-05-01,False,-4.854085993554455
2012-05-02,False,-4.667252442798963
2012-05-03,False,-2.785525604375252
2012-05-04,False,-5.13972255418312
2012-05-07,False,-6.006155691765167
2012-05-08,False,-4.733948167778408
2012-05-09,False,-7.195255527013722
2012-05-10,False,-3.9912858804409646
2012-05-11,False,-0.5699193816640552
2012-05-14,False,-0.05297984814741693
2012-05-15,False,0.39488500962142536
2012-05-16,False,1.2363424132571326
2012-05-17,False,0.5201476231803577
2012-05-18,False,-1.1355771782139352
2012-05-21,False,-1.9154895228796371
2012-05-22,False,-0.7233663106778023
2012-05-23,False,0.8434584832483716
2012-05-24,False,1.253568005870836
2012-05-25,False,-1.341350262281798
2012-05-29,False,2.2188676607621756
2012-05-30,False,5.272992546465074
2012-05-31,False,2.765906503910643
2012-06-01,False,-0.12640648468504379
2012-06-04,False,2.169774172436532
2012-06-05,False,1.9291457009657464
2012-06-06,False,-1.8524450641749797
2012-06-07,False,-0.41461772085818505
2012-06-08,False,0.9546319941149486
2012-06-11,False,0.20603807951758596
2012-06-12,False,-2.0278202172598188
2012-06-13,False,-1.9261562607154004
2012-06-14,False,-5.67918428989652
2012-06-15,False,-7.5029299736124235
2012-06-18,False,-4.083657504712672
2012-06-19,False,-4.784388128118286
2012-06-20,False,-5.21410647097011
2012-06-21,False,-2.208079323366743
2012-06-22,False,3.4039104767239965
2012-06-25,False,-0.1818617494836634
2012-06-26,False,4.3639317816010035
2012-06-27,False,2.5542365796520796
2012-06-28,False,2.4165591864216225
2012-06-29,False,-0.6146502520949799
2012-07-02,False,-2.2718647799086034
2012-07-03,False,-4.519394559921861
2012-07-05,False,-1.833040724729302
2012-07-06,False,1.677984257751848
2012-07-09,False,-0.4167528613761709
2012-07-10,False,1.62905542858978
2012-07-11,False,0.2811317883708548
2012-07-12,False,0.21351219102079214
2012-07-13,False,-0.23799705509265404
2012-07-16,False,-1.0236549559320902
2012-07-17,False,-1.8564894513314505
2012-07-18,False,1.3720978239878643
2012-07-19,False,0.8677382108147734
2012-07-20,False,0.7268557024714078
2012-07-23,False,3.616409413327232
2012-07-24,False,4.041875997699605
2012-07-25,False,0.262001182151338
2012-07-26,False,-1.654080386766598
2012-07-27,False,1.1290568874153781
2012-07-30,False,-0.5799631706886432
2012-07-31,False,0.6432050091821516
2012-08-01,False,1.9790486175114412
2012-08-02,False,4.028069859654501
2012-08-03,False,0.9490603381802653
2012-08-06,False,-0.3308607447603947
2012-08-07,False,-1.1427476070839666
2012-08-08,False,-0.9378617263840675
2012-08-09,False,0.40856179387004765
2012-08-10,False,-0.2140927301872487
2012-08-13,False,2.932095908307281
2012-08-14,False,5.825663727186334
2012-08-15,False,6.083402348739283
2012-08-16,True,7.648821918607888
2012-08-17,True,8.917014480478686
2012-08-20,True,8.232736107809538
2012-08-21,True,4.804373827238454
2012-08-22,True,4.247076191695263
2012-08-23,True,-0.2630972092860116
2012-08-24,True,2.4655951371707205
2012-08-27,True,4.130771798097528
2012-08-28,True,4.4447534080529305
2012-08-29,True,5.637426775947247
2012-08-30,True,10.215119901935585
2012-08-31,True,6.789994803037539
2012-09-04,True,3.526184374298571
2012-09-05,True,2.934344822993634
2012-09-06,True,6.230573957525203
2012-09-07,True,2.8432691428400925
2012-09-10,True,2.1335056235804246
2012-09-11,False,3.3310553769435933
2012-09-12,False,3.7966516673068496
2012-09-13,False,-0.28268854684098593
2012-09-14,False,-0.10408934599866408
2012-09-17,False,-1.105271931597486
2012-09-18,False,-2.2122582971313873
2012-09-19,False,-1.8596529689777523
2012-09-20,False,-0.06645806494493291
2012-09-21,False,-0.14476017820296594
2012-09-24,False,2.790794932244441
2012-09-25,False,2.09672883969769
2012-09-26,False,2.183585310795771
2012-09-27,False,1.2809616688369074
2012-09-28,False,-0.0028955737841153406
2012-10-01,False,-2.6111356365022336
2012-10-02,False,-1.9050970019841695
2012-10-03,False,-1.6243913237050398
2012-10-04,False,-2.880622140323536
2012-10-05,False,-2.591524044854332
2012-10-08,False,-3.8241782197158276
2012-10-09,False,-3.0777160757102826
2012-10-10,False,-2.6045868331020823
2012-10-11,False,-3.612617402877907
2012-10-12,False,-4.7493097858337965
2012-10-15,False,-1.4784497219886759
2012-10-16,False,-3.5681671405307687
2012-10-17,False,-4.946060961391361
2012-10-18,False,-2.432044452631815
2012-10-19,False,-0.19349694359429684
2012-10-22,False,0.1890940960389914
2012-10-23,False,1.4314151347988264
2012-10-24,False,-2.4348479740409443
2012-10-25,False,-2.964020873605566
2012-10-26,False,0.024986474726118243
2012-10-31,False,-1.9925874146417306
2012-11-01,False,0.015505696421509382
2012-11-02,False,5.53551187792349
2012-11-05,False,4.401425814475942
2012-11-06,False,1.423344872278896
2012-11-07,False,3.7821046626057404
2012-11-08,False,1.3375505226684925
2012-11-09,False,-0.7051501584043216
2012-11-12,False,2.033739121297847
2012-11-13,False,1.3608555089946466
2012-11-14,False,1.4287138328563318
2012-11-15,False,4.331571838550234
2012-11-16,False,5.345715169782707
2012-11-19,False,2.385351127492333
2012-11-20,False,2.2762361030886695
2012-11-21,False,2.966588115699153
2012-11-23,False,-2.6949607310595445
2012-11-26,False,-1.3477274749163741
2012-11-27,False,-3.741659835224298
2012-11-28,False,-2.3978083627685143
2012-11-29,False,-3.885505418376869
2012-11-30,False,-0.455793118750356
2012-12-03,False,-1.137649882083323
2012-12-04,False,0.6303811443811493
2012-12-05,False,2.4749763382667767
2012-12-06,False,-2.3240920602056634
2012-12-07,False,-2.543190618291541
2012-12-10,False,-3.3404563681378723
2012-12-11,False,-4.171928146182855
2012-12-12,False,-8.22677853767351
2012-12-13,False,-8.626813749411696
2012-12-14,False,-6.676091544650185
2012-12-17,False,-7.6336524161199275
2012-12-18,False,-5.236831072932915
2012-12-19,False,-2.812578410684879
2012-12-20,False,1.0347487564659226
2012-12-21,False,0.1027941300981326
2012-12-24,False,3.6621320319875403
2012-12-26,False,2.2687019560409203
2012-12-27,False,-0.9587294046726356
2012-12-28,False,0.3736310469667743
2012-12-31,False,0.7988441994389229
2013-01-02,False,-2.4562563063827954
2013-01-03,False,0.6629227624369892
2013-01-04,False,1.5631822459369733
2013-01-07,False,3.430105691881085
2013-01-08,False,3.4988088203393497
2013-01-09,False,4.255684611431795
2013-01-10,False,2.9079124244302417
2013-01-11,False,4.931220556253266
2013-01-14,False,3.3754590752268263
2013-01-15,False,2.851214816702422
2013-01-16,False,0.5727040504524102
2013-01-17,False,-1.9249045775264186
2013-01-18,False,-3.6583603104561617
2013-01-22,False,-3.1215973003178252
2013-01-23,False,-0.7961503809043855
2013-01-24,False,-1.142327564838011
2013-01-25,False,2.4144867141927135
2013-01-28,False,3.0231590912575808
2013-01-29,False,2.22167524075821
2013-01-30,False,-0.9091977210697091
2013-01-31,False,0.16581122786348163
2013-02-01,False,-1.6318010360901087
2013-02-04,False,-2.572233162102678
2013-02-05,False,-2.720367413304817
2013-02-06,False,-3.2116288667487134
2013-02-07,False,-3.382790476088164
2013-02-08,False,-5.178744396548058
2013-02-11,False,-4.9157616214259034
2013-02-12,False,-8.018517120591111
2013-02-13,False,-7.254352363186606
2013-02-14,False,-6.420684931601647
2013-02-15,False,-2.910684187340163
2013-02-19,False,-0.535205853528496
2013-02-20,False,1.1397358133315876
2013-02-21,False,-1.0509791474497205
2013-02-22,False,-0.017569581301600044
2013-02-25,False,-1.8315242619215375
2013-02-26,False,-2.397253422436428
2013-02-27,False,-0.634286518452991
2013-02-28,False,1.301581428452923
2013-03-01,False,1.596966219817518
2013-03-04,False,1.239777481977961
2013-03-05,False,1.96907527060772
2013-03-06,False,0.5617040981296116
2013-03-07,False,0.017376599585098695
2013-03-08,False,-0.3187507863594988
2013-03-11,False,0.10059955638163388
2013-03-12,False,-1.108038650266143
2013-03-13,False,-0.48176138426905674
2013-03-14,False,1.4046632012867704
2013-03-15,False,-0.5253706906414657
2013-03-18,False,-0.19435592968829463
2013-03-19,False,-0.5778564844081847
2013-03-20,False,-0.7182781214073378
2013-03-21,False,-3.0870229042165453
2013-03-22,False,-2.6619230322334495
2013-03-25,False,-5.601266951536675
2013-03-26,False,-6.755002192971945
2013-03-27,False,-6.614251277861348
2013-03-28,False,-3.9325327516227344
2013-04-01,False,-2.8821039936407797
2013-04-02,False,2.3565536453503095
2013-04-03,False,3.183387280120166
2013-04-04,False,3.4431057027321916
2013-04-05,False,-3.2848634643389905
2013-04-08,False,-14.946041966355034
2013-04-09,False,-16.522880955656596
2013-04-10,False,-17.073151294162056
2013-04-11,False,-17.505881539774162
2013-04-12,False,-13.686933616458408
2013-04-15,False,-0.14997259579767538
2013-04-16,False,-3.484793333720136
2013-04-17,False,-2.0464625357266395
2013-04-18,False,3.8038274798874934
2013-04-19,False,3.43835170839516
2013-04-22,False,3.381292801155495
2013-04-23,False,5.67053278668373
2013-04-24,False,2.0636264631847667
2013-04-25,False,-1.4604827586988471
2013-04-26,False,0.9092345219141778
2013-04-29,False,-0.8492993482995221
2013-04-30,False,-1.5569518266354494
2013-05-01,False,2.487574025303075
2013-05-02,False,0.3734036661017223
2013-05-03,False,-1.440991218299048
2013-05-06,False,-1.04228561752849
2013-05-07,False,-1.7655272117844674
2013-05-08,False,-5.369294528157992
2013-05-09,False,-5.31486615685699
2013-05-10,False,-5.626766319529302
2013-05-13,False,-4.767541789093173
2013-05-14,False,-3.987689626823436
2013-05-15,False,-0.8203831587431052
2013-05-16,False,-0.6602153973064603
2013-05-17,False,0.6380943347602316
2013-05-20,False,-1.7342013176921496
2013-05-21,False,0.013368055169704456
2013-05-22,False,0.9571977870321913
2013-05-23,False,-1.1895799668664107
2013-05-24,False,1.0310501278894422
2013-05-28,False,0.9869946149822506
2013-05-29,False,0.08906906770818936
2013-05-30,False,0.1190101616877404
2013-05-31,False,-2.2336929021700382
2013-06-03,False,-3.558044603017845
2013-06-04,False,-3.428643978844934
2013-06-05,False,-3.02321042957815
2013-06-06,False,-5.0549317912544485
2013-06-07,False,0.9887908900354119
2013-06-10,False,-0.7509516465272876
2013-06-11,False,0.14311831152149365
2013-06-12,False,-0.8015142145025013
2013-06-13,False,-8.506721049063607
2013-06-14,False,-9.527368949128244
2013-06-17,False,-10.98801151038363
2013-06-18,False,-10.445882202344627
2013-06-19,False,-15.124889699392194
2013-06-20,False,-6.723947952592686
2013-06-21,False,-2.573158102948039
2013-06-24,False,0.34312089735380114
2013-06-25,False,-1.1745382140982368
2013-06-26,False,5.759765643055976
2013-06-27,False,1.0359945691722168
2013-06-28,False,-2.2144609910401942
2013-07-01,False,-2.249025759051217
2013-07-02,False,-0.7646596011493414
2013-07-03,False,1.281818204712181
2013-07-05,False,5.470781130144868
2013-07-08,False,4.12403346888211
2013-07-09,False,4.0878480363625345
2013-07-10,False,1.3382011477091504
2013-07-11,False,-2.884308589694105
2013-07-12,False,-1.687650019481021
2013-07-15,False,3.333306257036944
2013-07-16,False,1.6082397420052033
2013-07-17,False,3.0695129159610266
2013-07-18,False,3.902020366373047
2013-07-19,False,1.61684312081855
2013-07-22,False,-3.192177817714016
2013-07-23,False,-2.906598251678647
2013-07-24,False,-2.0035458813663474
2013-07-25,False,-2.67607941313145
2013-07-26,False,0.695780213559597
2013-07-29,False,-0.7228624784395437
2013-07-30,False,-0.7707905622934216
2013-07-31,False,-0.6084712074759117
2013-08-01,False,2.8595644101939772
2013-08-02,False,2.4615420265187606
2013-08-05,False,7.903144907834279
2013-08-06,False,8.921243826298042
2013-08-07,False,11.072618170786743
2013-08-08,False,12.751231010099042
2013-08-09,False,13.369679578481769
2013-08-12,False,8.2261472287358
2013-08-13,False,7.7963863522682875
2013-08-14,False,5.26284311808905
2013-08-15,False,0.43952214521249516
2013-08-16,False,1.7683792295380425
2013-08-19,False,3.5917284626232373
2013-08-20,False,6.637666738173147
2013-08-21,False,6.046574085573921
2013-08-22,False,4.499907931299937
2013-08-23,False,-1.1441792025990025
2013-08-26,False,1.545806990494407
2013-08-27,False,-5.332600299058295
2013-08-28,False,-4.972136950835386
2013-08-29,False,-1.034813134481012
2013-08-30,False,0.8699209545570276
2013-09-03,False,-5.98303098119157
2013-09-04,False,-1.0669027530282404
2013-09-05,False,-4.8878438216269515
2013-09-06,False,-9.551987254706058
2013-09-09,False,-7.476470441041225
2013-09-10,False,-5.509095155713278
2013-09-11,False,-7.203742483026907
2013-09-12,False,5.042861099826956
2013-09-13,False,0.9461301305082104
2013-09-16,False,-0.7219874167966254
2013-09-17,False,-0.9058667671400036
2013-09-18,False,1.4947658373818635
2013-09-19,False,-6.772754829614092
2013-09-20,False,-0.4260227877424843
2013-09-23,False,-0.6856756637020466
2013-09-24,False,-1.9455364001801196
2013-09-25,False,0.036632760742282
2013-09-26,False,0.08744337628996462
2013-09-27,False,-0.358724726012554
2013-09-30,False,3.105150264897628
2013-10-01,False,5.851713185721074
2013-10-02,False,1.942890293094024e-14
2013-10-03,False,0.5093041785047281
2013-10-04,False,-2.2834159389775386
2013-10-07,False,-4.715764025320068
2013-10-08,False,-5.747623472549018
2013-10-09,False,-2.4372284170475442
2013-10-10,False,0.2422669168667145
2013-10-11,False,3.036159933641962
2013-10-14,False,4.240124166610343
2013-10-15,False,7.3290183395379485
2013-10-16,False,5.750757620862713
2013-10-17,False,3.9522673302897644
2013-10-18,False,3.301258400156827
2013-10-21,False,1.1848717709245893
2013-10-22,False,-1.3361259247809614
2013-10-23,False,1.5990430945475107
2013-10-24,False,-4.276946451760687
2013-10-25,False,-3.598919079299677
2013-10-28,False,-3.7128482259114484
2013-10-29,False,-3.8038414422052615
2013-10-30,False,-5.37137462301584
2013-10-31,False,-0.8879577585089147
2013-11-01,False,-2.3057858407768936
2013-11-04,False,-1.8906274352037198
2013-11-05,False,-3.9927944083316484
2013-11-06,False,-6.2327585451379885
2013-11-07,False,-4.378400207678708
2013-11-08,False,-2.8081046385362707
2013-11-11,False,-4.435980744018604
2013-11-12,False,-2.151245839756545
2013-11-13,False,-1.8873144755412
2013-11-14,False,-3.8587484600336874
2013-11-15,False,-4.244829979647519
2013-11-18,False,-2.3317657359707646
2013-11-19,False,-2.389835590354168
2013-11-20,False,-2.1017321317764313
2013-11-21,False,0.2656114382313432
2013-11-22,False,-3.1878730442640077
2013-11-25,False,-4.469641685919703
2013-11-26,False,-0.36345573586824
2013-11-27,False,-0.6079640824974157
2013-11-29,False,-2.6163878172716437
2013-12-02,False,2.1144358988324736
2013-12-03,False,6.343332941960142
2013-12-04,False,2.6154423601681978
2013-12-05,False,-0.5755977998179964
2013-12-06,False,0.48175504340129127
2013-12-09,False,2.040736419418577
2013-12-10,False,-2.3173265175228654
2013-12-11,False,-1.409034994623307
2013-12-12,False,-1.3439080338680884
2013-12-13,False,-0.7235106106277953
2013-12-16,False,-3.404085119289941
2013-12-17,False,-1.727655207773459
2013-12-18,False,-0.6466335448711537
2013-12-19,False,4.444499157255632
2013-12-20,False,0.8359243142077893
2013-12-23,False,-0.20145966741789337
2013-12-24,False,3.2619032047718184
2013-12-26,False,1.4825388557322117
2013-12-27,False,0.31927777574549865
2013-12-30,False,0.9352989496903299
2013-12-31,False,0.9213280063403783
2014-01-02,False,-2.1881583759099494
2014-01-03,False,0.09410399799475201
2014-01-06,False,1.4046444836235228
2014-01-07,False,2.4291482055689446
2014-01-08,False,2.9531990800100725
2014-01-09,False,1.8242771295221787
2014-01-10,False,0.32618386175256653
2014-01-13,False,-2.60220521378782
2014-01-14,False,-2.206776727307491
2014-01-15,False,-0.5837058044928315
2014-01-16,False,-1.4182474216915852
2014-01-17,False,-2.4777744362639216
2014-01-21,False,-1.8056976967155105
2014-01-22,False,-1.4030989294846026
2014-01-23,False,-4.4767942792930295
2014-01-24,False,-3.2848942749382064
2014-01-27,False,-1.951032116114463
2014-01-28,False,-0.4166104722532143
2014-01-29,False,1.2818675769092163
2014-01-30,False,4.085761981658555
2014-01-31,False,4.1774199048018685
2014-02-03,False,3.596421709274453
2014-02-04,False,3.7480640513438295
2014-02-05,False,2.7222716925745947
2014-02-06,False,2.3677638982022136
2014-02-07,False,7.218051988815461
2014-02-10,False,8.540551871261249
2014-02-11,False,8.106946192984202
2014-02-12,False,6.415111411456671
2014-02-13,False,6.605503909078619
2014-02-14,False,2.9271802482177827
2014-02-18,False,0.3146947344350521
2014-02-19,False,-2.7381178693177772
2014-02-20,False,-1.6933803025479186
2014-02-21,False,-2.666452115622614
2014-02-24,False,-2.7545179557438746
2014-02-25,False,-3.5787604231281125
2014-02-26,False,-0.0705969936725137
2014-02-27,False,1.064041428873022
2014-02-28,False,-1.458428810376747
2014-03-03,False,-2.6887543537703182
2014-03-04,False,-1.9251491702954011
2014-03-05,False,0.418159256795236
2014-03-06,False,-1.7466632500070012
2014-03-07,False,2.303743789826666
2014-03-10,False,1.7566006029335473
2014-03-11,False,0.24988021040477126
2014-03-12,False,-2.506777191365516
2014-03-13,False,-3.680694977256153
2014-03-14,False,-5.2712056874854945
2014-03-17,False,-5.8429932222073315
2014-03-18,False,-4.320254644306351
2014-03-19,False,-5.1343826891315585
2014-03-20,False,-3.562000738169216
2014-03-21,False,-2.566419532162719
2014-03-24,False,-1.5536930521890604
2014-03-25,False,-1.4435910602720086
2014-03-26,False,1.3671957263495376
2014-03-27,False,0.48636616519095127
2014-03-28,False,0.7808835315902809
2014-03-31,False,0.792440716478427
2014-04-01,False,1.8786238425372144
2014-04-02,False,-1.3874499018392228
2014-04-03,False,1.4650062764516807
2014-04-04,False,0.030107971662177938
2014-04-07,False,0.5414894059326816
2014-04-08,False,-2.854440605883802
2014-04-09,False,-0.6704274946742869
2014-04-10,False,-2.480959629923205
2014-04-11,False,-3.0149503579985795
2014-04-14,False,-3.2938210717930896
2014-04-15,False,-0.24673773454405215
2014-04-16,False,0.30021657284164843
2014-04-17,False,0.5041849373999541
2014-04-21,False,1.2536745887153442
2014-04-22,False,0.7054847104353018
2014-04-23,False,-1.6135701230753519
2014-04-24,False,-3.5844591144924576
2014-04-25,False,-0.9852742536979792
2014-04-28,False,-0.3324315935485521
2014-04-29,False,0.5628562255567315
2014-04-30,False,0.9318903128415762
2014-05-01,False,0.5514261365550185
2014-05-02,False,-2.1520751371917397
2014-05-05,False,-0.10251388662527137
2014-05-06,False,-0.4807940538704803
2014-05-07,False,2.239225904874283
2014-05-08,False,1.83187000321101
2014-05-09,False,1.120708935883942
2014-05-12,False,-0.9170096413932127
2014-05-13,False,-0.7048941189554745
2014-05-14,False,-2.192605668535415
2014-05-15,False,0.22086593602303906
2014-05-16,False,0.4963850452382913
2014-05-19,False,-1.475488542225281
2014-05-20,False,-1.7291234866586112
2014-05-21,False,-1.6923851997989916
2014-05-22,False,-4.38945172577637
2014-05-23,False,-3.5649671238614564
2014-05-27,False,-1.6256173676786854
2014-05-28,False,-1.4232620108125262
2014-05-29,False,0.37857189825145354
2014-05-30,False,1.6482693039688734
2014-06-02,False,1.7799932007320878
2014-06-03,False,2.19127018633435
2014-06-04,False,2.046477433722952
2014-06-05,False,2.3853819015210544
2014-06-06,False,3.492581991881176
2014-06-09,False,3.3915532458394564
2014-06-10,False,2.9538079952111844
2014-06-11,False,3.150235458752406
2014-06-12,False,5.590216971020594
2014-06-13,False,6.434118742962486
2014-06-16,False,5.945957086839602
2014-06-17,False,6.464623952197386
2014-06-18,False,6.578034390876186
2014-06-19,False,2.2329701772040282
2014-06-20,False,0.6425697721632293
2014-06-23,False,0.46760067974689146
2014-06-24,False,0.13774769511432725
2014-06-25,False,0.6750864766242622
2014-06-26,False,-0.06636300262179143
2014-06-27,False,-0.5280323520000542
2014-06-30,False,-0.1905986018371011
2014-07-01,False,-0.21383304297800293
2014-07-02,False,0.959902141882736
2014-07-03,False,1.515316506203947
2014-07-07,False,-0.48768580054158495
2014-07-08,False,-0.5979591863477294
2014-07-09,False,-1.4132314341182843
2014-07-10,False,-1.7534786588268305
2014-07-11,False,-2.7126564371719897
2014-07-14,False,0.48768580054159605
2014-07-15,False,0.5884251721984978
2014-07-16,False,1.0796927609052296
2014-07-17,False,-3.425162342231273
2014-07-18,False,-1.206986158183155
2014-07-21,False,-2.12097292310774
2014-07-22,False,-2.018813612948052
2014-07-23,False,-1.8983904130106435
2014-07-24,False,-0.014725561387184637
2014-07-25,False,-1.2512314313306954
2014-07-28,False,-1.6306787204943045
2014-07-29,False,-3.7287358690906824
2014-07-30,False,-2.8268164349514553
2014-07-31,False,-2.0931177003983055
2014-08-01,False,-2.1375784947299863
2014-08-04,False,-0.6657786761112396
2014-08-05,False,0.383220571937104
2014-08-06,False,-0.8795188952301753
2014-08-07,False,-0.40178810866756587
2014-08-08,False,-2.0918748884548615
2014-08-11,False,-2.319817021156481
2014-08-12,False,-2.460840530544762
2014-08-13,False,-1.7209291237278872
2014-08-14,False,-2.4503959236720037
2014-08-15,False,-0.6640765216408925
2014-08-18,False,-1.345754756731889
2014-08-19,False,-0.08771727491254652
2014-08-20,False,-0.39622180201102564
2014-08-21,False,0.739911955801189
2014-08-22,False,0.19092683828234358
2014-08-25,False,-1.3903226315353965
2014-08-26,False,-1.3618435598856182
2014-08-27,False,-1.7213627919135124
2014-08-28,False,-2.341103662240493
2014-08-29,False,-2.669619627886844
2014-09-02,False,-1.1974258266428195
2014-09-03,False,-1.3275871768264014
2014-09-04,False,-2.8248718713264678
2014-09-05,False,-2.849141383984993
2014-09-08,False,-1.7680634930930108
2014-09-09,False,-1.0026736020907157
2014-09-10,False,-1.0288253454074099
2014-09-11,False,-0.43802303588950164
2014-09-12,False,-4.2123627675498065
2014-09-15,False,-4.72850665468771
2014-09-16,False,-5.1869021300913785
2014-09-17,False,-5.6203875670097725
2014-09-18,False,-5.991018340221704
2014-09-19,False,-1.724478944762884
2014-09-22,False,-1.039331556092243
2014-09-23,False,-4.07325427578794
2014-09-24,False,-2.4848527228023656
2014-09-25,False,-2.1990430555805034
2014-09-26,False,-4.069794779001378
2014-09-29,False,-1.936885730519134
2014-09-30,False,1.0819736701341767
2014-10-01,False,-1.1395284944554827
2014-10-02,False,2.1299753607327205
2014-10-03,False,2.774038370270676
2014-10-06,False,0.6613722393689919
2014-10-07,False,0.9379448867929904
2014-10-08,False,2.323668430767081
2014-10-09,False,0.12084540559634958
2014-10-10,False,0.17373479178715992
2014-10-13,False,0.057808131871890656
2014-10-14,False,0.8663970636988417
2014-10-15,False,-1.3236809553601692
2014-10-16,False,-1.5883480488655042
2014-10-17,False,-0.8483978574212129
2014-10-20,False,-1.0982479422974099
2014-10-21,False,-1.8392530451837814
2014-10-22,False,0.19182704930535655
2014-10-23,False,-4.316441139685812
2014-10-24,False,-6.379183670542177
2014-10-27,False,-5.648846538983107
2014-10-28,False,-7.602109408105273
2014-10-29,False,-11.047774494126978
2014-10-30,False,-6.288454251169768
2014-10-31,False,-2.379261940125032
2014-11-03,False,-3.2548718203057576
2014-11-04,False,-1.6650727605427087
2014-11-05,False,1.295247733096917
2014-11-06,True,1.4512133756829773
2014-11-07,True,3.81813449895156
2014-11-10,True,2.4977641613841124
2014-11-11,True,3.1792620768902804
2014-11-12,True,4.206332909744584
2014-11-13,True,3.2506787175469816
2014-11-14,True,0.4954065433799906
2014-11-17,True,1.9982244218994896
2014-11-18,True,2.34701377744191
2014-11-19,True,1.5713790069449414
2014-11-20,True,-4.073671248963944
2014-11-21,True,1.5557682846825558
2014-11-24,True,0.18911175786945345
2014-11-25,True,-1.18496571741875
2014-11-26,True,-0.16934730827061276
2014-11-28,True,4.463413015695355
2014-12-01,True,-2.6291747484917614
2014-12-02,True,4.019761960220855
2014-12-03,True,4.6228235600238605
2014-12-04,True,3.2106128790356867
2014-12-05,False,4.956606870423069
2014-12-08,False,1.8997048325641772
2014-12-09,False,-8.335101807059878
2014-12-10,False,-7.525349624014005
2014-12-11,False,-7.073624171474539
2014-12-12,False,-6.23042391639536
2014-12-15,False,-5.458840510334148
2014-12-16,False,0.0954008009643824
2014-12-17,False,-1.3813390177078093
2014-12-18,False,1.3622622792657442
2014-12-19,False,-1.5566707019170234
2014-12-22,False,3.7070292733075103
2014-12-23,False,-1.054491103429188
2014-12-24,False,0.3884480908804817
2014-12-26,False,0.41498521673274635
2014-12-29,False,5.312407259368573
2014-12-30,False,1.6488951155438434
2014-12-31,False,4.926427035264544
2015-01-02,False,4.060330316492318
2015-01-05,False,2.1765179367486827
2015-01-06,False,3.09559436230416
2015-01-07,False,2.665544479902434
2015-01-08,False,4.320921832065741
2015-01-09,False,7.933833140641297
2015-01-12,False,8.194366089861798
2015-01-13,False,5.972774459199064
2015-01-14,False,7.878988708898733
2015-01-15,False,6.852811655974038
2015-01-16,False,1.2771065725200454
2015-01-20,False,0.6719463603203665
2015-01-21,False,-0.6124667032877897
2015-01-22,False,-9.053588209260715
2015-01-23,False,-6.158225566682739
2015-01-26,False,-4.159445391352729
2015-01-27,False,-4.314696698497247
2015-01-28,False,-3.887989760683465
2015-01-29,False,2.4870212728876857
2015-01-30,False,-3.0353671027874225
2015-02-02,False,-1.055740495737619
2015-02-03,False,-2.6229473104886742
2015-02-04,False,-3.7162807735953014
2015-02-05,False,-2.367743717105705
2015-02-06,False,3.5343553398699186
2015-02-09,False,-4.142328717583355
2015-02-10,False,-3.6673112841795947
2015-02-11,False,-2.2588261783229284
2015-02-12,False,-3.1175878178117284
2015-02-13,False,-6.152574848999585
2015-02-17,False,-1.1062078896775989
2015-02-18,False,1.0650757934124633
2015-02-19,False,1.286659069233461
2015-02-20,False,1.5255360079988627
2015-02-23,False,0.9799787540661138
2015-02-24,False,0.46855953075104034
2015-02-25,False,-1.7938791590491172
2015-02-26,False,-2.757321015433937
2015-02-27,False,-4.515118519518991
2015-03-02,False,-4.055026544926372
2015-03-03,False,-4.048116447568508
2015-03-04,False,-5.001516964599854
2015-03-05,False,-4.0416564135459385
2015-03-06,False,-1.9641727643079268
2015-03-09,False,-0.982277846662234
2015-03-10,False,-0.32718323401359817
2015-03-11,False,1.166189777484199
2015-03-12,False,3.830670314730008
2015-03-13,False,8.600401844061945
2015-03-16,False,7.832042379552375
2015-03-17,False,8.620239998961376
2015-03-18,False,8.958455067598669
2015-03-19,False,6.166915703900854
2015-03-20,False,1.090841693477355
2015-03-23,False,-1.2824904040536294
2015-03-24,False,-2.2777039044960015
2015-03-25,False,0.37621184190614365
2015-03-26,False,-2.5794077309152854
2015-03-27,False,0.25184813373312076
2015-03-30,False,1.0035397114987972
2015-03-31,False,-0.8540001675388806
2015-04-01,False,-5.301175250299582
2015-04-02,False,-1.9119651211485185
2015-04-06,False,-4.884858017317534
2015-04-07,False,-4.0884011250248
2015-04-08,False,-1.0456020922698814
2015-04-09,False,0.6905053111520437
2015-04-10,False,-0.9143702191642877
2015-04-13,False,-2.4688024361481773
2015-04-14,False,-0.9268144659773938
2015-04-15,False,-2.9821220514967393
2015-04-16,False,-2.8163775410826117
2015-04-17,False,-3.705064636596168
2015-04-20,False,3.1421977126318223
2015-04-21,False,3.5905484618081114
2015-04-22,False,5.417052066380059
2015-04-23,False,1.8781081782196027
2015-04-24,False,3.024617820527888
2015-04-27,False,0.17068937986941707
2015-04-28,False,-0.18103243817143427
2015-04-29,False,-1.1220533220817155
2015-04-30,False,0.9136920598258089
2015-05-01,False,2.0336730095296796
2015-05-04,False,-0.7335827819926435
2015-05-05,False,-0.2842653407458259
2015-05-06,False,4.2926152217756846
2015-05-07,False,6.983650638997682
2015-05-08,False,6.4930010991089135
2015-05-11,False,8.319994844058053
2015-05-12,False,3.2183887187081948
2015-05-13,False,-0.6705857904745859
2015-05-14,False,-1.9560771194554003
2015-05-15,False,-2.9792478389294845
2015-05-18,False,-5.679983674274563
2015-05-19,False,-2.4460893773294865
2015-05-20,False,-2.602008938571347
2015-05-21,False,-2.527135786757128
2015-05-22,False,-2.172585759022704
2015-05-26,False,0.29239925022040236
2015-05-27,False,-1.051304348468406
2015-05-28,False,-3.4454520750660493
2015-05-29,False,-4.367561725011354
2015-06-01,False,-4.372914082136281
2015-06-02,False,-5.0970371871650695
2015-06-03,False,-3.1592029548848566
2015-06-04,False,-0.8488948672205331
2015-06-05,False,-0.962603803073114
2015-06-08,False,0.7805953292509625
2015-06-09,False,0.056412853667291325
2015-06-10,False,-0.07525451382081783
2015-06-11,False,1.214934377953805
2015-06-12,False,1.7919172054153096
2015-06-15,False,0.37872281860034246
2015-06-16,False,-1.4263405482566638
2015-06-17,False,-0.5788364600048712
2015-06-18,False,-2.146988242618295
2015-06-19,False,-2.3180185325263167
2015-06-22,False,-2.9749660522925625
2015-06-23,False,-1.1571954696957154
2015-06-24,False,-1.8854031775735642
2015-06-25,False,-1.7102108017355666
2015-06-26,False,-0.05721258011914827
2015-06-29,False,-4.665377045984241
2015-06-30,False,-2.632240898459284
2015-07-01,False,-1.339954518814129
2015-07-02,False,-0.4450856579173195
2015-07-06,False,-1.8612947623172986
2015-07-07,False,2.2814695512518557
2015-07-08,False,-0.788739360731952
2015-07-09,False,-2.51424058125296
2015-07-10,False,-4.2795801104081495
2015-07-13,False,-4.579840076705286
2015-07-14,False,-3.4995589530784077
2015-07-15,False,-2.111571518970757
2015-07-16,False,-1.8956964180025218
2015-07-17,False,-2.3416399766842995
2015-07-20,False,-1.0293558572443915
2015-07-21,False,-0.9387857387102285
2015-07-22,False,0.13583578423020867
2015-07-23,False,0.054472486881512475
2015-07-24,False,1.841067971923988
2015-07-27,False,-0.5359000773434583
2015-07-28,False,-0.5551528946715878
2015-07-29,False,-1.2841753028184832
2015-07-30,False,-0.1430462994073095
2015-07-31,False,0.47357976457583684
2015-08-03,False,5.1882111475756325
2015-08-04,False,4.901922888361211
2015-08-05,False,6.178053268189846
2015-08-06,False,4.830313211940434
2015-08-07,False,2.6245431905283
2015-08-10,False,0.03923959552493365
2015-08-11,False,-3.2861839340848977
2015-08-12,False,-1.938133289065802
2015-08-13,False,0.7828480410047868
2015-08-14,False,0.5965053525284996
2015-08-17,False,-3.546966555807565
2015-08-18,False,-1.2042194005743438
2015-08-19,False,-7.744874301619981
2015-08-20,False,-7.325076510603429
2015-08-21,False,-5.135863879162905
2015-08-24,False,-1.2611395970052242
2015-08-25,False,0.02053354860091835
2015-08-26,False,4.292445814058608
2015-08-27,False,1.9298071339733651
2015-08-28,False,0.06189913655931748
2015-08-31,False,1.1798161722927851
2015-09-01,False,-0.308420632203979
2015-09-02,False,-0.18433476580468033
2015-09-03,False,-1.4524775581976193
2015-09-04,False,-1.2940862288241397
2015-09-08,False,-2.9655739043842826
2015-09-09,False,2.1056297776833954
2015-09-10,False,2.3034593004431145
2015-09-11,False,4.480580160036494
2015-09-14,False,5.810982713969133
2015-09-15,False,2.9655739043843012
2015-09-16,False,-0.6608731751095185
2015-09-17,False,0.9966834441621066
2015-09-18,False,-0.31725297812521197
2015-09-21,False,-4.558156132041794
2015-09-22,False,-1.2347082356428538
2015-09-23,False,-1.823013003225207
2015-09-24,False,-4.178667695469281
2015-09-25,False,0.9946399774974878
2015-09-28,False,7.702215298754313
2015-09-29,False,9.237936545741727
2015-09-30,False,10.302884426576323
2015-10-01,False,8.291277199047993
2015-10-02,False,3.5540986948416604
2015-10-05,False,0.9696807721385025
2015-10-06,False,-0.514493403108867
2015-10-07,False,0.08698316523650576
2015-10-08,False,2.456880850943479
2015-10-09,False,1.836404425978288
2015-10-12,False,-0.16411485315470636
2015-10-13,False,0.05030765563935864
2015-10-14,False,-2.5537534197079674
2015-10-15,False,-2.057933261830773
2015-10-16,False,-1.7794921370599504
2015-10-19,False,0.44753546474966216
2015-10-20,False,-0.29594160706966416
2015-10-21,False,3.7022737783844075
2015-10-22,False,-1.7789883874185057
2015-10-23,False,-1.6059474411497625
2015-10-26,False,-3.1107769139832695
2015-10-27,False,-3.948808080216257
2015-10-28,False,-7.818725943908028
2015-10-29,False,-3.6424815637561734
2015-10-30,False,-5.751369289518801
2015-11-02,False,-6.673387476658831
2015-11-03,False,-6.0018041974002365
2015-11-04,False,-5.464272399619997
2015-11-05,False,-5.231919816964757
2015-11-06,False,-3.4122139928242965
2015-11-09,False,-1.3757715787451048
2015-11-10,False,-1.3040910478483407
2015-11-11,False,-1.284331817922134
2015-11-12,False,0.12646421483625356
2015-11-13,False,-0.6852979733545518
2015-11-16,False,-1.2666899985291886
2015-11-17,False,-0.0070602658330184975
2015-11-18,False,0.6230570785589574
2015-11-19,False,-1.6566697639605745
2015-11-20,False,-0.3977825644766033
2015-11-23,False,0.0925400516249407
2015-11-24,False,-1.350024639015041
2015-11-25,False,-0.8149987947087123
2015-11-27,False,3.486480379194264
2015-11-30,False,1.8126529827531226
2015-12-01,False,0.25580414867582557
2015-12-02,False,1.3147292969840858
2015-12-03,False,0.22744758868814638
2015-12-04,False,-4.555856951292922
2015-12-07,False,-4.583791602690537
2015-12-08,False,-2.5224997422085638
2015-12-09,False,0.38052934756136125
2015-12-10,False,-2.89562460756854
2015-12-11,False,1.582048936109785
2015-12-14,False,4.541841666110336
2015-12-15,False,4.008812069076463
2015-12-16,False,0.41410842488130495
2015-12-17,False,4.891898055091856
2015-12-18,False,-1.4810829763738629
2015-12-21,False,-2.721833853616674
2015-12-22,False,-3.4716810771115396
2015-12-23,False,-3.5794553386488217
2015-12-24,False,-3.9173392276479917
2015-12-28,False,0.5463331269156867
2015-12-29,False,0.2870057393319511
2015-12-30,False,3.7021521940654627
2015-12-31,False,0.9608886250977593
2016-01-04,False,0.2746399039910683
2016-01-05,False,-1.5096576680574323
2016-01-06,False,1.3380078441683139
2016-01-07,False,-4.2611145774573504
2016-01-08,False,-0.172712823623963
2016-01-11,False,0.20909400854734606
2016-01-12,False,2.657247139671121
2016-01-13,False,0.014137247210293255
2016-01-14,False,2.4875452995925937
2016-01-15,False,1.1386981380583927
2016-01-18,False,2.5317804549853635
2016-01-19,False,3.0294773345622277
2016-01-20,False,2.0499494817494064
2016-01-21,False,0.9399653727374203
2016-01-22,False,1.3158075256392596
2016-01-25,False,0.6230598835345559
2016-01-26,False,-1.8598707647292472
2016-01-27,False,1.920502703592266
2016-01-28,False,4.268862650860532
2016-01-29,False,3.6909639035909705
2016-02-01,False,7.312046612130294
2016-02-02,False,7.864078697893398
2016-02-03,False,3.714132590893386
2016-02-04,False,6.2256777559829075
2016-02-05,False,6.68683313096169
2016-02-08,False,-0.5659464825333881
2016-02-09,False,-0.467293838231282
2016-02-10,False,0.977076664688337
2016-02-11,False,-2.7026039561558317
2016-02-12,False,-3.914722523276161
2016-02-16,False,-0.615110013944247
2016-02-17,False,-0.5217851967570525
2016-02-18,False,-1.7129085372008497
2016-02-19,False,-4.518850427304831
2016-02-22,False,-1.8820172721972241
2016-02-23,False,-3.350552764126384
2016-02-24,False,-1.907960546551507
2016-02-25,False,-0.2244547896346696
2016-02-26,False,6.535084965070012
2016-02-29,False,4.765148231971505
2016-03-01,False,4.323813461880246
2016-03-02,False,2.3190925686045993
2016-03-03,False,2.7057749652013645
2016-03-04,False,-0.47302187824356556
2016-03-07,False,-0.6743578852350541
2016-03-08,False,-0.842067120958151
2016-03-09,False,-0.922508405422399
2016-03-10,False,3.0159397412852424
2016-03-11,False,1.2670045289452316
2016-03-14,False,2.0600872806355626
2016-03-15,False,3.996418629478503
2016-03-16,False,0.3215528414864881
2016-03-17,False,-5.32595915725387
2016-03-18,False,-3.948897018745539
2016-03-21,False,-3.887477963146978
2016-03-22,False,-4.31814035843968
2016-03-23,False,1.2824477185339491
2016-03-24,False,-0.9856869989798879
2016-03-28,False,-1.6724563555014456
2016-03-29,False,-0.8105223231128814
2016-03-30,False,-1.0179232608478153
2016-03-31,False,-1.9859543409345513
2016-04-01,False,2.2351716419618017
2016-04-04,False,6.678633346811663
2016-04-05,False,7.062351855430069
2016-04-06,False,8.106427759508348
2016-04-07,False,6.469936523224705
2016-04-08,False,5.851911095950409
2016-04-11,False,1.7069003164448322
2016-04-12,False,4.508423518862841
2016-04-13,False,4.831456466504373
2016-04-14,False,5.516357317846904
2016-04-15,False,3.5359798494860857
2016-04-18,False,4.5475966880196905
2016-04-19,False,0.8100090244773891
2016-04-20,False,0.9007166692550534
2016-04-21,False,2.696540615926337
2016-04-22,False,5.150336176268853
2016-04-25,False,3.7568307625474655
2016-04-26,False,2.1284783355413963
2016-04-27,False,-0.05207228032551234
2016-04-28,False,-1.4402742383462284
2016-04-29,False,-1.5979464660304143
2016-05-02,False,-3.3753157804029343
2016-05-03,False,-2.3098665004300845
2016-05-04,False,0.14459424820817499
2016-05-05,False,-1.250417018881341
2016-05-06,False,-2.2645540598654343
2016-05-09,False,0.42090851200705104
2016-05-10,False,0.9326785243802621
2016-05-11,False,-1.05746846696722
2016-05-12,False,-3.6231085630781563
2016-05-13,False,-3.5444079534948667
2016-05-16,False,-4.3640708244988256
2016-05-17,False,-5.958800737937731
2016-05-18,False,-5.184691760761603
2016-05-19,False,-0.8593205824261223
2016-05-20,False,-1.6664436599827483
2016-05-23,False,-2.7053698959785244
2016-05-24,False,-2.0657822834208304
2016-05-25,False,-1.5499381140497215
2016-05-26,False,0.04896174073404751
2016-05-27,False,1.114042296878199
2016-05-31,False,2.5040764005179157
2016-06-01,False,6.463283637389661
2016-06-02,False,7.508493544863551
2016-06-03,False,5.7589948530630855
2016-06-06,False,5.909091391962419
2016-06-07,False,6.116678416679242
2016-06-08,False,3.024288864648545
2016-06-09,False,1.9571870590272884
2016-06-10,False,0.4896975598911366
2016-06-13,False,0.42942302663751974
2016-06-14,False,-0.5702559822798872
2016-06-15,False,-1.0576635466688518
2016-06-16,False,-1.4080725679886419
2016-06-17,False,2.1885212523899695
2016-06-20,False,1.3449654350432017
2016-06-21,False,3.0044925922830057
2016-06-22,False,5.928779040713633
2016-06-23,False,6.871620828963889
2016-06-24,False,9.431296914495721
2016-06-27,False,11.318772464138332
2016-06-28,False,12.231332451857739
2016-06-29,False,7.529765432397284
2016-06-30,False,7.643469517836478
2016-07-01,False,3.617754372158217
2016-07-05,False,1.320150934022201
2016-07-06,False,1.036283580386905
2016-07-07,False,2.410355448977495
2016-07-08,False,0.33347184914779454
2016-07-11,False,-1.091602137804529
2016-07-12,False,-0.7729687211322407
2016-07-13,False,-3.9452457103501564
2016-07-14,False,-2.4810943671199785
2016-07-15,False,-2.3529335287774513
2016-07-18,False,-2.1635320316527804
2016-07-19,False,-1.6149716940970658
2016-07-20,False,1.9369933823262648
2016-07-21,False,1.8826885362210954
2016-07-22,False,3.2778369907492424
2016-07-25,False,4.242154940760665
2016-07-26,False,5.015806170389326
2016-07-27,False,2.331734363035642
2016-07-28,False,1.2128546348628568
2016-07-29,False,-2.654049701564852
2016-08-01,False,-3.4651666467647697
2016-08-02,False,-4.210113854725642
2016-08-03,False,-1.4888124830128886
2016-08-04,False,-2.0897066013695746
2016-08-05,False,-0.5475011006509138
2016-08-08,False,0.26774876726491864
2016-08-09,False,0.17145078982358528
2016-08-10,False,-2.5503756449989874
2016-08-11,False,-1.3298601614520078
2016-08-12,False,-1.9039411029891489
2016-08-15,False,-5.060042460084625
2016-08-16,False,-4.841235026239567
2016-08-17,False,-5.670599545264709
2016-08-18,False,-6.50524444233641
2016-08-19,False,-3.457890068996018
2016-08-22,False,-0.43080126578549105
2016-08-23,False,-1.7766636262310385
2016-08-24,False,0.41434484810645245
2016-08-25,False,2.030334642465285
2016-08-26,False,3.328271230844297
2016-08-29,False,6.634576519528787
2016-08-30,False,6.168488479728316
2016-08-31,False,5.072659331873693
2016-09-01,False,2.2287780519743525
2016-09-02,False,-1.890544400360065
2016-09-06,False,-5.954661733940684
2016-09-07,False,-4.011794293919303
2016-09-08,False,-3.27915233513859
2016-09-09,False,-2.6326269064838805
2016-09-12,False,1.5267391154910135
2016-09-13,False,1.6017163351460049
2016-09-14,False,3.641658486590485
2016-09-15,False,5.445306324843332
2016-09-16,False,4.944662332394689
2016-09-19,False,1.6011982622666379
2016-09-20,False,-0.5642343102328127
2016-09-21,False,-3.3155640879829127
2016-09-22,False,-4.625844157795496
2016-09-23,False,-3.0564216267986306
2016-09-26,False,-3.764379918934367
2016-09-27,False,-7.470867322342939
2016-09-28,False,-7.692322338766543
2016-09-29,False,-10.046072979149038
2016-09-30,False,-9.963534586528212
2016-10-03,False,-8.149809207380178
2016-10-04,False,-1.4615402976849463
2016-10-05,False,-1.0202764609285435
2016-10-06,False,0.7032119632768736
2016-10-07,False,0.3975017246627133
2016-10-10,False,0.5870588957192552
2016-10-11,False,0.7703991812401162
2016-10-12,False,0.9181399618567682
2016-10-13,False,0.5270461304974328
2016-10-14,False,0.3157220027504845
2016-10-17,False,0.7774114618349885
2016-10-18,False,0.8209090691482559
2016-10-19,False,-0.17613219417001047
2016-10-20,True,0.5810947828832975
2016-10-21,True,1.783626859362105
2016-10-24,True,1.1323802292210592
2016-10-25,True,3.593865144728988
2016-10-26,True,5.933597337895284
2016-10-27,True,4.330013880935305
2016-10-28,True,3.2132165689322987
2016-10-31,True,2.0175762244315174
2016-11-01,True,-0.29960695132457327
2016-11-02,True,-1.6371194975248242
2016-11-03,True,1.795245884780211
2016-11-04,True,2.0185291247994437
2016-11-07,True,-7.128526094110802
2016-11-08,False,-7.362132407098201
2016-11-09,True,-8.186933706869564
2016-11-10,True,-11.032401177942349
2016-11-11,False,-11.919317804869998
2016-11-14,False,-2.1864459547288573
2016-11-15,False,-2.4130503715478766
2016-11-16,False,-3.189747875227422
2016-11-17,False,-1.7878518302890112
2016-11-18,False,-0.21091119732364352
2016-11-21,False,0.8983280193070681
2016-11-22,False,-1.314009995168618
2016-11-23,False,0.26821489000094695
2016-11-25,False,1.7401140470790535
2016-11-28,False,1.47299412439993
2016-11-29,False,0.47304345702300227
2016-11-30,False,4.7436605818596504
2016-12-01,False,3.5756504283414037
2016-12-02,False,0.8558691255374227
2016-12-05,False,1.7207250059701535
2016-12-06,False,1.0163204873184686
2016-12-07,False,-0.2968925972022788
2016-12-08,False,-6.855239777340216
2016-12-09,False,-4.503027007603677
2016-12-12,False,-6.580130781231813
2016-12-13,False,-5.200616332625656
2016-12-14,False,-7.466425151462499
2016-12-15,False,-0.517160163094639
2016-12-16,False,-2.819029627918717
2016-12-19,False,-0.6071004190135385
2016-12-20,False,-0.41196573355757415
2016-12-21,False,1.527412775289891
2016-12-22,False,0.7621862478673299
2016-12-23,False,4.067937044918805
2016-12-27,False,3.5158465217240114
2016-12-28,False,3.6599917451363013
2016-12-29,False,1.857293874636505
2016-12-30,False,4.2627550036352755
2017-01-03,False,2.6962554384042217
2017-01-04,False,1.7066719392050653
2017-01-05,False,1.1749388908236347
2017-01-06,False,1.5307941806805998
2017-01-09,False,2.798713105949756
2017-01-10,False,2.538482345378741
2017-01-11,False,1.0903699607585102
2017-01-12,False,1.28491006742016
2017-01-13,False,2.539258477957652
2017-01-17,False,0.2744498862253672
2017-01-18,False,-1.702843211459392
2017-01-19,False,-0.9058401595029533
2017-01-20,False,0.6041643183053079
2017-01-23,False,-0.16339801985871508
2017-01-24,False,2.0946437893002408
2017-01-25,False,2.7705172536304463
2017-01-26,False,3.437334298754966
2017-01-27,False,2.0433017117739016
2017-01-30,False,3.133431109604956
2017-01-31,False,1.2540988769615975
2017-02-01,False,1.4984782196376227
2017-02-02,False,1.8108739731803996
2017-02-03,False,2.5959412992563706
2017-02-06,False,0.7724716881722176
2017-02-07,False,0.7807928488376094
2017-02-08,False,1.4819240103789866
2017-02-09,False,1.917172551766351
2017-02-10,False,0.5955790855406502
2017-02-13,False,1.0392836091715567
2017-02-14,False,0.39090738578566103
2017-02-15,False,0.9206962424632342
2017-02-16,False,1.4946119645121385
2017-02-17,False,1.842083260248948
2017-02-21,False,2.362099972935263
2017-02-22,False,2.75406360523816
2017-02-23,False,-2.278287927413873
2017-02-24,False,-3.541658944751264
2017-02-27,False,-3.4871445445228457
2017-02-28,False,-5.16933682698709
2017-03-01,False,-6.646708122576711
2017-03-02,False,-4.10455849068321
2017-03-03,False,-4.708799799165443
2017-03-06,False,-4.559363920575234
2017-03-07,False,-3.514032724026702
2017-03-08,False,-2.1614517038093837
2017-03-09,False,1.767373720033047
2017-03-10,False,2.8955399949761857
2017-03-13,False,2.726014340370852
2017-03-14,False,3.845056698061003
2017-03-15,False,3.8165673924720367
2017-03-16,False,1.5319167252952608
2017-03-17,False,1.943134232662088
2017-03-20,False,3.816375260652151
2017-03-21,False,3.774039238630489
2017-03-22,False,3.818989517648503
2017-03-23,False,3.480264826978012
2017-03-24,False,2.864895130488727
2017-03-27,False,0.6120614697037032
2017-03-28,False,0.42160471685088635
2017-03-29,False,-0.3407173320973883
2017-03-30,False,0.21972497549229414
2017-03-31,False,-0.5774879255078816
2017-04-03,False,-1.6461554627063069
2017-04-04,False,-0.37772178166949333
2017-04-05,False,0.6201087965356608
2017-04-06,False,1.4381679153462823
2017-04-07,False,1.9824305275966194
2017-04-10,False,1.9754432135797084
2017-04-11,False,-0.5334232640857305
2017-04-12,False,-1.5825576320182093
2017-04-13,False,-3.629355038322425
2017-04-17,False,-3.5500850560768766
2017-04-18,False,-3.7401105073809346
2017-04-19,False,-4.41334564971189
2017-04-20,False,-4.124595139433973
2017-04-21,False,-3.6496437424330757
2017-04-24,False,-6.1703691232662905
2017-04-25,False,-4.728684779770133
2017-04-26,False,-5.11932770767787
2017-04-27,False,-6.095771760381977
2017-04-28,False,-5.844924100217941
2017-05-01,False,-3.523826675791978
2017-05-02,False,-4.644332901857434
2017-05-03,False,-2.0590252336777546
2017-05-04,False,-0.21569569492003796
2017-05-05,False,0.8046510997819771
2017-05-08,False,2.2101108159658156
2017-05-09,False,4.190095634565213
2017-05-10,False,4.248739193408615
2017-05-11,False,2.510035259480918
2017-05-12,False,2.4414998103681884
2017-05-15,False,3.4539323192036746
2017-05-16,False,2.356246854808217
2017-05-17,False,1.3263207687258278
2017-05-18,False,3.1447836266009452
2017-05-19,False,3.132515588574584
2017-05-22,False,1.4190434654747008
2017-05-23,False,1.607744837945339
2017-05-24,False,0.9673756540376838
2017-05-25,False,1.9342910011199106
2017-05-26,False,1.5159631408704626
2017-05-30,False,1.6484020935293924
2017-05-31,False,1.253055234779854
2017-06-01,False,0.8144021931480027
2017-06-02,False,-1.6955349421280228
2017-06-05,False,-3.6741390367543683
2017-06-06,False,-5.45827265700071
2017-06-07,False,-2.7672229695630386
2017-06-08,False,-4.068063663723985
2017-06-09,False,-3.2933367768564
2017-06-12,False,-2.581212048323846
2017-06-13,False,-2.0522215664564287
2017-06-14,False,-4.495412398414588
2017-06-15,False,-1.2115528390619008
2017-06-16,False,-0.048096562860161333
2017-06-19,False,0.4660581992513524
2017-06-20,False,1.0796459055788203
2017-06-21,False,2.177289599973356
2017-06-22,False,0.580487001696416
2017-06-23,False,-0.36148650063299287
2017-06-26,False,-3.209152326720262
2017-06-27,False,-4.529123744088228
2017-06-28,False,-4.829074385708141
2017-06-29,False,-7.607635660434131
2017-06-30,False,-6.167772619032802
2017-07-03,False,-2.142901082343749
2017-07-05,False,-0.018940433897325637
2017-07-06,False,-1.805616828284567
2017-07-07,False,3.2829666117565326
2017-07-10,False,2.991335624696525
2017-07-11,False,3.2898770556521475
2017-07-12,False,2.567917435715682
2017-07-13,False,4.11441262700486
2017-07-14,False,3.2578593581872672
2017-07-17,False,2.1450617867919632
2017-07-18,False,1.6810177296613358
2017-07-19,False,1.0041195185515328
2017-07-20,False,1.4012630185518535
2017-07-21,False,1.5359781600599107
2017-07-24,False,2.1238838362300516
2017-07-25,False,1.3905469967743411
2017-07-26,False,1.703348599695549
2017-07-27,False,0.39248026497631416
2017-07-28,False,-2.688232423099033
2017-07-31,False,-3.209151781312779
2017-08-01,False,-2.2244631955341863
2017-08-02,False,0.8171536310805423
2017-08-03,False,2.628753489346315
2017-08-04,False,4.925387344210836
2017-08-07,False,5.236230661887486
2017-08-08,False,1.9970401190249236
2017-08-09,False,0.4918393634259081
2017-08-10,False,-0.03521758653717861
2017-08-11,False,-0.3586072691036653
2017-08-14,False,-0.5749814547549588
2017-08-15,False,1.6165771969999614
2017-08-16,False,0.6774880732763592
2017-08-17,False,-0.4590733830939481
2017-08-18,False,0.3409995965456644
2017-08-21,False,2.5330983697338656
2017-08-22,False,2.675828455269956
2017-08-23,False,2.1606122879694425
2017-08-24,False,3.0671542876119497
2017-08-25,False,3.9191352535879203
2017-08-28,False,2.3473102237197905
2017-08-29,False,2.236310290349962
2017-08-30,False,3.4560267176346393
2017-08-31,False,3.0813313680707837
2017-09-01,False,0.49540914349159926
2017-09-05,False,-0.2805795214272273
2017-09-06,False,-0.24727800855484905
2017-09-07,False,-1.7808657199573272
2017-09-08,False,-2.33469474415552
2017-09-11,False,-4.221052651703949
2017-09-12,False,-3.429889711324499
2017-09-13,False,-2.975406804402932
2017-09-14,False,-4.395104213318555
2017-09-15,False,-4.103259653246152
2017-09-18,False,-0.0703142750568363
2017-09-19,False,-2.300162197863485
2017-09-20,False,-2.95912810994347
2017-09-21,False,-0.9730100655832612
2017-09-22,False,-1.7666799388827086
2017-09-25,False,-2.81793073959707
2017-09-26,False,-1.335958036897838
2017-09-27,False,-1.1107524482207536
2017-09-28,False,-1.1452679605892042
2017-09-29,False,0.7618218835674502
2017-10-02,False,1.9761324062149015
2017-10-03,False,3.4032292547703
2017-10-04,False,3.0795422642445685
2017-10-05,False,3.723092613470814
2017-10-06,False,3.6438089744202644
2017-10-09,False,2.3313267438992056
2017-10-10,False,-0.9841399443615716
2017-10-11,False,-0.8111882022894078
2017-10-12,False,-0.05812059149524623
2017-10-13,False,-1.937403553197059
2017-10-16,False,-1.694908567937545
2017-10-17,False,-0.4720603905790761
2017-10-18,False,-0.44364783134194674
2017-10-19,False,-2.5733807661497816
2017-10-20,False,-1.8978134773260669
2017-10-23,False,-1.3126193351533726
2017-10-24,False,-1.5617814458414803
2017-10-25,False,1.552972027829143
2017-10-26,False,1.9493790288087625
2017-10-27,False,0.5493264381340787
2017-10-30,False,2.3120696469177338
2017-10-31,False,1.5499578249182904
2017-11-01,False,-0.15187261843979272
2017-11-02,False,-0.8872700703132927
2017-11-03,False,0.29727851332968114
2017-11-06,False,-1.0053213174793727
2017-11-07,False,0.8658024809736928
2017-11-08,False,-0.9161452949770749
2017-11-09,False,0.6647217662440263
2017-11-10,False,3.005898164754066
2017-11-13,False,-1.1580693716874584
2017-11-14,False,-0.6058701662352902
2017-11-15,False,0.8869052678259868
2017-11-16,False,-0.4406908688982983
2017-11-17,False,-2.0310822310124594
2017-11-20,False,-0.09512361796879687
2017-11-21,False,-2.9457836806694426
2017-11-22,False,-4.295376228535749
2017-11-24,False,-4.111402888146716
2017-11-27,False,-4.35596064802796
2017-11-28,False,-5.113371300513458
2017-11-29,False,-3.6446458543133677
2017-11-30,False,-4.156748927130971
2017-12-01,False,-3.503001113346898
2017-12-04,False,-3.671347238720249
2017-12-05,False,-2.478338235036715
2017-12-06,False,-0.5307710720132228
2017-12-07,False,0.8553844431551904
2017-12-08,False,1.5261671517154054
2017-12-11,False,2.6591206523488946
2017-12-12,False,3.058884909243015
2017-12-13,False,2.5273416191674154
2017-12-14,False,1.8874383071346625
2017-12-15,False,2.3443205249557746
2017-12-18,False,2.4511006662391006
2017-12-19,False,3.3841351126310815
2017-12-20,False,3.901167002211478
2017-12-21,False,5.469260329673921
2017-12-22,False,4.564983542392991
2017-12-26,False,3.9465083422336447
2017-12-27,False,3.372300848168658
2017-12-28,False,2.1918154746082794
2017-12-29,False,0.023442212287544048
2018-01-02,False,-1.0864214671276395
2018-01-03,False,-1.300241639119455
2018-01-04,False,-1.7311120393805672
2018-01-05,False,-0.7936067729683145
2018-01-08,False,0.339323828848769
2018-01-09,False,0.9929209182768536
2018-01-10,False,-0.41351486680521204
2018-01-11,False,0.4783219901147341
2018-01-12,False,-0.8117720359000848
2018-01-16,False,-1.57168496431296
2018-01-17,False,1.853512119481253
2018-01-18,False,3.821164808645414
2018-01-19,False,2.3693490342365378
2018-01-22,False,2.6288939533214144
2018-01-23,False,0.9330464873380115
2018-01-24,False,-1.276397044599874
2018-01-25,False,-2.4980419009845716
2018-01-26,False,-4.146459055543607
2018-01-29,False,-4.368585249439682
2018-01-30,False,-2.7712517515276294
2018-01-31,False,-5.976043698149372
2018-02-01,False,-4.810695887101677
2018-02-02,False,-3.415807666233976
2018-02-05,False,-0.5484064879968567
2018-02-06,False,-0.24807373685650225
2018-02-07,False,3.9443804373609836
2018-02-08,False,2.7985341883264243
2018-02-09,False,3.5296736074353294
2018-02-12,False,-0.7460750964420522
2018-02-13,False,0.5859104188050577
2018-02-14,False,-1.668844701976668
2018-02-15,False,-1.8104159867952325
2018-02-16,False,-0.920666491555635
2018-02-20,False,-0.48212577533888884
2018-02-21,False,-1.7007254616212848
2018-02-22,False,-2.312557345538531
2018-02-23,False,-0.5111343348606782
2018-02-26,False,-1.2408947440536116
2018-02-27,False,2.232326883346842
2018-02-28,False,0.6350784354506759
2018-03-01,False,1.446281182010452
2018-03-02,False,0.9350929141780275
2018-03-05,False,0.8107656802230647
2018-03-06,False,-0.9376767419034657
2018-03-07,False,0.23711553419200154
2018-03-08,False,-0.5062695213518514
2018-03-09,False,-2.10096814906187
2018-03-12,False,-1.3200797435662996
2018-03-13,False,-2.655889889999113
2018-03-14,False,-0.6702359052736933
2018-03-15,False,-0.15300346343791288
2018-03-16,False,2.0042282683240193
2018-03-19,False,2.2928046594219658
2018-03-20,False,2.2322648670227423
2018-03-21,False,-0.9336129846704391
2018-03-22,False,-0.6451409213135858
2018-03-23,False,0.5850975324665539
2018-03-26,False,-1.7284146984325222
2018-03-27,False,-1.712689041508699
2018-03-28,False,0.707149895100348
2018-03-29,False,0.6696456210708678
2018-04-02,False,-0.7728122393722491
2018-04-03,False,1.3307999518466451
2018-04-04,False,3.2115014636363024
2018-04-05,False,0.7508572150627564
2018-04-06,False,1.7961618687403376
2018-04-09,False,0.9830910628190694
2018-04-10,False,1.2358389842876953
2018-04-11,False,2.902850383465068
2018-04-12,False,4.6287740374926685
2018-04-13,False,3.073515683116464
2018-04-16,False,-0.5476588849280422
2018-04-17,False,-0.5080801473681217
2018-04-18,False,-4.4198599814712605
2018-04-19,False,-4.355474702331756
2018-04-20,False,-4.4176063870491316
2018-04-23,False,-1.5753077972183591
2018-04-24,False,-3.9606760858242938
2018-04-25,False,-1.189870902990469
2018-04-26,False,-0.7671353089588777
2018-04-27,False,0.17052304862639747
2018-04-30,False,0.6172660147583441
2018-05-01,False,2.1526160713738305
2018-05-02,False,1.0198861745769467
2018-05-03,False,1.9248871977398547
2018-05-04,False,1.4618235266646973
2018-05-07,False,0.9520102763565842
2018-05-08,False,-1.190857113975738
2018-05-09,False,-0.9830596210219443
2018-05-10,False,-1.6136704968972884
2018-05-11,False,-1.748231121571487
2018-05-14,False,-0.7146783057336554
2018-05-15,False,1.9204258425996064
2018-05-16,False,0.25125466611306374
2018-05-17,False,1.2593263274248085
2018-05-18,False,0.5719972388255867
2018-05-21,False,-0.8975202005785589
2018-05-22,False,-0.1758228181596721
2018-05-23,False,0.3909661902580276
2018-05-24,False,-1.4117584052113485
2018-05-25,False,-0.6208248076961671
2018-05-29,False,1.1342902399380794
2018-05-30,False,0.9842783813419732
2018-05-31,False,2.1949766148084255
2018-06-01,False,1.8499998573325689
2018-06-04,False,3.1609467978031445
2018-06-05,False,2.147663274169586
2018-06-06,False,1.8515124714354445
2018-06-07,False,2.706678981246523
2018-06-08,False,-1.460235808923087
2018-06-11,False,-2.9596662219256094
2018-06-12,False,-3.2942254027883733
2018-06-13,False,-3.995475090249266
2018-06-14,False,-5.488673735490508
2018-06-15,False,-0.07905195595539483
2018-06-18,False,-0.6356994981956624
2018-06-19,False,-0.3994881068230197
2018-06-20,False,-0.9251306937753131
2018-06-21,False,-2.2011586685512
2018-06-22,False,-2.0588816381630135
2018-06-25,False,-3.5196451644968443
2018-06-26,False,-1.7770035827428872
2018-06-27,False,-0.8150138211924504
2018-06-28,False,0.18789766783773174
2018-06-29,False,-0.31719773926543365
2018-07-02,False,1.6316852941715472
2018-07-03,False,-1.388731529778133
2018-07-05,False,-0.6895260785788914
2018-07-06,False,-1.5258784332408155
2018-07-09,False,-2.0008207932608744
2018-07-10,False,-2.8972880492527295
2018-07-11,False,-1.466330656130131
2018-07-12,False,-3.5729494387959804
2018-07-13,False,-1.594708927606075
2018-07-16,False,-2.360008124527699
2018-07-17,False,-0.5353247644981575
2018-07-18,False,0.1933222198164235
2018-07-19,False,0.6368178850444287
2018-07-20,False,-0.34922043797187535
2018-07-23,False,0.6938415769326255
2018-07-24,False,0.23899311894328962
2018-07-25,False,-0.8988965933212668
2018-07-26,False,-0.7085494694632091
2018-07-27,False,-0.1945382428179986
2018-07-30,False,-1.1896039361141155
2018-07-31,False,-1.187667583969491
2018-08-01,False,-0.11699480554564706
2018-08-02,False,0.5854003870629464
2018-08-03,False,-0.9128932962119845
2018-08-06,False,-2.241785066649595
2018-08-07,False,-1.924789305323512
2018-08-08,False,-6.412243374694168
2018-08-09,False,-4.795713321569369
2018-08-10,False,-4.35112888011975
2018-08-13,False,-2.013039725187961
2018-08-14,False,-1.8404550522121785
2018-08-15,False,2.1540148110858657
2018-08-16,False,-1.1634344395687415
2018-08-17,False,1.1090442251566417
2018-08-20,False,1.2814178005010433
2018-08-21,False,0.10840704144302674
2018-08-22,False,-0.3194777711205986
2018-08-23,False,-0.3447816792289771
2018-08-24,False,-2.3343672639340696
2018-08-27,False,-5.419073556225768
2018-08-28,False,-4.494439378969075
2018-08-29,False,-4.263065470420642
2018-08-30,False,-2.872954307296161
2018-08-31,False,-2.5179241615561896
2018-09-04,False,-0.06402607233830146
2018-09-05,False,0.5227871849127756
2018-09-06,False,0.481961674938325
2018-09-07,False,-0.1778830880763433
2018-09-10,False,0.3049487647572178
2018-09-11,False,0.22746376296716417
2018-09-12,False,-0.02114273179765194
2018-09-13,False,0.5077978613435074
2018-09-14,False,1.603653013600571
2018-09-17,False,0.9093261339383655
2018-09-18,False,2.2049916329545316
2018-09-19,False,0.814212216953809
2018-09-20,False,-0.09853561315569395
2018-09-21,False,2.4506285851569274
2018-09-24,False,1.1927705668392927
2018-09-25,False,1.4616910643007546
2018-09-26,False,1.972722515750525
2018-09-27,False,2.1525682964478796
2018-09-28,False,-0.36996411133893126
2018-10-01,False,-1.1366539739826007
2018-10-02,False,-1.9420713517433494
2018-10-03,False,-2.3228642600322664
2018-10-04,False,0.1721440842704626
2018-10-05,False,-0.03432612107127104
2018-10-08,False,2.7461543308293006
2018-10-09,False,2.07887341083663
2018-10-10,False,2.336570346206347
2018-10-11,False,-0.013759839381343852
2018-10-12,False,0.10294303494635797
2018-10-15,False,-0.9185054803792965
2018-10-16,False,0.6676199837588914
2018-10-17,False,0.1301240012466608
2018-10-18,False,0.219943648239983
2018-10-19,False,0.38337662150444735
2018-10-22,False,-1.003506514035512
2018-10-23,False,-2.231391295039394
2018-10-24,False,-2.649253186950039
2018-10-25,False,1.1196984121757922
2018-10-26,False,0.49076200909584794
2018-10-29,False,1.5665772704619212
2018-10-30,False,0.3811397501178796
2018-10-31,False,2.0795671458730816
2018-11-01,False,-2.356285655211245
2018-11-02,False,-4.193603734409609
2018-11-05,False,-4.409701157006108
2018-11-06,False,-3.562506413671939
2018-11-07,False,-3.309958738505656
2018-11-08,False,-1.041124685051594
2018-11-09,False,1.7919745808642
2018-11-12,False,2.870940217230885
2018-11-13,False,2.0923496921760356
2018-11-14,False,2.9790129272592494
2018-11-15,False,-0.11245167800858838
2018-11-16,False,-1.2263227460420039
2018-11-19,False,-2.2431717355742036
2018-11-20,False,0.39229969162879896
2018-11-21,False,-1.4398731266959213
2018-11-23,False,-0.897056037947473
2018-11-26,False,1.386382378637594
2018-11-27,False,3.2119727934835947
2018-11-28,False,0.6064207813620868
2018-11-29,False,2.0732224178863037
2018-11-30,False,2.688106910436619
2018-12-03,False,0.8171792977724773
2018-12-04,False,1.395088420016371
2018-12-06,False,2.328480096551833
2018-12-07,False,-0.405708083505861
2018-12-10,False,1.1058961754524068
2018-12-11,False,0.5913952292797662
2018-12-12,False,-0.1563239325194218
2018-12-13,False,0.16281237950339858
2018-12-14,False,0.4811711866617018
2018-12-17,False,0.42263371930989535
2018-12-18,False,2.8323206961815854
2018-12-19,False,3.271963010234416
2018-12-20,False,3.8104276968562334
2018-12-21,False,5.665156941902507
2018-12-24,False,5.5630491792697345
2018-12-26,False,4.572601294350013
2018-12-27,True,3.2639024628713385
2018-12-28,True,2.213347069831972
2018-12-31,True,1.24281707452588
2019-01-02,True,0.7116559101842777
2019-01-03,True,-0.9275050138042454
2019-01-04,True,-0.7546725055886386
2019-01-07,True,-0.3836533011752898
2019-01-08,True,-0.5132879071052704
2019-01-09,True,-0.5702020651939186
2019-01-10,True,-0.6059053153179635
2019-01-11,True,-1.5983757886941439
2019-01-14,True,-2.267820276362627
2019-01-15,True,-1.4839992295243882
2019-01-16,True,-2.1168260912307417
2019-01-17,True,1.10590680020535
2019-01-18,True,2.4422085298679894
2019-01-22,True,3.39540058253965
2019-01-23,True,3.6097114940090753
2019-01-24,True,5.017043525028781
2019-01-25,True,1.5292672474271098
2019-01-28,False,0.8115194559531114
2019-01-29,False,0.02533386165025674
2019-01-30,False,-1.4206224160161867
2019-01-31,False,-2.1895639106524136
2019-02-01,False,-0.6760860514948455
2019-02-04,False,-1.1430892749071775
2019-02-05,False,-0.8267145032797845
2019-02-06,False,-0.2046071171619414
2019-02-07,False,-1.1227074761876477
2019-02-08,False,-0.3175021195827982
2019-02-11,False,1.8352620522853489
2019-02-12,False,3.1243685976837545
2019-02-13,False,1.0632012981808647
2019-02-14,False,2.5982102940648275
2019-02-15,False,0.6466374662664213
2019-02-19,False,-0.7553374397964975
2019-02-20,False,-3.0477690534808057
2019-02-21,False,-1.6151537273181298
2019-02-22,False,-4.756827688357791
2019-02-25,False,-5.240805007002689
2019-02-26,False,-5.23346443280456
2019-02-27,False,-4.362547786617505
2019-02-28,False,-3.790866830617961
2019-03-01,False,0.6767256923441555
2019-03-04,False,1.1915104424067502
2019-03-05,False,2.095075192903184
2019-03-06,False,2.4882754801409113
2019-03-07,True,0.9380980582451175
2019-03-08,True,-0.12448848814650831
2019-03-11,True,0.3547090856055843
2019-03-12,True,-0.24152664374569094
2019-03-13,False,-0.8881380262687505
2019-03-14,False,1.7786700149084047
2019-03-15,False,0.6013483449133094
2019-03-18,False,1.6646431726444106
2019-03-19,False,0.45644737995859525
2019-03-20,False,-0.03936205984407925
2019-03-21,False,-2.97780708713074
2019-03-22,False,-1.8747455238639341
2019-03-25,False,-2.984712256823255
2019-03-26,False,-2.323317779516703
2019-03-27,False,-1.1882132217044252
2019-03-28,False,0.8010245064097951
2019-03-29,False,-0.1129468811055473
2019-04-01,False,0.8073144321701191
2019-04-02,False,0.993850179053205
2019-04-03,False,0.9385409097156553
2019-04-04,False,-1.453231684827316
2019-04-05,False,-0.8210181534536218
2019-04-08,False,-1.4940046106629623
2019-04-09,False,-1.8430970324821523
2019-04-10,False,-1.8591644258614968
2019-04-11,False,0.759386154361545
2019-04-12,False,0.2476802995471366
2019-04-15,False,-1.1776334231088081
2019-04-16,False,0.04699701040815005
2019-04-17,False,-0.40292490729892433
2019-04-18,False,0.43421411689023304
2019-04-22,False,-0.7583668937759162
2019-04-23,False,0.8560013019642397
2019-04-24,False,-1.7127948341685122
2019-04-25,False,-2.183686640171649
2019-04-26,False,-0.6352642233711115
2019-04-29,False,0.08754243303597176
2019-04-30,False,-0.2688171163624263
2019-05-01,False,0.9987470169109983
2019-05-02,False,1.1420086392368929
2019-05-03,False,-1.2216246102578645
2019-05-06,False,-0.9739681338045761
2019-05-07,False,-0.7294359197917717
2019-05-08,False,-0.2707824718265415
2019-05-09,False,-1.5624225751729774
2019-05-10,False,-2.6004097655904475
2019-05-13,False,-2.0878438054996176
2019-05-14,False,-2.602720033330831
2019-05-15,False,-2.317873118528572
2019-05-16,False,0.6745590940477121
2019-05-17,False,1.1916511030434649
2019-05-20,False,-0.892304679717312
2019-05-21,False,-0.006960545223855773
2019-05-22,False,0.31862935661319525
2019-05-23,False,-0.3229461858466538
2019-05-24,False,1.252451834255189
2019-05-28,False,3.1092030318249693
2019-05-29,False,2.6232361609721386
2019-05-30,False,2.7825035118851935
2019-05-31,False,3.1434690879736222
2019-06-03,False,-0.6687654768863294
2019-06-04,False,-0.1766426323054574
2019-06-05,False,-0.21712308838420905
2019-06-06,False,0.02017727144333018
2019-06-07,False,-1.4239953592352856
2019-06-10,False,1.4208783849547812
2019-06-11,False,1.8460351448548988
2019-06-12,False,1.5033793387768228
2019-06-13,False,3.942498517482354
2019-06-14,False,3.2676351610913064
2019-06-17,False,3.6714739105733467
2019-06-18,False,2.0548496444707087
2019-06-19,False,2.236432373051544
2019-06-20,False,-1.7213696265190044
2019-06-21,False,-0.13103260784823864
2019-06-24,False,-1.7195415096187023
2019-06-25,False,-0.899990183834941
2019-06-26,False,-0.20304665554027054
2019-06-27,False,-1.9055763747428713
2019-06-28,False,-1.8594423828825348
2019-07-01,False,-0.2518733159010496
2019-07-02,False,-0.04620289409239774
2019-07-03,False,-1.2203684847345972
2019-07-05,False,1.6157805341658826
2019-07-08,False,2.101721925065146
2019-07-09,False,3.4697659511833727
2019-07-10,False,4.807622543631462
2019-07-11,False,6.7553841496363605
2019-07-12,False,6.1148293811255785
2019-07-15,False,6.641708132408694
2019-07-16,False,5.0315269560253055
2019-07-17,False,4.074907744917654
2019-07-18,False,1.3494141867407998
2019-07-19,False,1.2823070379790742
2019-07-22,False,0.1712112303575792
2019-07-23,False,0.5471147289659627
2019-07-24,False,-1.2644555914281237
2019-07-25,False,-1.343214312984309
2019-07-26,False,-0.6329368723778107
2019-07-29,False,-0.1406212907077697
2019-07-30,False,-0.547114728965966
2019-07-31,False,4.8364714491967735
2019-08-01,False,4.724994882557491
2019-08-02,False,4.076770027738991
2019-08-05,False,4.158281009632233
2019-08-06,False,3.303550832535365
2019-08-07,False,0.5638081775397683
2019-08-08,False,1.6838713229853908
2019-08-09,False,1.1708503837884796
2019-08-12,False,-0.7363153064999453
2019-08-13,False,0.9742454575943358
2019-08-14,False,-0.7446672286470145
2019-08-15,False,-1.0174918966756248
2019-08-16,False,1.7338277631310732
2019-08-19,False,4.1119985470716225
2019-08-20,False,5.770014184074576
2019-08-21,False,6.658027773245538
2019-08-22,False,6.557022041124911
2019-08-23,False,4.441421415119833
2019-08-26,False,7.93266378693081
2019-08-27,False,6.674476644763392
2019-08-28,False,1.9048155648460012
2019-08-29,False,-1.1014330452559302
2019-08-30,False,-0.9170342288428172
2019-09-03,False,-5.594131276852464
2019-09-04,False,-7.271657304809956
2019-09-05,False,-3.3520851759722663
2019-09-06,False,-3.005533929179894
2019-09-09,False,-0.6570181570761422
2019-09-10,False,-0.13866723112775925
2019-09-11,False,-1.3174983160971698
2019-09-12,False,-1.4966473640359685
2019-09-13,False,1.7172198354229433
2019-09-16,False,3.8305076016547956
2019-09-17,False,2.742894631002292
2019-09-18,False,0.93408860526938
2019-09-19,False,0.15741767964737619
2019-09-20,False,-1.054137384654635
2019-09-23,False,-9.596628705692014
2019-09-24,False,-7.3663603153725745
2019-09-25,False,-2.0814209826768466
2019-09-26,False,-1.2208455062621983
2019-09-27,False,-0.06838670003396943
2019-09-30,False,3.254544212705137
2019-10-01,False,2.3838741243823196
2019-10-02,False,0.7701147239519873
2019-10-03,False,-0.37031022266649993
2019-10-04,False,-0.44569538687593885
2019-10-07,False,1.008814449697985
2019-10-08,False,-1.7695522876365957
2019-10-09,False,-2.149521476904996
2019-10-10,False,0.09127591028191151
2019-10-11,False,0.22881210488721904
2019-10-14,False,-0.6143461270608115
2019-10-15,False,0.742554610485828
2019-10-16,False,0.9521717347678174
2019-10-17,False,1.1509752831521305
2019-10-18,False,2.030436201888702
2019-10-21,False,1.641148957381788
2019-10-22,False,1.8973508964727548
2019-10-23,False,1.6868979742163466
2019-10-24,False,1.5383606402695562
2019-10-25,False,0.7974370988187828
2019-10-28,False,1.1052300874743324
2019-10-29,False,-1.4453118426810312
2019-10-30,False,-1.453111037688776
2019-10-31,False,-5.970219118952641
2019-11-01,False,-7.022741363248619
2019-11-04,False,-7.203486218488893
2019-11-05,False,-4.908426424041115
2019-11-06,False,-3.831440448752538
2019-11-07,False,0.2530747616661436
2019-11-08,False,0.8897888329635405
2019-11-11,False,1.3216269758831476
2019-11-12,False,2.522339680438513
2019-11-13,False,1.1883171645424706
2019-11-14,False,0.21723725818635062
2019-11-15,False,0.30662235223726825
2019-11-18,False,-0.673444873910967
2019-11-19,False,-0.42773891943515413
2019-11-20,False,-1.1055017892313956
2019-11-21,False,-0.4762017084593796
2019-11-22,False,-0.8811160355707729
2019-11-25,False,1.4943195340111861
2019-11-26,False,-1.3776183270929911
2019-11-27,False,0.17722447608883854
2019-11-29,False,-2.9179885021075735
2019-12-02,False,-1.8221605462690078
2019-12-03,False,-3.137764122293713
2019-12-04,False,-0.31603975638910475
2019-12-05,False,-0.5741876589415176
2019-12-06,True,2.581521104779779
2019-12-09,True,2.9032442385796804
2019-12-10,False,2.275668313745733
2019-12-11,False,1.2404802952553786
2019-12-12,False,1.256549889835813
2019-12-13,False,1.269109850766853
2019-12-16,False,2.2312284023025297
2019-12-17,False,4.486137659526602
2019-12-18,False,5.402065370211758
2019-12-19,False,4.532820140086982
2019-12-20,False,4.453302677463963
2019-12-23,False,2.4127607305035395
2019-12-24,False,1.170125806675581
2019-12-26,False,0.9677050893195687
2019-12-27,False,1.3798649028226224
2019-12-30,False,2.252740075498499
2019-12-31,False,1.4478493258710938
2020-01-02,False,-0.5917451102258592
2020-01-03,False,-0.1938996520397314
2020-01-06,False,-0.9493979291041694
2020-01-07,False,-3.568037295280449
2020-01-08,False,-0.916387572224412
2020-01-09,False,0.08394789574993287
2020-01-10,False,-0.11097186384244817
2020-01-13,False,-0.9810384715349809
2020-01-14,False,0.5473289042584684
2020-01-15,False,-0.8404330850090809
2020-01-16,False,1.013028871187412
2020-01-17,False,-0.07219886524149621
2020-01-21,False,-1.9856654721622882
2020-01-22,False,-1.9317693824932374
2020-01-23,False,1.002101851166746
2020-01-24,False,-0.4718379291781939
2020-01-27,False,-2.0202741917948583
2020-01-28,False,0.7214428633478446
2020-01-29,False,0.7885783052408347
2020-01-30,False,-0.9121246772853926
2020-01-31,False,-1.7229665361864113
2020-02-03,False,0.666706997993181
2020-02-04,False,0.2564035278921286
2020-02-05,False,-0.5193015406477927
2020-02-06,False,-1.068134014941293
2020-02-07,False,0.28264142926216657
2020-02-10,False,2.0787123099435396
2020-02-11,False,4.010016517788671
2020-02-12,False,4.6449759191330156
2020-02-13,False,5.100629477895758
2020-02-14,False,6.305562010851973
2020-02-18,False,0.28639136292920797
2020-02-19,False,-2.580571809335339
2020-02-20,False,-3.620375100848682
2020-02-21,False,-12.241693400906199
2020-02-24,False,-12.331687271278515
2020-02-25,False,-5.971420609653271
2020-02-26,False,-3.6504777617186943
2020-02-27,False,-1.8057741652655668
2020-02-28,False,4.923476251406498
2020-03-02,False,1.9121639218107636
2020-03-03,False,-1.3104319960507391
2020-03-04,False,-2.700955425328883
2020-03-05,False,-8.29829759781747
2020-03-06,False,-17.461347101858944
2020-03-09,False,-28.601683420074732
2020-03-10,False,-30.4423043629027
2020-03-11,False,-35.45679457751596
2020-03-12,False,-27.719077635588512
2020-03-13,False,-15.753448970165154
2020-03-16,False,3.4853707244939733
2020-03-17,False,13.203658899698251
2020-03-18,True,23.45482537229791
2020-03-19,True,19.08000339155044
2020-03-20,True,16.043563259496178
2020-03-23,True,6.222014243369889
2020-03-24,True,-0.924922895154612
2020-03-25,True,-6.33664829983742
2020-03-26,True,-0.3010032750037417
2020-03-27,True,-0.42856410811235607
2020-03-30,True,7.1093810448090915
2020-03-31,True,8.976214391214912
2020-04-01,True,8.404494242489898
2020-04-02,True,9.152866701255263
2020-04-03,True,6.975919471030284
2020-04-06,True,6.165569937215504
2020-04-07,True,0.16197236331583278
2020-04-08,True,2.715805025943805
2020-04-09,True,-4.854945521585536
2020-04-13,True,0.49621280928130385
2020-04-14,False,-8.123601166077593
2020-04-15,False,-1.106632324134259
2020-04-16,False,-1.3975418908164818
2020-04-17,False,0.11150337052490705
2020-04-20,False,-2.3085171384088934
2020-04-21,False,2.294963082750754
2020-04-22,False,-0.7688087201146623
2020-04-23,False,-2.9758184668740224
2020-04-24,False,-2.596684721578385
2020-04-27,False,-3.2018247286897896
2020-04-28,False,-0.6949268028006695
2020-04-29,False,-1.147718043308553
2020-04-30,False,4.360510296530864
2020-05-01,False,5.733033092754687
2020-05-04,False,6.023294550911539
2020-05-05,False,4.098935140113019
2020-05-06,False,4.411806019990228
2020-05-07,False,3.622071794952096
2020-05-08,False,7.971031590249825
2020-05-11,False,11.056573200181571
2020-05-12,False,13.15213352746051
2020-05-13,False,13.918165784267991
2020-05-14,False,7.167474552963251
2020-05-15,False,3.561310069311447
2020-05-18,False,0.5766656683297794
2020-05-19,False,-1.1580283914728573
2020-05-20,False,-0.5961537960033865
2020-05-21,False,6.179472076717896
2020-05-22,False,6.06246281681664
2020-05-26,False,3.589785962687886
2020-05-27,False,1.3199770423751465
2020-05-28,False,0.7182842643818661
2020-05-29,False,-5.55837795657959
2020-06-01,False,-4.9141868013804855
2020-06-02,False,-2.406945098964917
2020-06-03,False,-0.8124002631064874
2020-06-04,False,-0.8636873579274698
2020-06-05,False,0.10886177472566837
2020-06-08,False,-2.7748841097251313
2020-06-09,False,-0.8021293519968442
2020-06-10,False,-0.10693778772414625
2020-06-11,False,-2.1266536210379594
2020-06-12,False,2.0967551885205196
2020-06-15,False,2.8811579285786406
2020-06-16,False,2.348568663392852
2020-06-17,False,-0.5590810602690889
2020-06-18,False,2.2049705829456943
2020-06-19,False,1.0654122645193007
2020-06-22,False,0.5185860197516686
2020-06-23,False,2.6783397993502307
2020-06-24,False,2.6544458639776893
2020-06-25,False,1.9985721930626108
2020-06-26,False,2.633814945912035
2020-06-29,False,3.5405835461502484
2020-06-30,False,2.8708526893991446
2020-07-01,False,4.047563499893765
2020-07-02,False,3.970760094605996
2020-07-06,False,6.308845636812147
2020-07-07,False,4.323265456180762
2020-07-08,False,3.116385450439927
2020-07-09,False,3.2051508581641244
2020-07-10,False,3.6313065906687947
2020-07-13,False,2.083779429619486
2020-07-14,False,10.0014884840045
2020-07-15,False,15.923952652882301
2020-07-16,False,16.28394402707389
2020-07-17,False,14.725447909823576
2020-07-20,False,19.577987881703823
2020-07-21,False,12.116284599431806
2020-07-22,True,5.109178906010051
2020-07-23,True,1.7068598849543573
2020-07-24,True,5.878657394321757
2020-07-27,True,-0.35198515395271895
2020-07-28,True,6.948171212883277
2020-07-29,True,10.108271951861978
2020-07-30,True,19.576262985530306
2020-07-31,True,12.948736930143529
2020-08-03,True,18.16722166367788
2020-08-04,True,0.09606919596688995
2020-08-05,True,-3.4906666033340668
2020-08-06,True,-2.4715471203153356
2020-08-07,True,-5.479188089888496
2020-08-10,True,-5.647288517599523
2020-08-11,True,7.443434456320929
2020-08-12,True,5.107175505976603
2020-08-13,True,-2.087059494658917
2020-08-14,True,2.433229204451774
2020-08-17,True,-3.8912557162209147
2020-08-18,True,-6.613462575481327
2020-08-19,False,0.4201294675644396
2020-08-20,False,-0.41380208230929144
2020-08-21,False,3.325231729419928
2020-08-24,False,6.723116229575557
2020-08-25,False,8.159439331658996
2020-08-26,False,-0.6620472727806643
2020-08-27,False,-1.0233585048113663
2020-08-28,False,-3.8169487139106923
2020-08-31,False,-5.690401153428051
2020-09-01,False,-5.524393458181858
2020-09-02,False,-0.31610862707078713
2020-09-03,False,0.01495945701031308
2020-09-04,False,2.4274024263260663
2020-09-08,False,1.7783178175226861
2020-09-09,False,1.4730504708389573
2020-09-10,False,-0.6574578387833463
2020-09-11,False,1.0750175373008803
2020-09-14,False,-11.38473967274768
2020-09-15,False,-11.226734952120033
2020-09-16,False,-17.279658703242408
2020-09-17,False,-15.466964249663112
2020-09-18,False,-16.064027921376972
2020-09-21,False,-3.22439923815232
2020-09-22,False,-0.25398512871429857
2020-09-23,False,1.8042585640258428
2020-09-24,False,4.545183172646333
2020-09-25,False,4.061171243984297
2020-09-28,False,4.056358381469858
2020-09-29,False,-2.1140614120859618
2020-09-30,False,1.755502907094805
2020-10-01,False,-1.4824377046937633
2020-10-02,False,4.4787238401101055
2020-10-05,False,2.9120422133190846
2020-10-06,False,0.9008301700920547
2020-10-07,False,2.1406307665821656
2020-10-08,False,1.4824377046937576
2020-10-09,False,-2.8320221353032573
2020-10-12,False,-2.2814382885547464
2020-10-13,False,3.4721878127687273
2020-10-14,False,3.3618313669519186
2020-10-15,False,1.932190388556499
2020-10-16,False,1.0531623425191514
2020-10-19,False,-1.146179997746157
2020-10-20,False,-1.661891394900886
2020-10-21,False,-7.724211194999872
2020-10-22,False,-5.525946069078967
2020-10-23,False,-4.187661862625746
2020-10-26,False,-1.5295198433907038
2020-10-27,False,-0.9051638335328093
2020-10-28,False,2.2888212794249427
2020-10-29,False,7.556670828937152
2020-10-30,False,8.242079422049459
2020-11-02,False,-1.34619068870008
2020-11-03,False,0.5784465347286681
2020-11-04,False,1.6086770355401958
2020-11-05,False,-3.562773869715062
2020-11-06,False,-3.519851975748007
2020-11-09,False,4.543703549673593
2020-11-10,False,0.7701636886051149
2020-11-11,False,0.7476869678330125
2020-11-12,False,-1.0636855440113062
2020-11-13,False,-1.6739397625384678
2020-11-16,False,-4.801578163000976
2020-11-17,False,-5.605825917327696
2020-11-18,False,-4.508075170692519
2020-11-19,False,-6.355985279849463
2020-11-20,False,-7.742439573644725
2020-11-23,False,1.7164757571407272
2020-11-24,False,3.098499286475351
2020-11-25,False,3.081832246946715
2020-11-27,False,7.06084833883978
2020-11-30,False,9.343645771778858
2020-12-01,False,2.672733581148501
2020-12-02,False,-0.3962024305188574
2020-12-03,False,-0.23276021907185754
2020-12-04,False,-0.7090297416959997
2020-12-07,False,-3.103309466429035
2020-12-08,False,-0.4181499735113885
2020-12-09,False,4.314275455175236
2020-12-10,False,8.259065969881323
2020-12-11,False,7.674679185229638
2020-12-14,False,9.130342217304136
2020-12-15,False,3.4113100856619907
2020-12-16,False,3.302859981847538
2020-12-17,False,-1.1134539368382368
2020-12-18,False,1.950107379563977
2020-12-21,False,-0.5341869718548301
2020-12-22,False,4.060497088211336
2020-12-23,False,1.948068837716397
2020-12-24,False,5.549967475721123
2020-12-28,False,4.113034060850425
2020-12-29,False,3.1446136975236336
2020-12-30,False,2.652516827059056
2020-12-31,False,-6.877045983269045
2021-01-04,False,-7.791003440037985
2021-01-05,False,-8.264537975695303
2021-01-06,False,-5.537387341693907
2021-01-07,False,-5.4937714853091615
2021-01-08,False,0.9836743076106137
2021-01-11,False,0.1583555042369036
2021-01-12,False,1.3693960770670959
2021-01-13,False,1.1764384838917097
2021-01-14,False,-0.8660093915970424
2021-01-15,False,2.5060943693147477
2021-01-19,False,0.9841049607709564
2021-01-20,False,-1.4009221903249114
2021-01-21,False,0.3363552751622818
2021-01-22,False,5.250707984462923
2021-01-25,False,14.401448485766721
2021-01-26,False,3.294276072945082
2021-01-27,False,5.750429397051282
2021-01-28,False,1.2046457969083502
2021-01-29,False,0.42289754524195317
2021-02-01,False,-6.4198455248177435
2021-02-02,False,3.763921868150571
2021-02-03,False,0.7265718007497091
2021-02-04,False,3.075433419175475
2021-02-05,False,1.1373588782639155
2021-02-08,False,-0.914577421832824
2021-02-09,False,-0.2997652904347997
2021-02-10,False,0.011081086052163423
2021-02-11,False,0.7735736421472896
2021-02-12,False,2.743558091604899
2021-02-16,False,1.3344460278708485
2021-02-17,False,1.9684932799020547
2021-02-18,False,2.0470776544125955
2021-02-19,False,-3.168716154598197
2021-02-22,False,-5.248786770933805
2021-02-23,False,-3.0661064864647964
2021-02-24,False,-5.535038621679333
2021-02-25,False,-8.306856098951885
2021-02-26,False,-4.433643722555095
2021-03-01,False,-5.424652126373844
2021-03-02,False,-2.649310198475699
2021-03-03,False,-0.9721995401780875
2021-03-04,False,2.8221139146968803
2021-03-05,False,2.436709338946978
2021-03-08,False,3.9350249497762837
2021-03-09,False,-0.6676659654355364
2021-03-10,False,-0.2762166884449461
2021-03-11,False,0.6059065846601887
2021-03-12,False,1.5794266232201557
2021-03-15,False,-1.9695256882227161
2021-03-16,False,-3.025204873044767
2021-03-17,False,-3.2366060638981327
2021-03-18,False,-5.06116549090815
2021-03-19,False,-4.6715670905579625
2021-03-22,False,-3.9380762155680475
2021-03-23,False,-4.376118240408848
2021-03-24,False,-2.7516922175636456
2021-03-25,False,-0.3482994702887002
2021-03-26,False,-1.3198409170139451
2021-03-29,False,1.8615808349679452
2021-03-30,False,4.50698113984433
2021-03-31,False,4.201392718571457
2021-04-01,False,1.4966698825517282
2021-04-05,False,0.3627872027198897
2021-04-06,False,0.8098166869128356
2021-04-07,False,1.1113836807543598
2021-04-08,False,1.5022082899620246
2021-04-09,False,3.065791867645425
2021-04-12,False,3.8596801423347897
2021-04-13,False,1.6311892018208671
2021-04-14,False,4.032808941206232
2021-04-15,False,0.8363770815442562
2021-04-16,False,-0.08433481881540421
2021-04-19,False,1.460389005462469
2021-04-20,False,2.2088350872698
2021-04-21,False,-1.838752411228127
2021-04-22,False,-0.4633638082762295
2021-04-23,False,-0.8627013725662861
2021-04-26,False,2.7544365939912203
2021-04-27,False,0.47968553709370704
2021-04-28,False,1.6013176463287677
2021-04-29,False,5.267032162125439
2021-04-30,False,6.0376553841881995
2021-05-03,False,1.9698527115464535
2021-05-04,False,4.126351304295431
2021-05-05,False,2.7135830915309835
2021-05-06,False,-1.533803464864365
2021-05-07,False,-0.39769915140941325
2021-05-10,False,2.802530543367146
2021-05-11,False,2.347750728273625
2021-05-12,False,2.813409967689393
2021-05-13,False,3.6594739945017043
2021-05-14,False,0.437745314399704
2021-05-17,False,-1.3286786125748142
2021-05-18,False,-0.9831263040491068
2021-05-19,False,-0.5549459440837418
2021-05-20,False,-0.47524492646235755
2021-05-21,False,1.875079137014735
2021-05-24,False,0.7003818348092489
2021-05-25,False,0.5300340172289881
2021-05-26,False,-1.4210336509659427
2021-05-27,False,-0.1433776197685614
2021-05-28,False,0.028572419525524275
2021-06-01,False,-1.3190629200496247
2021-06-02,False,-0.715675584951329
2021-06-03,False,2.0009692231223006
2021-06-04,False,0.8998482703649184
2021-06-07,False,0.0821087679140263
2021-06-08,False,-0.12997545766404128
2021-06-09,False,-0.6632680900550662
2021-06-10,False,-8.066159884850109
2021-06-11,False,-8.03923352283637
2021-06-14,False,-7.438802060383392
2021-06-15,False,-6.844082180771147
2021-06-16,False,-6.279422007758906
2021-06-17,False,0.7824172015066794
2021-06-18,False,0.4765594996736829
2021-06-21,False,0.7772942208785456
2021-06-22,False,0.09280808154673269
2021-06-23,False,0.2180901639568333
2021-06-24,False,0.1074397749043692
2021-06-25,False,1.5182079386761065
2021-06-28,False,-0.2444096675735436
2021-06-29,False,0.9157113278707607
2021-06-30,False,-0.7596210150615804
2021-07-01,False,0.5202156720219697
2021-07-02,False,-1.0019509474632675
2021-07-06,False,-0.14922636899125935
2021-07-07,False,0.5195201433036758
2021-07-08,False,1.5590127132140739
2021-07-09,False,-1.6696548830675715
2021-07-12,False,-4.250487450858904
2021-07-13,False,-4.455448042836074
2021-07-14,False,-3.9162777827555515
2021-07-15,False,-3.9046329801107125
2021-07-16,False,-2.1924596447734994
2021-07-19,False,0.6703606040309945
2021-07-20,False,-1.3908963312260036
2021-07-21,False,-1.5251621382567835
2021-07-22,False,1.5607904320511714
2021-07-23,False,1.221784260605426
2021-07-26,False,1.0304469922182329
2021-07-27,False,3.721693376573159
2021-07-28,False,2.3459317829787003
2021-07-29,False,-1.9083258062437893
2021-07-30,False,-4.880581728240235
2021-08-02,False,-9.43910940944884
2021-08-03,False,-8.951067554258241
2021-08-04,False,-8.066506081017657
2021-08-05,False,-8.984588374328844
2021-08-06,False,-2.2629943517154985
2021-08-09,False,2.2324793549790978
2021-08-10,False,1.1525907485967628
2021-08-11,False,-0.2644725875464782
2021-08-12,False,0.4964922188539462
2021-08-13,False,-2.829109888465607
2021-08-16,False,-0.5524082294259359
2021-08-17,False,1.0181360696929918
2021-08-18,False,1.5217607017415784
2021-08-19,False,1.3941987868264996
2021-08-20,False,4.050166383971534
2021-08-23,False,1.3064897193298506
2021-08-24,False,0.2925799247284649
2021-08-25,False,1.6935423432195715
2021-08-26,False,1.3875951800080495
2021-08-27,False,2.875949652445135
2021-08-30,False,1.5488799279314098
2021-08-31,False,0.21679341314919215
2021-09-01,False,-0.18215954569948825
2021-09-02,False,-0.08380665881460736
2021-09-03,False,-4.160133566041821
2021-09-07,False,-2.0425842699859174
2021-09-08,False,-1.0592230347602425
2021-09-09,False,-5.89270852812209
2021-09-10,False,-6.763137827718745
2021-09-13,False,-6.928461261675844
2021-09-14,False,-5.469419184253044
2021-09-15,False,-3.817917983191494
2021-09-16,False,-0.4846491748837634
2021-09-17,False,0.41626813376063887
2021-09-20,False,2.2044600174752342
2021-09-21,False,-0.63551376357017
2021-09-22,False,-6.363813825981973
2021-09-23,False,-2.7810058050279736
2021-09-24,False,0.5434542247581075
2021-09-27,False,-0.1722785973255799
2021-09-28,False,0.6753799054395995
2021-09-29,False,4.763784265063781
2021-09-30,False,2.736829328430429
2021-10-01,False,0.7479758767759822
2021-10-04,False,0.09721755775950601
2021-10-05,False,-0.40379666036042366
2021-10-06,False,2.8169626926295006
2021-10-07,False,3.5761466381744795
2021-10-08,False,2.8214894034177513
2021-10-11,False,2.6285786369278377
2021-10-12,False,5.917202040229006
2021-10-13,False,5.36146563804584
2021-10-14,False,2.91580652701489
2021-10-15,False,4.6116668243116585
2021-10-18,False,5.560359104884357
2021-10-19,False,0.9343562219263166
2021-10-20,False,-0.966829637916424
2021-10-21,False,-0.13673542462588426
2021-10-22,False,-2.0011465081993913
2021-10-25,False,-2.0890690267650114
2021-10-26,False,-2.4630356060045546
2021-10-27,False,-4.062561671007859
2021-10-28,False,-0.8787530856140362
2021-10-29,True,0.8607689044714317
2021-11-01,True,1.9465295634832496
2021-11-02,True,3.401075427302011
2021-11-03,True,6.423979632755667
2021-11-04,True,5.6714464964243625
2021-11-05,True,4.817480011898912
2021-11-08,True,2.2964496535810808
2021-11-09,True,2.5622146679836635
2021-11-10,True,1.60214753321989
2021-11-11,True,-1.593601823723164
2021-11-12,True,-2.250510630274987
2021-11-15,True,-3.2793783337491806
2021-11-16,True,-6.240271351718971
2021-11-17,True,-6.870339902133721
2021-11-18,True,-7.47723088128461
2021-11-19,True,-8.332023793109421
2021-11-22,True,-6.51286803838312
2021-11-23,True,-4.968878375445213
2021-11-24,True,-5.314076035731094
2021-11-26,True,-2.9067758477209162
2021-11-29,False,-2.536388173027755
2021-11-30,False,-1.2286899235021485
2021-12-01,False,0.4072578519328194
2021-12-02,False,-1.3829467240792332
2021-12-03,False,-1.2779003643943174
2021-12-06,False,0.2785404221943632
2021-12-07,False,-2.7044529217059012
2021-12-08,False,-4.018947136221597
2021-12-09,False,2.165332450485503
2021-12-10,False,1.5537515587196318
2021-12-13,False,-0.06732322398245918
2021-12-14,False,2.771141656490837
2021-12-15,False,5.798465717340676
2021-12-16,False,2.097639312003693
2021-12-17,False,2.075438877644646
2021-12-20,False,3.684374107078274
2021-12-21,False,1.5259337369067074
2021-12-22,False,1.0301272350764972
2021-12-23,False,1.7164621626484744
2021-12-27,False,-0.8258875927070928
2021-12-28,False,-0.3163666161557076
2021-12-29,False,1.3131196596392145
2021-12-30,False,-3.7790439796394084
2021-12-31,False,-4.086129225190975
2022-01-03,False,-1.5209496904651933
2022-01-04,False,-1.0121382610572525
2022-01-05,False,0.2157547503515678
2022-01-06,False,4.329034787080571
2022-01-07,False,2.2824088301554055
2022-01-10,False,4.53346692791931
2022-01-11,False,6.040278113617963
2022-01-12,False,6.309619497683901
2022-01-13,False,4.884151265768307
2022-01-14,False,3.7858363841145812
2022-01-18,False,1.7264021278048634
2022-01-19,False,-1.74468079145978
2022-01-20,False,-8.607370248405408
2022-01-21,False,-8.637591964896806
2022-01-24,False,-6.06377376796713
2022-01-25,False,-5.59381479068579
2022-01-26,False,-4.713021365402137
2022-01-27,False,-1.3230539889450572
2022-01-28,False,0.7727234735014941
2022-01-31,False,2.995538555230785
2022-02-01,False,2.6163795871091704
2022-02-02,False,2.7147843430126306
2022-02-03,False,4.986430268047832
2022-02-04,False,3.887834365947674
2022-02-07,False,3.278139730197026
2022-02-08,False,0.6146180223026786
2022-02-09,False,1.1291825375621272
2022-02-10,False,1.4981456840429859
2022-02-11,False,2.639678659054215
2022-02-14,False,1.9354433756345502
2022-02-15,False,5.083260664969265
2022-02-16,False,4.494723779658218
2022-02-17,False,0.5138788043307141
2022-02-18,False,1.5304767826925008
2022-02-22,False,4.90819562250964
2022-02-23,False,2.525367419510536
2022-02-24,False,2.0806069807706074
2022-02-25,False,7.174774631613001
2022-02-28,False,5.401317965979678
2022-03-01,False,5.166919564720125
2022-03-02,False,2.2537247527481172
2022-03-03,False,3.87933464120762
2022-03-04,False,1.2488649410453936
2022-03-07,False,-1.8408191896872095
2022-03-08,False,-6.789637955209854
2022-03-09,False,-4.311850000820313
2022-03-10,False,-2.3868589142195877
2022-03-11,False,-4.109178685979533
2022-03-14,False,0.1504180607067595
2022-03-15,False,-0.9518507522426438
2022-03-16,False,2.006487854452528
2022-03-17,False,1.2275812199394058
2022-03-18,False,2.1323572490293654
2022-03-21,False,-0.4201480378278728
2022-03-22,False,-0.6814430360852306
2022-03-23,False,-0.26654257408729193
2022-03-24,False,-3.053879271126774
2022-03-25,False,-3.794468082989587
2022-03-28,False,-2.3795373467538474
2022-03-29,False,-0.7635473994563176
2022-03-30,False,-2.6152695565945927
2022-03-31,False,-1.556578496043017
2022-04-01,False,0.7157186460679011
2022-04-04,False,1.589965316636593
2022-04-05,False,4.764797939618411
2022-04-06,False,6.203079980556965
2022-04-07,False,3.796345560509954
2022-04-08,False,5.1857186133743545
2022-04-11,False,1.6399346874314054
2022-04-12,False,-1.784535703385984
2022-04-13,False,-5.526574158624549
2022-04-14,False,-5.739659764534241
2022-04-18,False,-9.934279097795555
2022-04-19,False,-7.560875776008376
2022-04-20,False,-7.440634361002266
2022-04-21,False,-6.251252021229668
2022-04-22,False,-5.1473358700871055
2022-04-25,False,-4.865491096182676
2022-04-26,False,-3.990736102049255
2022-04-27,False,-4.784852801512186
2022-04-28,False,-3.202628704748319
2022-04-29,False,-3.152471462733765
2022-05-02,False,-3.4385061167583566
2022-05-03,False,-5.595519663209585
2022-05-04,False,-3.698728674333081
2022-05-05,False,-7.617740411654267
2022-05-06,False,-6.194695400319852
2022-05-09,False,-1.1404410318879634
2022-05-10,False,1.609236066771003
2022-05-11,False,-0.0789095087408544
2022-05-12,False,5.3511803486843394
2022-05-13,False,3.212248967445058
2022-05-16,False,0.8692075986381806
2022-05-17,False,1.4886129649830573
2022-05-18,False,1.5071824610198818
2022-05-19,False,0.19616907629699695
2022-05-20,False,1.7883293008001584
2022-05-23,False,-0.3319987639079418
2022-05-24,False,-0.8146173115694452
2022-05-25,False,1.7863244038550192
2022-05-26,False,-0.23271483122612285
2022-05-27,False,0.06344287756653455
2022-05-31,False,2.31921526429875
2022-06-01,False,0.8644606629975435
2022-06-02,False,-2.0749368459133057
2022-06-03,False,0.10501892355062664
2022-06-06,False,-3.8702560796139194
2022-06-07,False,-5.677354782611236
2022-06-08,False,-3.091602282398631
2022-06-09,False,0.3206291335838447
2022-06-10,False,-1.5637542221073264
2022-06-13,False,2.409977774903082
2022-06-14,False,2.224774751496207
2022-06-15,False,-1.7439327728728595
2022-06-16,False,-3.4947667476697393
2022-06-17,False,-1.9377165022515814
2022-06-21,False,-4.498884725412522
2022-06-22,False,-3.5131377112181394
2022-06-23,False,-3.631129496213431
2022-06-24,False,-7.4654510581934135
2022-06-27,False,-10.489328030270197
2022-06-28,False,-8.590614986431762
2022-06-29,False,-7.7747083889697475
2022-06-30,False,-5.654373214169843
2022-07-01,False,-2.7417437053710056
2022-07-05,False,-0.80630658471737
2022-07-06,False,0.2773274644624183
2022-07-07,False,-5.112261154461083
2022-07-08,False,-3.282805610731052
2022-07-11,False,-1.4581011176587302
2022-07-12,False,-1.2191057854069696
2022-07-13,False,-2.6419756395701177
2022-07-14,False,2.8111230084792913
2022-07-15,False,0.1992769859744269
2022-07-18,False,-2.6804879863907844
2022-07-19,False,-0.9850205681909986
2022-07-20,False,-0.4624682570958546
2022-07-21,False,5.921651858736293
2022-07-22,False,8.11472631440761
2022-07-25,False,10.513089641002205
2022-07-26,False,8.390076162242181
2022-07-27,False,6.832790384058388
2022-07-28,False,1.362548066838247
2022-07-29,False,-1.686093177093849
2022-08-01,False,1.3198537069653051
2022-08-02,False,1.7405495404537903
2022-08-03,False,4.204352977668873
2022-08-04,False,1.123075633173093
2022-08-05,False,4.238088777178693
2022-08-08,False,-1.6698456987502854
2022-08-09,False,-1.9396982649869654
2022-08-10,False,-4.9826029526953155
2022-08-11,False,-4.415663056537686
2022-08-12,False,-8.153498308246288
2022-08-15,False,-7.04718615183252
2022-08-16,False,-5.390671733096948
2022-08-17,False,-4.227951696627243
2022-08-18,False,-1.7480145959476863
2022-08-19,False,-1.682672595331774
2022-08-22,False,-1.699297544593737
2022-08-23,False,-4.590398557914114
2022-08-24,False,-6.183606615880071
2022-08-25,False,-8.51531264485223
2022-08-26,False,-5.2811084061414295
2022-08-29,False,-4.1821787710115155
2022-08-30,False,-0.12123247443731784
2022-08-31,False,3.1477762820008417
2022-09-01,True,6.116409699124662
2022-09-02,True,10.555740084596135
2022-09-06,True,8.583991452737694
2022-09-07,True,7.097221093407822
2022-09-08,False,4.506824977571293
2022-09-09,False,3.362273678747111
2022-09-12,True,-2.4701391453598194
2022-09-13,True,-1.4964433708242577
2022-09-14,True,-0.30863340860286076
2022-09-15,True,1.9265689115599278
2022-09-16,False,-2.3862470791553987
2022-09-19,False,-4.602848404990924
2022-09-20,False,-4.5244437608852675
2022-09-21,False,-3.2195823454377743
2022-09-22,False,-4.912018953933369
2022-09-23,False,0.6296123300363123
2022-09-26,False,10.867453641896445
2022-09-27,False,14.173425688130775
2022-09-28,False,8.575591925029643
2022-09-29,False,10.129548750629747
2022-09-30,False,6.295500985889438
2022-10-03,False,-4.806911006451607
2022-10-04,False,-7.961896992815558
2022-10-05,False,-8.140273868115806
2022-10-06,False,-8.811107802299768
2022-10-07,False,-11.408174807859226
2022-10-10,False,-4.614996161008199
2022-10-11,False,-4.506267521423569
2022-10-12,False,-2.913087197813515
2022-10-13,False,-1.0233509761948572
2022-10-14,False,5.549483119533396
2022-10-17,False,2.6423012891380853
2022-10-18,False,4.052264047618226
2022-10-19,False,6.052191004977844
2022-10-20,False,4.2581949678513045
2022-10-21,False,0.5446470404869085
2022-10-24,False,-0.2558803800918056
2022-10-25,False,1.7123335682869827
2022-10-26,False,0.6141310983985494
2022-10-27,False,-0.21585975033076107
2022-10-28,False,8.23261339867574
2022-10-31,False,8.865711521662638
2022-11-01,False,8.773540733222578
2022-11-02,False,8.308360165571102
2022-11-03,False,10.912473378663085
2022-11-04,False,4.034852973657951
2022-11-07,False,5.5562014286750205
2022-11-08,False,0.10238862847861616
2022-11-09,False,0.9625763503812381
2022-11-10,False,-3.387451498834703
2022-11-11,False,-3.1441756623909507
2022-11-14,False,-5.790947910789602
2022-11-15,False,-2.1866253015665813
2022-11-16,False,-0.6859379636238215
2022-11-17,False,2.218115113787883
2022-11-18,False,-0.3151412876322319
2022-11-21,False,1.6883835325650365
2022-11-22,False,2.4235586187399996
2022-11-23,False,5.82061260768367
2022-11-25,False,7.2586602266567395
2022-11-28,False,5.981970986826396
2022-11-29,False,4.2427889338686535
2022-11-30,False,5.242953465709144
2022-12-01,False,1.8643892574160839
2022-12-02,False,2.134363722902622
2022-12-05,False,4.496673068700683
2022-12-06,False,7.310986683190079
2022-12-07,False,5.299594380689621
2022-12-08,False,0.28144260563667745
2022-12-09,False,-1.6450732431092816
2022-12-12,False,-0.8259684586537128
2022-12-13,False,1.2235219540621214
2022-12-14,False,0.37098353868326367
2022-12-15,False,1.4934599616512445
2022-12-16,False,2.613389198654038
2022-12-19,False,4.296488563859498
2022-12-20,False,-1.8050189838162547
2022-12-21,False,0.1787428759530342
2022-12-22,False,1.630859944452124
2022-12-23,False,1.2337319632125985
2022-12-27,False,-1.0369765728801197
2022-12-28,False,-1.7263517366443377
2022-12-29,False,-1.0688979160569507
2022-12-30,False,-0.6305970381753764
2023-01-03,False,-2.3210899720086173
2023-01-04,False,-1.9737908446050594
2023-01-05,False,2.5680044718425026
2023-01-06,False,1.7023297685540353
2023-01-09,False,0.9736536137573307
2023-01-10,False,0.09779840838276023
2023-01-11,False,1.8139451571418268
2023-01-12,False,-0.1383890749699879
2023-01-13,False,-3.2677077493947255
2023-01-17,False,-1.239694290342304
2023-01-18,False,1.3046692531206974
2023-01-19,False,0.7381989526062595
2023-01-20,False,-1.279657195095614
2023-01-23,False,0.8195930667782242
2023-01-24,False,0.4177444511076171
2023-01-25,False,-1.3429289211158264
2023-01-26,False,-1.6686713773723354
2023-01-27,False,-5.2038551331516985
2023-01-30,False,-6.409597760566063
2023-01-31,False,-7.1151712551118935
2023-02-01,False,-5.030695098925407
2023-02-02,False,-6.300434267215049
2023-02-03,False,-1.352343170342377
2023-02-06,False,-1.6320364307380957
2023-02-07,False,-1.2511891340822165
2023-02-08,False,-3.739652173384239
2023-02-09,False,-1.8867196125480878
2023-02-10,False,-1.5550997051303945
2023-02-13,True,0.2334731640512698
2023-02-14,True,-0.8321302307644496
2023-02-15,True,-1.1530049291185769
2023-02-16,True,-4.1333267187222615
2023-02-17,True,-4.835235848713345
2023-02-21,True,-4.240649583387087
2023-02-22,True,-3.2945245236489757
2023-02-23,True,-2.5343043340440006
2023-02-24,True,1.3699856502520171
2023-02-27,True,1.5076829548859214
2023-02-28,True,-4.4234911637993894
2023-03-01,True,-4.658593056027777
2023-03-02,True,-3.633559598155297
2023-03-03,True,-3.4632592290151947
2023-03-06,True,3.7828576771964912
2023-03-07,True,8.938132300991095
2023-03-08,True,8.473440480955574
2023-03-09,True,7.51561004584691
2023-03-10,True,9.25623961514495
2023-03-13,True,3.339215965129848
2023-03-14,False,1.7852305547894445
2023-03-15,False,4.054635718690553
2023-03-16,False,6.959795441204342
2023-03-17,False,3.9305025013143218
2023-03-20,False,2.2858383886786253
2023-03-21,False,4.3820541576626235
2023-03-22,False,3.0446869154705647
2023-03-23,False,3.2226626544337957
2023-03-24,False,3.5039422266868527
2023-03-27,False,3.775314247085958
2023-03-28,False,7.027256443725355
2023-03-29,False,6.5684870793202785
2023-03-30,False,4.591315463813996
2023-03-31,False,3.1481298255021315
2023-04-03,False,4.850969476906931
2023-04-04,False,1.5151203229360937
2023-04-05,False,3.5843922423765253
2023-04-06,False,1.581829143420449
2023-04-10,False,0.8296759926801409
2023-04-11,False,0.4644748149015083
2023-04-12,False,-0.14969515458968086
2023-04-13,False,-1.9750086287109212
2023-04-14,False,-1.4700040651733435
2023-04-17,False,1.0047951379322435
2023-04-18,False,-1.4803198301363956
2023-04-19,False,-1.9707186215413162
2023-04-20,False,-1.529295281567377
2023-04-21,False,-0.21577146984957715
2023-04-24,False,-1.1805720919056972
2023-04-25,False,2.0962901181129245
2023-04-26,False,2.4034348169663633
2023-04-27,False,4.124619513061995
2023-04-28,False,2.932690063684988
2023-05-01,False,2.4761809942106643
2023-05-02,False,1.1506550567626956
2023-05-03,False,-0.05889388853330523
2023-05-04,False,-7.081903365723649
2023-05-05,False,-7.044228106405131
2023-05-08,False,-6.06660222801525
2023-05-09,False,-7.9378174451624535
2023-05-10,False,-6.9481115525579575
2023-05-11,False,-3.1835078822312886
2023-05-12,False,-0.30055333425358205
2023-05-15,False,-1.7223813098649547
2023-05-16,False,-1.1141526298622644
2023-05-17,False,-2.7185023971469415
2023-05-18,False,-3.064138680270534
2023-05-19,False,-2.884001013688281
2023-05-22,False,-2.5193482365291384
2023-05-23,False,8.500145032286355e-15
2023-05-24,False,3.235013882848001
2023-05-25,False,3.6920791724081763
2023-05-26,False,1.257127876431735
2023-05-30,False,1.9230101162282038
2023-05-31,False,-0.1492198801005996
2023-06-01,False,1.6161881504024513
2023-06-02,False,2.8807461120090574
2023-06-05,False,1.8982459501834397
2023-06-06,False,0.769076743148637
2023-06-07,False,2.548424466759466
2023-06-08,False,-1.5491917595441196
2023-06-09,False,-1.0659031757517752
2023-06-12,False,-3.35781171837431
2023-06-13,False,-4.221561023374325
2023-06-14,False,-6.921866282466342
2023-06-15,False,-6.766039367812551
2023-06-16,False,-5.423567901275541
2023-06-20,False,-1.101206036576279
2023-06-21,False,0.4119012977720421
2023-06-22,False,0.6884730942085091
2023-06-23,False,2.1357556285733743
2023-06-26,False,0.398239526982886
2023-06-27,False,1.1184498821511577
2023-06-28,False,-0.7990524278542972
2023-06-29,False,2.1934616916440075
2023-06-30,False,1.4838923055581648
2023-07-03,False,0.8264173544931941
2023-07-05,False,3.897690844648706
2023-07-06,False,8.780445278004517
2023-07-07,False,7.994946945650231
2023-07-10,False,7.057833323083254
2023-07-11,False,8.3003785720998
2023-07-12,False,4.459778311486901
2023-07-13,False,0.14927748182697353
2023-07-14,False,-1.2713398844488448
2023-07-17,False,-1.6558780662179247
2023-07-18,False,-1.6236966678896736
2023-07-19,False,-1.5746432570665543
2023-07-20,False,-2.320612445489662
2023-07-21,False,-1.336936476792044
2023-07-24,False,1.6961220560203483
2023-07-25,False,-1.9310046792652913
2023-07-26,False,-4.410031551687009
2023-07-27,False,-2.7185799171995733
2023-07-28,False,-3.1386085827700962
2023-07-31,False,-7.136955204166644
2023-08-01,False,-6.3569663373558365
2023-08-02,False,-4.75910900599601
2023-08-03,False,-3.626401592101669
2023-08-04,False,-4.07479320726562
2023-08-07,False,-2.1754280608833065
2023-08-08,False,-0.5384888762308436
2023-08-09,False,-0.7533830424775212
2023-08-10,False,-0.33468506232458023
2023-08-11,False,0.09257382876907956
2023-08-14,False,2.873017990739757
2023-08-15,False,3.586174895323753
2023-08-16,False,8.043961900571201
2023-08-17,False,6.576462573486093
2023-08-18,False,6.5034087312994355
2023-08-21,False,3.929662910574901
2023-08-22,False,5.632545931313452
2023-08-23,False,1.5113161422953598
2023-08-24,False,1.072251821705164
2023-08-25,False,0.04953784333453486
2023-08-28,False,-2.845619592815126
2023-08-29,False,-6.550498177398464
2023-08-30,False,-7.486081534090045
2023-08-31,False,-6.674209862468744
2023-09-01,False,-4.771158124306709
2023-09-05,False,-1.8464688388215449
2023-09-06,False,-1.2750019551258869
2023-09-07,False,-0.8840775856623615
2023-09-08,False,1.0169988741496898
2023-09-11,False,0.5568146783924123
2023-09-12,False,0.2892833946831698
2023-09-13,False,2.8695686034982972
2023-09-14,False,3.0137415134482195
2023-09-15,False,2.011973264066656
2023-09-18,False,-0.37518594874828176
2023-09-19,False,-1.05756653104339
2023-09-20,False,-4.786397319392673
2023-09-21,False,-4.043288238309029
2023-09-22,False,-5.9364634758137464
2023-09-25,False,-8.69288968073571
2023-09-26,False,-8.035508651840276
2023-09-27,False,-7.006756056370597
2023-09-28,False,-7.6923726755767365
2023-09-29,False,-3.1800885604271163
2023-10-02,False,2.434994554725563
2023-10-03,False,2.784551993374032
2023-10-04,False,4.6661056951846795
2023-10-05,False,4.42849216755809
2023-10-06,False,5.3641899204488235
2023-10-09,False,3.9192470283426886
2023-10-10,False,4.871151822850582
2023-10-11,False,4.397044641362694
2023-10-12,False,4.902610420955125
2023-10-13,False,2.7086189126030678
2023-10-16,False,2.0227469642622835
2023-10-17,False,0.5104331106572879
2023-10-18,False,-0.292440067367549
2023-10-19,False,-0.4378799070309492
2023-10-20,False,-2.519590238289705
2023-10-23,False,0.9060729203257398
2023-10-24,False,-0.6067103203162026
2023-10-25,False,-0.842818481064889
2023-10-26,False,-0.15811503737645322
2023-10-27,False,1.875149021965181
2023-10-30,False,-0.5728921824841314
2023-10-31,False,-1.4686373487564783
2023-11-01,False,-0.16765250461974562
2023-11-02,False,0.3510157865360415
2023-11-03,False,-4.342764714254701
2023-11-06,False,-3.7409765474350625
2023-11-07,False,2.5052357830910035
2023-11-08,False,3.633458094054794
2023-11-09,False,4.542444897707552
2023-11-10,False,6.929591784108929
2023-11-13,False,5.581468061875802
2023-11-14,False,3.2567556844739705
2023-11-15,False,0.7931007016308167
2023-11-16,False,-0.9250730688336348
2023-11-17,False,2.1605412775077353
2023-11-20,False,4.531252780185093
2023-11-21,False,4.458121929133121
2023-11-22,False,5.7458753213163405
2023-11-23,False,6.623469616689301
2023-11-24,False,4.697018337908953
2023-11-27,False,-0.4753521332474933
2023-11-28,False,-2.967794632679246
2023-11-29,False,-4.833360630895569
2023-11-30,False,-6.370328546661754
2023-12-01,False,-10.440667722514052
2023-12-04,False,-7.533985672490723
2023-12-05,False,-6.279629070075458
2023-12-06,False,-5.374401933631888
2023-12-07,False,1.522151629594025
2023-12-08,False,3.8389895482563565
2023-12-11,False,4.54115726947164
2023-12-12,False,5.612147500127997
2023-12-13,False,7.273456361465125
2023-12-14,False,0.8718462583498052
2023-12-15,False,1.7442305196375345
2023-12-18,False,1.304863684875619
2023-12-19,False,1.3838869133404492
2023-12-20,False,-0.8786976770500703
2023-12-21,False,-1.8854319609075803
2023-12-22,False,-2.3198304356406507
2023-12-26,False,-5.089227260034255
2023-12-27,False,-5.854216228892973
2023-12-28,False,-4.28371328618987
2023-12-29,False,-3.121194235170112
2024-01-02,False,-3.5554937866470806
2024-01-03,False,-0.2705581725187428
2024-01-04,False,-1.9857422445086839
2024-01-05,False,0.17284990555583196
2024-01-08,False,-0.8121134202901729
2024-01-09,False,-1.7085337674318757
2024-01-10,False,-0.9527896208341635
2024-01-11,False,0.1507426441756733
2024-01-12,False,-4.408879649306184
2024-01-16,False,-2.6466781273711915
2024-01-17,False,1.0558663778912463
2024-01-18,False,0.6201262159599131
2024-01-19,False,0.8119005995679065
2024-01-22,False,4.305207211279949
2024-01-23,False,3.4025452487915384
2024-01-24,False,1.2924313678563868
2024-01-25,False,1.4019063596263157
2024-01-26,False,-0.2375878796543586
2024-01-29,False,-3.5321394896320024
2024-01-30,False,-3.138722276421059
2024-01-31,False,-3.410953932230689
2024-02-01,False,-2.4730383013532755
2024-02-02,False,-0.7650011233758809
2024-02-05,False,1.660639174290634
2024-02-06,False,-1.3351767298365051
2024-02-07,False,0.23761806938316574
2024-02-08,False,1.526076246861754
2024-02-09,False,3.9642291971688324
2024-02-12,False,1.7331057467085706
2024-02-13,False,3.359824566156957
2024-02-14,False,1.9248422338363738
2024-02-15,False,0.24846553136254163
2024-02-16,False,-4.013067824166034
2024-02-20,False,-2.555532186276382
2024-02-21,False,-1.9487591709578498
2024-02-22,False,-0.43582215081859244
2024-02-23,False,0.7849289325341007
2024-02-26,False,5.453222171226543
2024-02-27,False,5.359272853760873
2024-02-28,False,7.9816115198620805
2024-02-29,False,7.248688160666987
2024-03-01,False,5.008526686563412
2024-03-04,False,3.0359948076198484
2024-03-05,False,1.7974908930398517
2024-03-06,False,2.7911067721038028
2024-03-07,False,2.0470201241241934
2024-03-08,False,3.4763993873048835
2024-03-11,False,2.3346442213515397
2024-03-12,False,3.1330136559842203
2024-03-13,False,-0.10422140408829479
2024-03-14,False,-0.10055555735825253
2024-03-15,False,-2.0364743125804043
2024-03-18,False,-1.3885717969914402
2024-03-19,False,-1.945582413536264
2024-03-20,True,-1.2430062824539068
2024-03-21,True,-0.20948339399176308
2024-03-22,True,1.0554867277658309
2024-03-25,True,4.190606946559243
2024-03-26,True,9.581874900648883
2024-03-27,True,9.724644485956691
2024-03-28,True,9.9820285669764
2024-04-01,True,10.483137958107658
2024-04-02,True,7.777453116435519
2024-04-03,True,3.7012957871363397
2024-04-04,True,3.746194095668651
2024-04-05,True,3.0727403907914423
2024-04-08,True,3.332278555285775
2024-04-09,True,1.5193589933240281
2024-04-10,True,1.367525249918131
2024-04-11,True,0.5415458772100343
2024-04-12,True,1.938274256474938
2024-04-15,False,-5.149353788845069
2024-04-16,False,-3.5476106673832914
2024-04-17,False,-3.6720535339647484
2024-04-18,False,-3.5462084737134525
2024-04-19,False,-5.592998318458473
2024-04-22,False,0.5862320372590075
2024-04-23,False,-3.4998494938932874
2024-04-24,False,-3.1035850516536954
2024-04-25,False,-2.815202628803019
2024-04-26,False,-2.9656069781926115
2024-04-29,False,-0.014612948694335548
2024-04-30,False,3.397349655112239
2024-05-01,False,3.2389079450821248
2024-05-02,False,5.66357967396312
2024-05-03,False,6.691091553284558
2024-05-06,False,3.065543837251064
2024-05-07,False,4.238108653881547
2024-05-08,False,7.574608094848736
2024-05-09,False,5.306021321183961
2024-05-10,False,9.352420534885908
2024-05-13,False,13.205537140682894
2024-05-14,False,11.22247181162637
2024-05-15,False,5.859361784130961
2024-05-16,False,2.0651602768515986
2024-05-17,False,-2.336489467460145
2024-05-20,False,-0.729251394828162
2024-05-21,False,1.0457215954425974
2024-05-22,False,0.2967327006969566
2024-05-23,False,0.04291935823363888
2024-05-24,False,1.0201686631816447
2024-05-28,False,-8.084583248424556
2024-05-29,True,-7.259704559025919
2024-05-30,True,-0.45023065489926406
2024-05-31,True,-3.2267415755227837
2024-06-03,True,-2.8871452458444358
2024-06-04,True,-1.211189804521827
2024-06-05,True,0.7584383331867308
2024-06-06,True,-7.497242823417241
2024-06-07,True,0.22814026045296887
2024-06-10,True,-1.5027132802170224
2024-06-11,True,1.2688179688032744
2024-06-12,True,1.968820903432049
2024-06-13,True,1.9910846308514245
2024-06-14,True,0.29546095455771804
2024-06-17,True,-1.6781139445540063
2024-06-18,True,-2.040673301923248
2024-06-20,True,-6.227092192770634
2024-06-21,False,-1.1426767608962056
2024-06-24,False,-0.6429833334410919
2024-06-25,False,1.7735496423794441
2024-06-26,False,5.514624896905254
2024-06-27,False,8.196145654313824
2024-06-28,False,4.615305856869255
2024-07-01,False,4.901767478618297
2024-07-02,False,4.5746946031295375
2024-07-03,False,2.731753516137898
2024-07-05,False,-1.6122673395472236
2024-07-08,False,0.17621428506749995
2024-07-09,False,1.365265100959148
2024-07-10,False,-1.9388099682318205
2024-07-11,False,-4.55860340923964
2024-07-12,False,-5.997730098764303
2024-07-15,False,-5.178761976352309
2024-07-16,False,-6.842059047179988
2024-07-17,False,-3.4465799354961932
2024-07-18,False,-7.5742970056795675
2024-07-19,False,-4.313370517894639
2024-07-22,False,-5.002191676209612
2024-07-23,False,-2.668124259874045
2024-07-24,False,-1.1676622429066232
2024-07-25,False,1.8668830380286365
2024-07-26,False,1.3759874651405295
2024-07-29,False,-2.2892944095547514
2024-07-30,False,-4.576984241582126
2024-07-31,False,-7.009054050550622
2024-08-01,False,-2.9770584735130936
2024-08-02,False,-2.7238717045918315
2024-08-05,False,3.0588081169247503
2024-08-06,False,2.1865740172356665
2024-08-07,False,1.5679627096107893
2024-08-08,False,3.015876535054199
2024-08-09,False,4.589805423447737
2024-08-12,False,4.630181134851618
2024-08-13,False,6.161179191756197
2024-08-14,False,7.837607852036739
2024-08-15,False,2.3157953000904663
2024-08-16,False,3.442725879933639
2024-08-19,False,2.489276997864417
2024-08-20,False,1.6699047734648527
2024-08-21,False,-1.0229893307369473
2024-08-22,False,1.881785256277339
2024-08-23,False,-3.6061750356781106
2024-08-26,False,-6.997741225335878
2024-08-27,False,-6.141164667430153
2024-08-28,False,-1.57527536312795
2024-08-29,False,-6.099680620114664
2024-08-30,False,-1.5432964729243506
2024-09-03,False,1.0888228649622351
2024-09-04,False,1.3961090911979224
2024-09-05,False,3.500009094227653
2024-09-06,False,9.890629200236779
2024-09-09,False,8.402893920534604
2024-09-10,False,8.027950093055466
2024-09-11,False,6.038775573483408
2024-09-12,False,4.442105889694049
2024-09-13,False,1.5418525736610575
2024-09-16,False,-0.012999155259191958
2024-09-17,False,4.757793810402558
2024-09-18,False,4.375366587546918
2024-09-19,False,2.9502025318318617
2024-09-20,False,1.0941922910773234
2024-09-23,False,1.2820874803880364
2024-09-24,False,-2.095867417296811
2024-09-25,False,-0.22107735558378525
2024-09-26,False,0.5107858252558397
2024-09-27,False,1.9137362740671922
2024-09-30,False,1.8471690789745046
2024-10-01,False,-3.5278744788342338
2024-10-02,False,-3.877819861273569
2024-10-03,True,-3.74762989476855
2024-10-04,True,-1.9105593263385006
2024-10-07,True,-2.1074207230543873
2024-10-08,True,3.7883101601262523
2024-10-09,True,4.294302978802237
2024-10-10,True,1.815386879540407
2024-10-11,True,4.685455434123215
2024-10-14,True,8.583907459434604
2024-10-15,True,9.966349654264189
2024-10-16,True,5.750817337557976
2024-10-17,True,6.25510726304515
2024-10-18,True,1.7138533915626117
2024-10-21,True,-0.11520895051348404
2024-10-22,True,-1.6266646838548324
2024-10-23,True,0.8112134716705484
2024-10-24,True,-2.8916664782938986
2024-10-25,True,-3.2083810679111076
2024-10-28,True,-4.072353571802305
2024-10-29,True,-4.824323883460853
2024-10-30,True,-8.273698484966419
2024-10-31,False,-2.7571695873174913
2024-11-01,False,-3.703027371432309
2024-11-04,False,-6.15871714313076
2024-11-05,False,-6.219139459798359
2024-11-06,False,-2.0417803677188333
2024-11-07,False,-4.037611020787611
2024-11-08,False,-3.2013068083823892
2024-11-11,False,2.0194167305800668
2024-11-12,False,1.686792669679368
2024-11-13,False,1.1893658047574434
2024-11-14,False,1.315555395975131
2024-11-15,False,3.0417381345649184
2024-11-18,False,-3.105853198112078
2024-11-19,False,-2.662666836241502
2024-11-20,False,-2.767626567177045
2024-11-21,False,-0.7370560819235212
2024-11-22,False,-2.7852463287663136
2024-11-25,False,2.829501984894728
2024-11-26,False,3.60984270467158
2024-11-27,False,3.3409939082004647
2024-11-29,False,1.6195384147449052
2024-12-02,False,5.6410077884287615
2024-12-03,False,4.054777793567393
2024-12-04,False,3.299973598833657
2024-12-05,False,0.30146541715217606
2024-12-06,False,-1.7173498970204686
2024-12-09,False,-4.829826488240489
2024-12-10,False,-5.689849786037538
2024-12-11,False,-6.8374476072667685
2024-12-12,False,-7.078318614922044
2024-12-13,False,-3.299647204856868
2024-12-16,False,-2.670786796864023
2024-12-17,False,-1.9786894741464407
2024-12-18,False,-1.2008644830543835
2024-12-19,False,1.9098805814065714
2024-12-20,False,-1.8854962143397718
2024-12-23,False,-3.2232338726167113
2024-12-24,False,-1.18130505281255
2024-12-26,False,-0.8053144505429753
2024-12-27,False,2.2902091701365244
2024-12-30,False,4.504311425121843
2024-12-31,False,5.09269227629795
2025-01-02,False,3.870513163195061
2025-01-03,False,4.220866814071956
2025-01-06,False,-0.8306749608641597
2025-01-07,False,-1.0399754722386656
2025-01-08,False,2.807328750768355
2025-01-09,False,2.3495009496270605
2025-01-10,False,-0.45130597880071543
2025-01-13,False,3.9743389283969774
2025-01-14,False,3.6079595522733343
2025-01-15,False,-2.0842150186316557
2025-01-16,False,-1.5988572887927592
2025-01-17,False,-2.2776918131082162
2025-01-21,False,-1.8827776256063442
2025-01-22,False,-0.0031994195132171305
2025-01-23,False,5.3663845170636995
2025-01-24,False,3.499898478793341
2025-01-27,False,6.828302841315842
2025-01-28,False,6.796614087658837
2025-01-29,False,5.0529434385294625
2025-01-30,False,0.4747185123694674
2025-01-31,False,0.6422333808713917
2025-02-03,False,3.7730235602495554e-15
2025-02-04,False,-2.017917334856219
2025-02-05,False,-0.4942612984328292
2025-02-06,False,0.40510724208857685
2025-02-07,False,1.4308756138914296
2025-02-10,False,2.8156391563301457
2025-02-11,False,2.3366727584638376
2025-02-12,False,2.2650253908574807
2025-02-13,False,0.9935174441784316
2025-02-14,False,-0.6913816291730636
2025-02-18,False,-4.657006298810161
2025-02-19,False,-2.2684407601692325
2025-02-20,False,-5.037465104219424
2025-02-21,False,-5.475319747277033
2025-02-24,False,-1.6809696615753031
2025-02-25,False,0.9607518949852446
2025-02-26,False,1.8584287418603191
2025-02-27,False,3.891706952479764
2025-02-28,False,4.1689053722328495
2025-03-03,False,0.7557534193963374
2025-03-04,False,2.400259094691525
2025-03-05,False,1.8872448935950223
2025-03-06,False,2.944453813154537
2025-03-07,False,4.912952973252225
2025-03-10,False,5.424168462515989
2025-03-11,False,5.0138655464969375
2025-03-12,False,1.4557167694086857
2025-03-13,False,-0.7812867476410856
2025-03-14,False,-2.6588383792220873
2025-03-17,False,-2.4028893789600048
2025-03-18,False,-1.6827205802629335
2025-03-19,False,0.1705754807729063
2025-03-20,False,3.2354352538108615
2025-03-21,False,3.986750044968605
2025-03-24,False,3.5206416262563196
2025-03-25,False,0.45775327884368455
2025-03-26,False,1.3599684099534983
2025-03-27,False,-9.155187034986705
2025-03-28,False,-17.383675500969265
2025-03-31,False,-15.498299439732827
2025-04-01,False,-14.349282433260962
2025-04-02,False,-12.902385507177422
2025-04-03,False,-3.753140959000224
2025-04-04,False,8.893287888362064
2025-04-07,False,8.387755170133271
2025-04-08,False,8.53006248853714
2025-04-09,False,8.235608041024747
2025-04-10,False,5.5457892504587285
2025-04-11,False,2.089625165265465
2025-04-14,False,2.425785426097736
2025-04-15,False,3.9278006951420896
2025-04-16,False,1.674535513788976
2025-04-17,False,1.73986646325431
2025-04-21,False,1.5087581053762276
2025-04-22,False,1.194180746455543
2025-04-23,False,-2.9889227940203567
2025-04-24,False,-3.938318082717165
2025-04-25,False,-3.078202073972592
2025-04-28,False,-2.4082759263460476
2025-04-29,False,-0.4880486950911714
2025-04-30,False,-8.673617379884035e-15
2025-05-01,False,0.5854375240275583
2025-05-02,False,2.1248719598822596
2025-05-05,False,0.5666222044784222
2025-05-06,False,-0.7426382189448468
2025-05-07,False,-0.9419792327532842
2025-05-08,False,0.3176143069542127
2025-05-09,False,-1.5979540579129852
2025-05-12,False,-0.23183813630466296
2025-05-13,False,0.3401762253983701
2025-05-14,False,3.7666754095781836
2025-05-15,False,1.727554540813382
2025-05-16,False,3.915135245191449
2025-05-19,False,3.4343017655969312
2025-05-20,False,0.502073968783299
2025-05-21,False,-1.3932826758892396
2025-05-22,False,0.7115967145499049
2025-05-23,False,-1.658322004158335
2025-05-26,False,3.297110258464674
2025-05-27,False,4.012418607681486
2025-05-28,False,4.5002364790015665
2025-05-29,False,6.979571042363853
2025-05-30,False,9.098376909049602
2025-06-02,False,5.966598085179592
2025-06-03,False,5.741604996258905
2025-06-04,False,4.660953483212638
2025-06-05,False,1.4575709969862265
2025-06-06,False,0.7080955234781308
2025-06-09,False,-0.8457989087023505
2025-06-10,False,1.488511663683799
2025-06-11,False,1.9170286613861764
2025-06-12,False,-0.6566107118660693
2025-06-13,False,-0.3534210139604918
2025-06-16,False,-1.8813023960762718
2025-06-17,False,-2.7470154462663534
2025-06-18,False,-0.7624134171747227
2025-06-20,False,0.16940558913340498
2025-06-23,False,-0.8360542644570833
2025-06-24,False,1.0615440747987266
2025-06-25,False,0.9405528198272647
2025-06-26,False,0.539736527544413
2025-06-27,False,2.027215426831642
2025-06-30,False,2.1058651661691634
2025-07-01,False,1.0750699928672791
2025-07-02,False,-0.2061007580671846
2025-07-03,False,0.6881385220393362
2025-07-04,False,5.0400910712050155
2025-07-07,False,4.921274934806429
2025-07-08,False,3.6663313305957885
2025-07-09,False,4.048849214035652
2025-07-10,False,2.7114388688106397
2025-07-11,False,-1.1781801202208135
2025-07-14,False,1.6477298897188748
2025-07-15,False,3.852512795357045
2025-07-16,False,3.695430867439325
2025-07-17,False,2.5041207688789644
2025-07-18,False,-0.1466154374611485
2025-07-21,False,-2.7877924630410993
2025-07-22,True,-3.19390507100575
2025-07-23,True,-4.456512622686669
2025-07-24,True,-6.536410707192497
2025-07-25,True,-3.6826775233597653
2025-07-28,True,-2.217644147672828
2025-07-29,True,-1.0479022118639492
2025-07-30,True,0.5309759894409053
2025-07-31,True,4.2999605766405615
2025-08-01,True,4.335557731290943
2025-08-04,True,1.2557874848976907
2025-08-05,True,0.5609465928717134
2025-08-06,True,1.9223084946043547
2025-08-07,True,-0.4623136783111574
2025-08-08,True,-1.3707250407920355
2025-08-11,True,0.7644264243437761
2025-08-12,True,-1.697743478257302
2025-08-13,False,-2.0839520981504447
2025-08-14,False,0.11841226583530796
2025-08-15,False,2.884570920987132
2025-08-18,False,1.8949200399177433
2025-08-19,False,3.483861961413422
2025-08-20,False,2.5762540391793576
2025-08-21,False,3.0125132196472837
2025-08-22,False,3.0228490607286136
2025-08-25,False,6.005719555609637
2025-08-26,False,7.3919093796987605
2025-08-27,False,5.584365777789476
2025-08-28,False,4.695377269681232
2025-08-29,False,3.0041656752654853
2025-09-02,False,-0.47102748340520134
2025-09-03,False,-0.989425430013419
2025-09-04,False,1.903019171688703
2025-09-05,False,3.146638606445034
2025-09-08,False,2.599528440015524
2025-09-09,False,3.8229525182847377
2025-09-10,False,1.4217865601833413
2025-09-11,False,0.023984788161102003
2025-09-12,False,0.3509023769691234
2025-09-15,False,2.970702543781151
2025-09-16,False,3.972230172327927
2025-09-17,False,4.80800045181318
2025-09-18,False,6.923735588064515
2025-09-19,False,8.308349509270533
2025-09-22,False,6.224702704138608
2025-09-23,False,4.558248347877032
2025-09-24,False,7.719030094960664
2025-09-25,False,2.873504262300547
2025-09-26,False,2.9335481812457336
2025-09-29,False,3.1049893696767867
2025-09-30,False,1.9822605354179512
2025-10-01,False,2.8476218541135556
2025-10-02,False,1.8309579625881873
2025-10-03,False,-1.3942160526294223
2025-10-06,False,4.171175064997474
2025-10-07,False,6.4334455577492955
2025-10-08,False,4.848092372862867
2025-10-09,False,12.377478312031522
2025-10-10,False,6.047169160221625
2025-10-13,False,1.9536585331444396
2025-10-14,False,-5.860681088756775
2025-10-15,False,-7.334772798886329
2025-10-16,False,-8.95331963023122
2025-10-17,False,-3.027479622695066
2025-10-20,False,-9.337147418791048
2025-10-21,False,-0.6872895366570175
2025-10-22,False,0.5463276356796756
2025-10-23,False,-0.11143750999459655
2025-10-24,False,-0.7948479169673707
2025-10-27,False,2.8080197580808317
2025-10-28,False,0.01061178306349976
2025-10-29,False,0.2971175008822449
2025-10-30,False,-1.3178106044823337
2025-10-31,False,0.04790869960317294
2025-11-03,False,4.669175596951246
2025-11-04,False,7.13974812654552
2025-11-05,False,10.819379832431068
2025-11-06,False,10.478710908626852
2025-11-07,False,5.219885203890038
2025-11-10,False,0.8888808150530253
2025-11-11,False,-0.33244829419623434
2025-11-12,False,-4.88370371475719
2025-11-13,False,-5.473631441306925
2025-11-14,False,-1.4274135136038653
2025-11-17,False,-0.6539893246698785
2025-11-18,False,0.9547877913707996
2025-11-19,False,4.10062546818489
2025-11-20,False,11.633353731800328
2025-11-21,False,15.814425280091132
2025-11-24,False,14.224426142881438
2025-11-25,False,12.85493980492696
2025-11-26,False,7.165769298219309
2025-11-28,False,3.440813259383141
2025-12-01,False,-1.0998672743125328
2025-12-02,False,3.7007354605168836
2025-12-03,False,4.156135126882543
2025-12-04,False,11.740965541107332
2025-12-05,False,4.909819672129852
2025-12-08,False,8.555649357545137
2025-12-09,False,4.120421159298088
2025-12-10,False,9.259782267048031
2025-12-11,False,1.0317502608458342
2025-12-12,False,8.558578160224004
2025-12-15,False,7.594250002073527
2025-12-16,False,11.703847007523189
2025-12-17,False,6.98771647254138
2025-12-18,False,16.90171098243274
2025-12-19,False,4.405949586224675
2025-12-22,False,13.052644411171189
2025-12-23,False,-0.499219373685833
2025-12-24,False,-0.6709659261007742
2025-12-26,False,-0.4218789001703388
2025-12-29,False,14.219375009005947
2025-12-30,False,-0.30936527910574096
2025-12-31,False,6.328656889785622
2026-01-02,False,11.157173570308384
2026-01-05,False,11.140802388611652
