date,p_regime_0,p_regime_1,p_regime_2
2010-04-29,0.009212944007467768,0.915174835971267,0.07561222002121495
2010-04-30,0.6526429051702093,0.2380146566999875,0.10934243812975276
2010-05-03,0.07687085790773952,0.8131617124596581,0.10996742963255218
2010-05-04,0.7824425157957478,8.579894609693414e-10,0.2175574833462127
2010-05-05,0.646817598423245,0.12993005978252775,0.22325234179417705
2010-05-06,0.043295791322439756,0.7104201375356385,0.24628407114187162
2010-05-07,1.4305639192676085e-09,0.21394617903147667,0.7860538195379091
2010-05-10,0.1202800092413712,0.0989331209866933,0.7807868697718853
2010-05-11,5.361034798043129e-06,0.1561275747257228,0.8438670642394288
2010-05-12,0.040647868235356606,0.44801432175632827,0.5113378100082647
2010-05-13,0.3964943616944015,0.21441851269233958,0.3890871256132085
2010-05-14,0.18793210480565609,0.49637784786343625,0.3156900473308573
2010-05-17,0.5453911005860282,0.06030219855459901,0.3943067008593224
2010-05-18,0.0006437210561128462,0.6036689720820811,0.39568730686175585
2010-05-19,0.012013719009693263,1.1948860150278354e-07,0.9879861615016547
2010-05-20,0.006937850027885316,0.020973710756276402,0.9720884392157878
2010-05-21,0.023886427132535155,0.11456271781728375,0.8615508550501306
2010-05-24,0.0038701349980724657,0.2980191520500514,0.6981107129518255
2010-05-25,0.2735346881358707,0.07097991930716063,0.6554853925569181
2010-05-26,0.001734480812777823,0.4316945352824448,0.566570983904727
2010-05-27,0.2828706865638207,0.5916972522693236,0.1254320611668052
2010-05-28,0.5700252347750967,0.3425595704217944,0.08741519480305836
2010-06-01,0.17837846434176252,0.7271628137790969,0.09445872187909027
2010-06-02,0.6398347945245958,0.13557713939317728,0.2245880660821768
2010-06-03,0.19912897695664647,0.4966891982466559,0.3041818247966473
2010-06-04,0.419178227900705,0.07409151662866276,0.5067302554705818
2010-06-07,1.11845835730784e-10,0.533502692075249,0.4664973078128545
2010-06-08,0.10254555432328608,0.8200831316446066,0.07737131403205673
2010-06-09,0.9111061062763356,0.0031106433400125517,0.08578325038360124
2010-06-10,0.15284066405511676,0.8217097811446041,0.025449554800228605
2010-06-11,0.7715435048740835,0.2085731766272881,0.01988331849857785
2010-06-14,0.43651667006846867,0.5517115755612141,0.011771754370266814
2010-06-15,0.3100955002935397,0.6817451005504834,0.008159399155926731
2010-06-16,0.9151606008483557,0.05818002216581962,0.02665937698577438
2010-06-17,0.005709088931167733,0.9697372363465075,0.024553674722274436
2010-06-18,0.17961420707297443,0.7827057664051575,0.0376800265218177
2010-06-21,0.9516959218648697,0.0011130901725359217,0.04719098796254415
2010-06-22,0.006723943317724274,0.9796507957149574,0.013625260967268104
2010-06-23,0.9652464883931811,5.043473903976864e-07,0.034753007259378424
2010-06-24,7.495972413160847e-05,0.9758945942572806,0.024030446018537384
2010-06-25,0.11621584138252557,0.7862510015864239,0.09753315703100053
2010-06-28,0.8214753574604343,3.4236145144014546e-05,0.17849040639437186
2010-06-29,0.15863257345720413,0.6614729121834573,0.17989451435928877
2010-06-30,0.013791787961058725,0.38967170697754366,0.5965365050613476
2010-07-01,0.028116749532189355,6.57314303380214e-13,0.9718832504671033
2010-07-02,0.011514467651906037,0.5685853972780489,0.4199001350699947
2010-07-06,0.4511097968962375,0.4163973267559574,0.1324928763477548
2010-07-07,0.29477832992319075,0.686175302443331,0.019046367633428023
2010-07-08,0.8176807915900702,0.16312201270367865,0.019197195706200897
2010-07-09,0.05969263141383378,0.9361616322139932,0.004145736372122743
2010-07-12,0.9263304173263542,0.061401799442789874,0.012267783230805539
2010-07-13,0.022718913017442995,0.973843934371632,0.003437152610874679
2010-07-14,0.8593867874336591,0.12822455852219047,0.012388654044099995
2010-07-15,0.1203885309943552,0.8744272745822604,0.005184194423333963
2010-07-16,0.9705020508482933,5.9207616746822596e-05,0.029438741534909135
2010-07-19,0.7084301549900354,0.2649336191981933,0.026636225811720773
2010-07-20,0.15617917367029918,0.831457792866938,0.01236303346271226
2010-07-21,0.6687912622438767,0.3111319867016911,0.020076751054381604
2010-07-22,0.18049469624771586,0.8129098593463477,0.00659544440588564
2010-07-23,0.8015210419415456,0.1861339338938408,0.012345024164562932
2010-07-26,0.15233508999424078,0.8411188220025699,0.006546088003138599
2010-07-27,0.9655594284679843,0.00022117315321188612,0.03421939837875328
2010-07-28,0.4301632163754259,0.5481417649272508,0.021695018697272778
2010-07-29,0.6060776573783209,0.3714673726420693,0.022454969979559446
2010-07-30,0.03299455078824093,0.9380727635576585,0.02893268565405034
2010-08-02,0.44654797970586896,0.5278546920322452,0.025597328261835285
2010-08-03,0.557120423225999,0.43096818490377914,0.011911391870171359
2010-08-04,0.4426823818956655,0.5510980851719945,0.00621953293228938
2010-08-05,0.5730936609703193,0.42049032272346965,0.006416016306160396
2010-08-06,0.2983970935808319,0.6983970010671523,0.0032059053519653477
2010-08-09,0.8270250867069991,0.1646920899888836,0.008282823304066971
2010-08-10,0.32916945818512355,0.6667890849989008,0.004041456815925527
2010-08-11,0.6548167599124464,0.3362628214017743,0.008920418685729046
2010-08-12,0.07662458349433948,0.9140507899079457,0.009324626597664778
2010-08-13,0.677807794634361,0.30670884768335255,0.015483357682236455
2010-08-16,0.2416115721613354,0.7462684783305445,0.012119949508070155
2010-08-17,0.3966101155442663,0.597103904028105,0.006285980427578605
2010-08-18,0.8340495826899237,0.15475932507531545,0.011191092234710806
2010-08-19,0.1925700001616116,0.8028133059900352,0.004616693848303151
2010-08-20,0.8751755766354498,0.10375206682147331,0.02107235654302677
2010-08-23,0.441158088252841,0.5359845738381281,0.022857337908980695
2010-08-24,0.026682170502283116,0.8549886419029518,0.1183291875947152
2010-08-25,0.0046264932534109526,0.7316860503992803,0.2636874563472589
2010-08-26,0.6520364085322594,0.21699213079086807,0.1309714606768228
2010-08-27,0.2596355923745304,0.7112023350134927,0.029162072611926992
2010-08-30,0.6989562037055804,0.27832428924635355,0.022719507048016046
2010-08-31,0.09832286071443545,0.883856232029255,0.017820907256259587
2010-09-01,0.7551807528982593,0.2210565045660524,0.02376274253563834
2010-09-02,0.272266121272776,0.7075716692692687,0.0201622094579053
2010-09-03,0.41404094666867985,0.5504357275964402,0.03552332573482982
2010-09-07,0.5669801263620697,0.4175550945911461,0.015464779046733993
2010-09-08,0.391420716530269,0.602810299256686,0.005768984212994863
2010-09-09,0.6130846028653633,0.3802932855158297,0.0066221116187570464
2010-09-10,0.45944401831138537,0.5355605614141027,0.004995420274461999
2010-09-13,0.41887106258433665,0.5755144643270057,0.005614473088607534
2010-09-14,0.5556832885966712,0.43753706806271786,0.0067796433405609546
2010-09-15,0.3703791247587607,0.6213447910050304,0.008276084236158963
2010-09-16,0.5339193805367405,0.45780360080307514,0.008277018660134312
2010-09-17,0.4571578821281106,0.5352683498953673,0.007573767976472175
2010-09-20,0.4223666555768221,0.5658541731254919,0.011779171297635914
2010-09-21,0.6641325340725149,0.3016812058677169,0.03418626005971812
2010-09-22,0.10753331107734228,0.8692688963734382,0.023197792549169396
2010-09-23,0.43666442341078915,0.5472466296927913,0.01608894689636936
2010-09-24,0.5024386558831158,0.49072211762465195,0.006839226492181931
2010-09-27,0.4693544560404538,0.5256389630592513,0.005006580900244544
2010-09-28,0.4945412780838475,0.49986388223206146,0.005594839684040657
2010-09-29,0.43058266683223734,0.5643912599806309,0.005026073187081582
2010-09-30,0.6868025506326302,0.3055276441883631,0.00766980517895648
2010-10-01,0.261862243575733,0.7326497364233485,0.005488020000868253
2010-10-04,0.723816634812243,0.2590056595789172,0.017177705608789645
2010-10-05,0.012557276530767195,0.9587676188573764,0.028675104611806314
2010-10-06,0.2964547598795959,0.6921577912674196,0.011387448852934686
2010-10-07,0.9779126786500497,0.0008385539131951704,0.021248767436705222
2010-10-08,7.426379212162131e-05,0.9914767251333989,0.008449011074429746
2010-10-11,0.2566562271974151,0.7300187721818456,0.013325000620689389
2010-10-12,0.9362537121795066,0.03975066075091391,0.023995627069529686
2010-10-13,2.48048211442207e-06,0.9862238332748796,0.013773686242956216
2010-10-14,0.300995990363986,0.6629341347451568,0.03606987489080755
2010-10-15,0.6677782948155243,0.3005642125176592,0.03165749266676681
2010-10-18,0.18132158337246385,0.8065455068114968,0.012132909815989653
2010-10-19,0.9429319973547262,0.02167174004666822,0.03539626259855585
2010-10-20,0.3778281444292772,0.5930043114740527,0.02916754409662035
2010-10-21,0.9377605635255604,0.004814247536979684,0.0574251889374103
2010-10-22,0.23750427864068216,0.7277662303941296,0.03472949096513833
2010-10-25,0.447553259177358,0.49145932438138484,0.06098741644120758
2010-10-26,0.10416030127778327,0.8294994753133479,0.06634022340881925
2010-10-27,0.8762748915123909,0.02670328903611404,0.09702181945144538
2010-10-28,0.07413093872422917,0.8377763795997113,0.08809268167601006
2010-10-29,0.07421479443035282,0.5677622245444304,0.3580229810251675
2010-11-01,0.45637237624040194,0.1980848512331142,0.34554277252643456
2010-11-02,0.05111398930027484,0.5744232862834959,0.37446272441618
2010-11-03,0.1831182743857688,0.01885298154269338,0.7980287440714885
2010-11-04,1.148571736562173e-12,0.10076677159535924,0.8992332284034431
2010-11-05,1.7675791358791582e-05,0.010420351872190134,0.989561972336402
2010-11-08,3.285129598418443e-05,0.001710560838805344,0.9982565878651616
2010-11-09,1.139057871373239e-11,2.769951357556677e-07,0.9999997229934248
2010-11-10,3.8876920167511315e-12,1.8916712012417363e-16,0.9999999999960634
2010-11-11,1.572294031074976e-14,0.051879338946312664,0.9481206610536227
2010-11-12,0.00026614740108354447,9.90886701481501e-09,0.9997338426900005
2010-11-15,4.753924530181125e-06,0.19652352561321645,0.8034717204622046
2010-11-16,0.12601251001419525,0.0037161120934708428,0.8702713778922851
2010-11-17,0.002491953539469015,0.19237403251733326,0.8051340139431491
2010-11-18,0.00013852804711764552,0.00751837588286735,0.9923430960699664
2010-11-19,0.003417713324083025,0.6060524072387226,0.39052987943714573
2010-11-22,0.4524913671222309,0.2668512196287852,0.2806574132489353
2010-11-23,0.17680157492260198,0.6077223427693003,0.21547608230804946
2010-11-24,0.2307299569495305,0.5490648774308877,0.22020516561953346
2010-11-26,0.6271336553886343,0.01934947558316145,0.3535168690281558
2010-11-29,0.001306567284270574,0.6691856774862639,0.3295077552294172
2010-11-30,0.0001807210588223139,0.2644745439606565,0.7353447349804729
2010-12-01,0.15791574804362318,0.6242001748341776,0.21788407712215102
2010-12-02,0.5644844459045447,0.2880767040335312,0.14743885006187588
2010-12-03,0.12451080489446772,0.7348342695213249,0.1406549255841593
2010-12-06,0.45948103991333816,0.30406255830421053,0.23645640178240307
2010-12-07,0.06454281338210094,0.6670710552644029,0.26838613135344813
2010-12-08,0.41978108293601024,1.248230814210317e-08,0.5802189045816335
2010-12-09,5.749698200889567e-06,0.9037223996155908,0.09627185068616022
2010-12-10,0.8633137513163217,0.018379170030597896,0.11830707865303211
2010-12-13,2.7201391563135735e-06,0.9484231909509375,0.05157408890985792
2010-12-14,0.08607023889670827,0.8723118709072085,0.041617890196034985
2010-12-15,0.7749078688355749,0.1686552492968011,0.05643688186757555
2010-12-16,0.7864651682795332,0.15503788830399154,0.058496943416426625
2010-12-17,0.023713634114967453,0.9569354644555085,0.019350901429475334
2010-12-20,0.646821815573315,0.33608851593701633,0.017089668489619986
2010-12-21,0.3772935781171661,0.6157444351704315,0.006961986712353528
2010-12-22,0.5580077645843657,0.43249111389904715,0.00950112151653843
2010-12-23,0.39053282722372734,0.6012332583232786,0.008233914452945395
2010-12-27,0.7123053801583323,0.2668167672735228,0.020877852568096128
2010-12-28,8.506823154074721e-06,0.9448584595745675,0.05513303360222997
2010-12-29,0.3813103482084455,0.596943886366123,0.021745765425382917
2010-12-30,0.8072568896363416,0.16342339865653518,0.029319711707074737
2010-12-31,0.13157800936608047,0.8392586527248759,0.029163337908995217
2011-01-03,0.2935156411996829,0.6245978775413301,0.08188648125893852
2011-01-04,0.824769683710729,1.5793502977586783e-09,0.17523031470987227
2011-01-05,0.20035905719920286,0.7304290509682689,0.06921189183247965
2011-01-06,0.5046179217724959,0.45544898349835633,0.03993309472909938
2011-01-07,0.472653126374215,0.4780256410234069,0.04932123260232967
2011-01-10,0.4679604734329786,0.46131338715361614,0.07072613941335684
2011-01-11,0.07411500990181503,0.7286000638633576,0.19728492623477906
2011-01-12,0.49281429845131647,0.20369310253016717,0.30349259901846815
2011-01-13,0.04894192317918656,0.49796504183662377,0.45309303498414166
2011-01-14,0.14936885219987073,0.014679380613646018,0.8359517671864352
2011-01-18,0.0025483678448053903,0.26088115684248686,0.7365704753126596
2011-01-19,0.06852611860274643,0.12773729127051897,0.8037365901266866
2011-01-20,0.0778458756741138,0.0016714595834858214,0.9204826647423524
2011-01-21,0.04149880032908859,0.43094211020410567,0.527559089466758
2011-01-24,0.24556709029234255,0.5588736063340487,0.19555930337356076
2011-01-25,0.6144635275090777,0.18790670521570477,0.19762976727516973
2011-01-26,0.0983383132495766,0.8050413921096551,0.09662029464072044
2011-01-27,0.7111363617062787,0.1685627893933564,0.12030084890031714
2011-01-28,0.0002187170514129953,0.8311831305025955,0.16859815244594373
2011-01-31,0.6093782553598367,0.3264665760126855,0.06415516862743008
2011-02-01,0.2441011968731503,0.7408792161477106,0.015019586979091611
2011-02-02,0.8425044509606509,0.13243254127940982,0.02506300775989175
2011-02-03,0.001987679319943241,0.9729629470337179,0.025049373646291555
2011-02-04,0.35976342568486863,0.571224225168275,0.06901234914680912
2011-02-07,0.564355912120025,0.35788401106465484,0.07776007681527283
2011-02-08,0.006684669825504491,0.8797222023009986,0.1135931278734496
2011-02-09,0.7723498288392739,0.16817485496970602,0.05947531619097277
2011-02-10,0.20633440134949452,0.7808486563920235,0.012816942258434952
2011-02-11,0.7781925900725905,0.2032241459020478,0.018583264025314593
2011-02-14,0.02793597432997008,0.9500869995938195,0.021977026076163128
2011-02-15,0.4881199385101233,0.4850994930253641,0.026780568464465342
2011-02-16,0.6203711873364902,0.3372554477655522,0.04237336489791031
2011-02-17,0.0048019648957491395,0.8677771932322706,0.12742084187193287
2011-02-18,0.5779513445299647,0.2407833634676349,0.18126529200235303
2011-02-22,0.21738444048792427,0.6568306307730668,0.12578492873896163
2011-02-23,0.4528942736664386,0.4943334723321692,0.05277225400134504
2011-02-24,0.48663578411532893,0.48376288016492364,0.029601335719700146
2011-02-25,0.6365148791076989,0.32593638292371313,0.037548737968540566
2011-02-28,0.010773089321643047,0.9005894633396921,0.08863744733861767
2011-03-01,0.4701053996675996,0.3753524011290989,0.15454219920325435
2011-03-02,0.21752998699985385,0.7341919044135313,0.048278108586567815
2011-03-03,0.8921285080875022,0.04267313289809931,0.06519835901435131
2011-03-04,0.00013190486734982363,0.9537122023963991,0.04615589273620408
2011-03-07,0.20673905785246463,0.7531714191402424,0.04008952300724627
2011-03-08,0.7697493619505821,0.19673728905597573,0.03351334899339568
2011-03-09,0.04271752205066305,0.9486744106445505,0.008608067304739831
2011-03-10,0.9731797022115175,0.00016632755228328618,0.02665397023615245
2011-03-11,1.9096654292784206e-05,0.9833653847074533,0.01661551863820701
2011-03-14,0.7259674697037307,0.14164482791883695,0.1323877023773854
2011-03-15,0.8342631732468968,5.792494166903947e-09,0.16573682096056203
2011-03-16,3.0057329101016326e-05,0.9755969766532929,0.0243729660175592
2011-03-17,0.9465226800505839,0.008827576239981193,0.04464974370938801
2011-03-18,0.00014810813764018464,0.9662303612843548,0.03362153057795806
2011-03-21,0.31730249734569965,0.44291404329594414,0.23978345935830922
2011-03-22,0.2876358231324537,0.5026571334568812,0.2097070434106182
2011-03-23,0.010506409142381053,0.7300655433831005,0.25942804747447146
2011-03-24,0.3662158999924298,0.5618444658549926,0.07193963415253056
2011-03-25,0.5678906713685976,0.3943593008487639,0.03775002778259164
2011-03-28,0.325947720787039,0.6615907399863623,0.012461539226551917
2011-03-29,0.7002926926490987,0.28234595944984575,0.017361347901009024
2011-03-30,0.12908367715064709,0.8558738472415717,0.015042475607734713
2011-03-31,0.43204917483346755,0.5565990119531731,0.011351813213312682
2011-04-01,0.7706256823347815,0.21216881478357735,0.01720550288159463
2011-04-04,0.0013596023689703897,0.9814075960771408,0.01723280155384261
2011-04-05,0.658468960629595,0.28501721440698846,0.056513824963370145
2011-04-06,0.2927843036777948,0.6781124467104176,0.02910324961174153
2011-04-07,0.5540717090177201,0.4017370677851338,0.04419122319709995
2011-04-08,0.011058913723791608,0.9215773294361742,0.06736375683998809
2011-04-11,0.319251894265311,0.5900096454397991,0.09073846029484367
2011-04-12,0.8473364633701803,0.029263067786150333,0.12340046884362307
2011-04-13,0.13059660801856465,0.7486208775364096,0.1207825144449797
2011-04-14,0.001317329283644061,0.4317304737747327,0.5669521969415772
2011-04-15,0.09632287595162428,0.2857043563328935,0.6179727677154361
2011-04-18,0.058831338856644655,0.4387310476176838,0.5024376135256254
2011-04-19,0.15516799615131247,0.3476740589262126,0.497157944922429
2011-04-20,0.17833933482985206,0.29666692934024064,0.5249937358298612
2011-04-21,0.0016442772589420277,0.2295606465597117,0.7687950761813005
2011-04-25,0.005423522777900398,0.12901827262778037,0.8655582045942735
2011-04-26,0.07721548977943596,7.988832083578044e-11,0.92278451014063
2011-04-27,1.2516641245464461e-05,0.18282506694216838,0.8171624164165405
2011-04-28,0.0034922170808520587,0.03057172751556013,0.9659360554035421
2011-04-29,0.0010686448896265579,0.025211736337617894,0.97371961877271
2011-05-02,0.00011725216565969014,6.03871228771793e-12,0.9998827478282563
2011-05-03,1.7897264364599215e-15,2.2961554068407267e-13,0.9999999999997232
2011-05-04,7.309113012009121e-24,3.994589450904243e-13,0.9999999999995552
2011-05-05,6.929211444232521e-20,4.718402807455876e-11,0.9999999999527707
2011-05-06,4.068547510927512e-12,0.015713855146281295,0.9842861448496047
2011-05-09,8.225299041665335e-08,1.0154524786671805e-05,0.9999897632221777
2011-05-10,3.327636298593155e-08,0.00025377507085888856,0.9997461916527326
2011-05-11,8.73720001505305e-11,3.318285910699664e-14,0.9999999999125492
2011-05-12,1.371707083428642e-10,0.020226352901897927,0.9797736469608858
2011-05-13,0.0028605025225734502,0.07028488556165516,0.9268546119157256
2011-05-16,0.00645562407226766,0.0058242948016200054,0.9877200811260667
2011-05-17,0.0006335663816166178,0.026093783702127962,0.9732726499162095
2011-05-18,1.926155901480948e-06,0.004223089852988581,0.9957749839910642
2011-05-19,0.003595497050880916,0.2622081099842813,0.734196392964792
2011-05-20,0.18058754595586418,0.19987737953536577,0.6195350745087242
2011-05-23,0.07099294334091114,0.3033669398944644,0.6256401167645785
2011-05-24,0.0009366889263930339,0.08727734479646954,0.9117859662770914
2011-05-25,0.0002494483502624877,0.024268195238567353,0.9754823564111242
2011-05-26,0.02304495923146838,0.09303858900761099,0.8839164517608747
2011-05-27,0.06684850786091515,0.25692784828167475,0.6762236438573643
2011-05-31,0.1037873346416429,0.22291242261274552,0.6733002427455659
2011-06-01,0.05923011104001672,0.1011240182079871,0.8396458707519507
2011-06-02,0.030275974906577477,0.00265225054886533,0.9670717745445117
2011-06-03,0.02103750364539537,0.21513566812176038,0.7638268282327986
2011-06-06,0.08325261372090104,0.44159299983032374,0.47515438644872965
2011-06-07,0.2462989525231291,0.516326794112342,0.2373742533644833
2011-06-08,0.5865780955511779,0.14370840584726413,0.2697134986015124
2011-06-09,5.152479207532054e-05,0.6761357886891728,0.32381268651870654
2011-06-10,0.12095900632043627,0.0004093907700576011,0.8786316029094607
2011-06-13,0.0023727068415059427,0.002125567374907792,0.9955017257835409
2011-06-14,9.451858989438967e-05,0.5481119139147179,0.4517935674953423
2011-06-15,0.11059095321532775,0.7682411398064726,0.12116790697815417
2011-06-16,0.5178512848428626,0.4440404474992823,0.03810826765780961
2011-06-17,0.45108542473225094,0.5300122741440935,0.01890230112361012
2011-06-20,0.4077397255533429,0.5657132801014119,0.026546994345199693
2011-06-21,0.5613495127434025,0.3798081193319472,0.0588423679246049
2011-06-22,0.051560429043902616,0.7312860069564212,0.21715356399963093
2011-06-23,0.30698880410760154,1.977347047966561e-07,0.6930109981576487
2011-06-24,0.04517573154746676,0.26987270037298056,0.6849515680795077
2011-06-27,0.08306361495752404,0.01768491462838132,0.8992514704140495
2011-06-28,0.04525510528354784,0.14251375201789623,0.8122311426985107
2011-06-29,0.0016242501120805294,0.18028377088393566,0.8180919790039387
2011-06-30,0.06951088891591387,0.15510910323838947,0.7753800078456516
2011-07-01,0.15383465957308623,0.00024274036631935435,0.8459226000605495
2011-07-05,6.113380528120777e-13,0.23513145515233735,0.7648685448470066
2011-07-06,0.033539241851387,0.4751269580836547,0.49133380006491356
2011-07-07,0.3316131319034825,0.2225374131459677,0.44584945495050504
2011-07-08,0.08026285715750685,0.5244742207694869,0.3952629220729615
2011-07-11,0.4917233359718732,0.014842075777582796,0.49343458825049913
2011-07-12,0.022883955459755672,0.4676250083819729,0.5094910361582266
2011-07-13,2.765952036005609e-11,0.003984164156537756,0.9960158358157578
2011-07-14,0.0006045426616507069,0.23445003105013934,0.764945426288165
2011-07-15,0.08606400952327356,0.14728499068186093,0.7666509997948205
2011-07-18,0.0034252405046707544,0.09965673550490405,0.8969180239903802
2011-07-19,0.06955362732491219,0.13871667465593224,0.7917296980191108
2011-07-20,0.11718567031423083,0.07467971137901691,0.8081346183067074
2011-07-21,0.05336028800547683,0.18751185274412868,0.7591278592503496
2011-07-22,0.00019128432647935135,0.6450738463189332,0.3547348693545426
2011-07-25,0.39133505548395736,0.535683679659861,0.072981264856137
2011-07-26,0.5730400890981336,0.39267853522127005,0.034281375680551444
2011-07-27,0.21595510934456377,0.7658766606132485,0.018168230042142998
2011-07-28,0.8082039588689205,0.1411621632508181,0.050633877880216706
2011-07-29,0.11202873449910049,0.8541144951253914,0.033856770375463335
2011-08-01,0.8670910978285435,0.018685802940395277,0.11422309923101626
2011-08-02,7.65274808236825e-05,0.8757673998996374,0.1241560726194939
2011-08-03,0.0007595732472307383,0.02513855077725938,0.9741018759754645
2011-08-04,0.00682400004779218,2.078694454502576e-10,0.993175999744293
2011-08-05,0.004977986362744674,0.0014619732350387145,0.9935600404021712
2011-08-08,1.5123042987261263e-12,0.9289278894989154,0.07107211049952668
2011-08-09,0.8718172031800373,6.470856194591377e-10,0.12818279617283151
2011-08-10,1.2383067634206514e-10,0.9934540593106327,0.006545940565491312
2011-08-11,0.9836878009163312,0.00040592125384787133,0.015906277829775523
2011-08-12,0.02797415920133753,0.9675752359126236,0.004450604885993762
2011-08-15,0.8107904541148713,0.1733222580260383,0.01588728785904518
2011-08-16,0.17091601306451976,0.8067272619506353,0.022356724984799986
2011-08-17,0.6787610569387031,0.244356445651467,0.07688249740978496
2011-08-18,0.001783193817625413,0.8300554962494373,0.16816130993289274
2011-08-19,8.338739013805067e-05,0.021968781385056462,0.9779478312247611
2011-08-22,0.00029790388805037144,0.03005820860946997,0.9696438875024355
2011-08-23,0.0011162910526644712,0.0004114524311219265,0.9984722565161696
2011-08-24,1.2044948875774821e-08,2.9693974425221585e-15,0.9999999879550042
2011-08-25,8.926505324331235e-17,0.4954845186330484,0.5045154813669076
2011-08-26,0.35070709888760027,0.4656046726660814,0.18368822844627444
2011-08-29,0.4980232120808206,0.3520829025289496,0.1498938853901859
2011-08-30,0.11155848177401306,0.7608195277043663,0.12762199052157652
2011-08-31,0.45614039473904133,0.47442568511568006,0.06943392014523456
2011-09-01,0.595628056445788,0.3277761805779715,0.07659576297619652
2011-09-02,2.9436730669648315e-05,0.8471652192946704,0.15280534397461584
2011-09-06,0.8163050342609411,0.009264357489105753,0.1744306082499089
2011-09-07,0.44555298304918045,0.3989528338011259,0.15549418314964936
2011-09-08,5.1585937356471695e-06,0.8040472653486486,0.19594757605757163
2011-09-09,0.48427335836772895,0.03689792028839742,0.4788287213438293
2011-09-12,0.4581275656611784,0.008910337111223514,0.5329620972275538
2011-09-13,9.771017820706839e-05,0.5656341166129826,0.43426817320876593
2011-09-14,0.315480173151516,0.0035181941625175737,0.6810016326859218
2011-09-15,0.16315229922908098,0.10058823484555329,0.7362594659253213
2011-09-16,2.357562440735965e-07,0.5177763716947175,0.48222339254899393
2011-09-19,0.4735603502777149,3.2804849119239184e-07,0.5264393216737494
2011-09-20,0.0006349400481840747,0.558939792878171,0.4404252670736005
2011-09-21,0.012730980647091576,0.3215904493224494,0.6656785700304145
2011-09-22,4.4651493456111886e-11,3.208625740999497e-23,0.9999999999553042
2011-09-23,1.2755172891861199e-81,7.066727821469645e-74,0.9999999999999558
2011-09-26,1.3670816411737427e-11,0.06466357608579586,0.9353364239004892
2011-09-27,2.7601275804278893e-05,4.177662812605143e-05,0.9999306220960257
2011-09-28,9.118882935244503e-06,4.377876753667347e-05,0.9999471023494839
2011-09-29,2.773048923798585e-05,0.14497970460569984,0.854992564905018
2011-09-30,0.04765275118133058,0.1094238669499234,0.8429233818687017
2011-10-03,0.0001865646776465902,0.05040650316668139,0.9494069321556275
2011-10-04,0.008589805627395287,0.0012124936363772845,0.9901977007361829
2011-10-05,0.00026776241078634136,0.07228095668532666,0.9274512809038425
2011-10-06,7.4621334506503274e-06,0.00057493638840518,0.9994176014780998
2011-10-07,0.0005398789556599483,0.0008590263338124725,0.9986010947104833
2011-10-10,0.00037381257935160077,0.42513299871646393,0.5744931887041402
2011-10-11,0.32519789729307974,0.19133583468364795,0.48346626802322823
2011-10-12,0.04315500826416276,0.45842338909082486,0.4984216026449682
2011-10-13,0.3700039187284083,0.0009495197918819909,0.6290465614796654
2011-10-14,0.02785924709442285,0.7154966075940283,0.25664414531150453
2011-10-17,0.5688124735638119,0.20824540915681014,0.2229421172793335
2011-10-18,0.20809793850943512,0.556015744718367,0.23588631677215346
2011-10-19,0.1126739102070774,0.28805781310732576,0.5992682766855526
2011-10-20,0.16142774351339495,0.007934503496932742,0.8306377529896278
2011-10-21,8.895461269072995e-05,0.3120641810314979,0.6878468643557667
2011-10-24,0.03527411630893229,0.16970263511387054,0.7950232485771527
2011-10-25,5.038032045330643e-06,0.02001411781874548,0.9799808441491643
2011-10-26,0.004680516674769827,0.11021701218576016,0.8851024711394252
2011-10-27,0.0005842437207367461,0.029364478613573088,0.9700512776656454
2011-10-28,0.007143885919948835,0.3134983899626066,0.6793577241173999
2011-10-31,0.22869981478465026,0.03580332487940214,0.7354968603359029
2011-11-01,0.23867261318720892,0.0005832232579604966,0.760744163554786
2011-11-02,2.6780976401973667e-07,0.719417012419669,0.2805827197705224
2011-11-03,0.15958904271636867,0.795978724266954,0.0444322330166327
2011-11-04,0.8977863324561115,0.05393345821973664,0.04828020932410741
2011-11-07,0.007975859112303679,0.9737768837481895,0.018247257139462743
2011-11-08,0.5588320068541224,0.42995491102282146,0.011213082123011893
2011-11-09,0.5947123851135183,0.3943627516358925,0.010924863250545015
2011-11-10,0.8515498023218017,0.1327915282867685,0.015658669391385625
2011-11-11,0.057168269635159,0.9323601180733431,0.01047161229145363
2011-11-14,0.9356793229194315,0.008361358559692434,0.055959318520831615
2011-11-15,0.0003916075783135006,0.9415948724606579,0.05801351996098411
2011-11-16,0.1693113706071287,0.013547360829758973,0.8171412685630678
2011-11-17,0.00018361621581726683,5.145750506927214e-13,0.9998163837836238
2011-11-18,2.4861136024025834e-11,0.9072789024907826,0.09272109748431182
2011-11-21,0.8806393439876585,9.680385662279492e-09,0.1193606463319114
2011-11-22,4.325090599751409e-15,0.9464896216474639,0.05351037835248735
2011-11-23,0.9237143090787125,5.053452124447101e-06,0.07628063746911845
2011-11-25,0.833641688201706,0.08858543389256253,0.07777287790568685
2011-11-28,8.424104345745329e-07,0.9922835324694331,0.007715625120087679
2011-11-29,0.978770016811223,0.0019434744206518599,0.019286508768080468
2011-11-30,0.0011856182277993946,0.9945407800351787,0.004273601736977299
2011-12-01,0.8483053229033596,0.13439341469521524,0.017301262401380493
2011-12-02,0.16007580290231968,0.8340810209269478,0.005843176170687796
2011-12-05,0.9125731890995813,0.07206248085674921,0.015364330043624561
2011-12-06,0.05425005929692891,0.939090984647089,0.006658956055937543
2011-12-07,0.669932184480799,0.30260969378505165,0.027458121734104717
2011-12-08,0.9572589929950516,0.0004494879097288966,0.042291519095174986
2011-12-09,6.896638157176246e-05,0.9904365541614757,0.009494479456907913
2011-12-12,0.9456408313754204,6.564295002107897e-07,0.054358512195034465
2011-12-13,0.00010963141338115101,0.9475419855192448,0.05234838306732907
2011-12-14,4.5582987402209914e-05,1.426019997677629e-16,0.9999544170125523
2011-12-15,3.6419947758263076e-06,0.5390220350729431,0.4609743229322359
2011-12-16,0.12877604431412729,0.7357413552268766,0.13548260045895108
2011-12-19,0.8408488593345969,0.00041818405380665536,0.1587329566115514
2011-12-20,0.0013996442949560058,0.9490456254008524,0.049554730304146456
2011-12-21,0.833111609311323,0.08864119167777498,0.07824719901085674
2011-12-22,0.4462413812914018,0.47125411499179537,0.08250450371675755
2011-12-23,0.1999621148642728,0.5910062737174877,0.2090316114181942
2011-12-27,0.10385898683514044,0.20909563381795823,0.6870453793468557
2011-12-28,0.024922781229443754,4.897058003714846e-06,0.9750723217125068
2011-12-29,0.005964764854956661,0.10424630529634688,0.8897889298486508
2011-12-30,0.005147333233897182,0.1244401160215335,0.8704125507445237
2012-01-03,5.147735836463865e-08,0.03676627860760152,0.9632336699149947
2012-01-04,0.035884308677672616,0.00466929785201149,0.9594463934702706
2012-01-05,0.00011264176920284392,0.855030241165556,0.144857117065196
2012-01-06,0.8294844693989238,0.005536342730920588,0.16497918787011046
2012-01-09,0.3439209331955073,0.5220020370893174,0.13407702971513033
2012-01-10,0.0002059372296963453,0.8503254037858822,0.1494686589843764
2012-01-11,0.2927333427376535,0.6137709084869691,0.09349574877533211
2012-01-12,0.29063254971943564,0.6876183769613784,0.021749073319140954
2012-01-13,0.9584916282391032,0.008568949638986705,0.032939422121865215
2012-01-17,0.008183597722844084,0.9753575911685904,0.016458811108520533
2012-01-18,0.3425674809521566,0.6164442462973272,0.0409882727504713
2012-01-19,0.7055429212927506,0.22153960019980357,0.07291747850740088
2012-01-20,0.00010857090627643682,0.8486052083613158,0.15128622073236286
2012-01-23,0.1276831344833094,0.8180524923420966,0.05426437317454885
2012-01-24,0.8693890415201544,0.059577827915077444,0.07103313056472321
2012-01-25,0.00022793025232191517,0.9389394034753354,0.06083266627229757
2012-01-26,0.1440086576213648,0.8291543407028626,0.026837001675727123
2012-01-27,0.7731001995649383,0.20852610434204338,0.018373696092973107
2012-01-30,0.33632271393594526,0.6564099454386444,0.00726734062536521
2012-01-31,0.6912161184865027,0.29694297556165405,0.011840905951798156
2012-02-01,0.24931884223596892,0.7381469452709648,0.012534212493021332
2012-02-02,0.36785324310290524,0.620943560648044,0.011203196249005874
2012-02-03,0.7003969318274542,0.28702694205478607,0.01257612611771508
2012-02-06,0.4698523885379937,0.5220909745198189,0.008056636942142712
2012-02-07,0.26208037894490105,0.7326176569521158,0.0053019641029385675
2012-02-08,0.8837126432374294,0.10376861566236291,0.012518741100163202
2012-02-09,0.1559920195478169,0.8404576452974588,0.0035503351546798518
2012-02-10,0.7432269360313716,0.24917927528066827,0.007593788687915834
2012-02-13,0.2956190012052722,0.7010062759865693,0.0033747228081139977
2012-02-14,0.672510164442645,0.3203438794530286,0.007145956104281724
2012-02-15,0.3875670149639117,0.6065299061323338,0.005903078903709828
2012-02-16,0.43857876214664193,0.551167876915322,0.01025336093799154
2012-02-17,0.6768173754701098,0.2965179509955147,0.02666467353433105
2012-02-21,0.00014096936825514384,0.9130138285879207,0.0868452020437797
2012-02-22,0.8012451495922449,0.06820644301677388,0.1305484073909367
2012-02-23,6.30244905803876e-05,0.8711947078201729,0.12874226768920244
2012-02-24,0.7842681675745534,0.02264165324838567,0.19309017917701676
2012-02-27,0.0189944431460467,0.7810683933571486,0.1999371634967605
2012-02-28,1.1311887428912323e-06,0.03028997809081622,0.9697088907203965
2012-02-29,0.003682832718851091,2.2860815263565116e-16,0.9963171672811044
2012-03-01,6.25281143472819e-11,0.8552907302554053,0.1447092696820223
2012-03-02,0.8283035297130288,1.4603416947692588e-05,0.17168186686997935
2012-03-05,0.2587380934345034,0.5960853723299441,0.14517653423550841
2012-03-06,0.8439068282280783,0.0032541063739031147,0.15283906539797443
2012-03-07,5.223616574914103e-06,0.97688901503581,0.02310576134757087
2012-03-08,0.8410849172320484,0.12995314044178882,0.02896194232611833
2012-03-09,0.014215886040953769,0.9731246608731683,0.01265945308583352
2012-03-12,0.9706024745499615,9.179330364912058e-05,0.029305732146344902
2012-03-13,0.01246372889856253,0.9758868697805778,0.011649401320815081
2012-03-14,0.9364585125256509,6.790371470606588e-06,0.06353469710283399
2012-03-15,0.0017898179554086378,0.9899003484358901,0.008309833608656607
2012-03-16,0.9349944911787096,0.05001440853821004,0.014991100283035887
2012-03-19,0.03513827405735206,0.9611207585271999,0.0037409674154034603
2012-03-20,0.9762264251474081,3.1697334412262543e-06,0.023770405119106292
2012-03-21,0.0009454133415212491,0.9948139685708709,0.0042406180875635665
2012-03-22,0.9775837192110298,8.35742196616248e-05,0.022332706569264116
2012-03-23,8.45601086758825e-05,0.9915328387558948,0.008382601135384827
2012-03-26,0.6475198791814742,0.32705881744077037,0.02542130337771098
2012-03-27,0.26927612495111647,0.7050206831013677,0.025703191947471227
2012-03-28,0.9430471011879692,0.0011520268915773749,0.05580087192040864
2012-03-29,0.0671709568835632,0.8821922608304038,0.0506367822859882
2012-03-30,0.17277889200793986,0.6676535048211406,0.15956760317087476
2012-04-02,0.2747733856012132,0.45371023297052876,0.27151638142821355
2012-04-03,0.00043500816928061065,0.6494457424020913,0.35011924942858375
2012-04-04,0.21792859847284693,7.756447556079845e-17,0.7820714015271086
2012-04-05,6.079833749238012e-08,0.9595148299862304,0.040485109215387616
2012-04-09,0.9408926565644521,0.011873853183877483,0.047233490251626126
2012-04-10,0.05739886948413027,0.9361843264180151,0.006416804097810212
2012-04-11,0.8935149911995247,0.09444101593908971,0.012043992861341325
2012-04-12,1.4623743923302507e-05,0.9978912084341092,0.0020941678219234
2012-04-13,0.9873307353170342,8.873886574958554e-07,0.01266837729426411
2012-04-16,0.5328599204232428,0.45778056880908696,0.009359510767626136
2012-04-17,0.2359833809485365,0.756773322239731,0.007243296811688301
2012-04-18,0.8355266797649259,0.14649918220358799,0.017974138031441912
2012-04-19,0.02250208239185782,0.9566296849772684,0.020868232630829632
2012-04-20,0.6553187745916421,0.2547180022190286,0.08996322318928526
2012-04-23,0.8634325918478367,0.0031782375568468763,0.13338917059527233
2012-04-24,0.025286116620418367,0.9366832224666087,0.03803066091292876
2012-04-25,0.9111192354108901,0.026606076844750116,0.062274687744315264
2012-04-26,0.000551475409686513,0.9555206156534921,0.04392790893677715
2012-04-27,0.3282547371605877,0.5952019545861914,0.07654330825317689
2012-04-30,0.8437090509093697,0.03368910212623703,0.1226018469643492
2012-05-01,0.2992337086838474,0.583034949111138,0.11773134220497047
2012-05-02,0.3913929459901738,0.5849409025943964,0.023666151415385823
2012-05-03,0.9655435067633177,0.0037752111285360426,0.03068128210810228
2012-05-04,0.0009279197594966145,0.9942799732336052,0.004792107006854357
2012-05-07,0.8458500238173293,0.1395099999973731,0.01463997618525368
2012-05-08,0.9331170480760328,0.048574054971536954,0.01830889695238632
2012-05-09,0.2834794785693627,0.7096863781420792,0.006834143288514395
2012-05-10,0.6360043741827683,0.3535104825408408,0.010485143276347095
2012-05-11,0.3297173422575807,0.6564615338209481,0.013821123921427512
2012-05-14,0.7865588642207609,0.17154410574248494,0.04189703003671034
2012-05-15,0.13662525223500474,0.8126925661018296,0.05068218166312198
2012-05-16,0.7694257063138769,0.008345475600368978,0.2222288180857104
2012-05-17,3.206527762506194e-05,0.8635969865042686,0.13637094821806248
2012-05-18,0.12851283294453533,0.7802086696262314,0.09127849742918938
2012-05-21,0.8951798117938463,0.008181229565686399,0.09663895864042353
2012-05-22,0.06280023141542883,0.919076679486064,0.018123089098463333
2012-05-23,0.9561014090573248,0.006208281771941478,0.037690309170689794
2012-05-24,0.00027902997786987516,0.9826779624481102,0.0170430075739759
2012-05-25,0.19824188142095714,0.7907219189596425,0.01103619961935638
2012-05-29,0.9754059999121786,0.0024116777717440347,0.022182322316033266
2012-05-30,0.003751749441305757,0.9937051567941134,0.0025430937645369257
2012-05-31,0.9342962159657173,0.051737851310388154,0.013965932723850563
2012-06-01,0.0001789530646231121,0.9926988051558501,0.007122241779482577
2012-06-04,0.9612233720671352,0.00016914941041753183,0.038607478522403114
2012-06-05,0.0012292681104969407,0.9651219497263818,0.0336487821630772
2012-06-06,0.0089348268332386,0.6354260079257334,0.35563916524098377
2012-06-07,0.6179059115137989,6.325703135858656e-06,0.38208776278302103
2012-06-08,0.1381758783106807,0.7221664069455783,0.13965771474369665
2012-06-11,0.43681173749651103,0.52375240205266,0.039435860450784746
2012-06-12,0.5457592880344304,0.4281830859359404,0.026057626029584946
2012-06-13,0.27538990577312483,0.7102678944586746,0.01434219976815652
2012-06-14,0.9431609894917945,0.02037245717877211,0.03646655332938917
2012-06-15,0.05187626931571164,0.9285708395166,0.019552891167644262
2012-06-18,0.41240993718196617,0.5564676160973221,0.03112244672066764
2012-06-19,0.8578855293898155,0.08401693429008891,0.058097536320051386
2012-06-20,0.03615056779329689,0.905810897710777,0.058038534495881824
2012-06-21,0.837872867367806,2.262559508063957e-08,0.16212711000655483
2012-06-22,0.6238109737016638,0.24420010884903273,0.13198891744925928
2012-06-25,1.1443524299799553e-05,0.957830057480821,0.04215849899483505
2012-06-26,0.9414835739790228,0.0010147433269258688,0.057501682694007086
2012-06-27,0.08809079905899317,0.880513965968836,0.03139523497212671
2012-06-28,0.8765788977485814,0.015006652065957242,0.10841445018541716
2012-06-29,2.7929383006881484e-07,0.9436368611367489,0.05636285956937708
2012-07-02,0.8727460988427992,0.05645300845823533,0.07080089269892137
2012-07-03,3.515050862422703e-05,0.974559191344403,0.025405658146928824
2012-07-05,0.9126128176525867,0.018406444407996575,0.06898073793937301
2012-07-06,0.8789359095010234,0.047905901451527295,0.07315818904740595
2012-07-09,0.0004309243729120688,0.9941486364123053,0.005420439214739179
2012-07-10,0.9837872221980415,0.0006566031350805008,0.015556174666834677
2012-07-11,0.048565856113437396,0.9478233747286758,0.0036107691578433866
2012-07-12,0.7383629689385827,0.25240799798104324,0.009229033080330747
2012-07-13,0.2475585338757577,0.7491170041945594,0.0033244619296397574
2012-07-16,0.7677358267984563,0.22400873398209198,0.008255439219408477
2012-07-17,0.22460152173029121,0.7725028014905145,0.0028956767791510083
2012-07-18,0.8344148426681655,0.15489290503025172,0.01069225230153958
2012-07-19,0.3623100448265533,0.6290115205920749,0.008678434581328425
2012-07-20,0.05500185134580082,0.9345737719434266,0.010424376710729152
2012-07-23,0.7978568854440717,0.18921296772831722,0.012930146827567681
2012-07-24,0.6416510185071659,0.3476221132120141,0.010726868280776484
2012-07-25,0.0016191337465971572,0.9928861369465591,0.005494729306800038
2012-07-26,0.8802269640897687,0.10845490152584251,0.011318134384345271
2012-07-27,0.47765143270513116,0.5142920939661236,0.008056473328701633
2012-07-30,0.025216435874197758,0.9632993270221272,0.011484237103631521
2012-07-31,0.8510886590009665,0.1341536645879962,0.014757676410993764
2012-08-01,0.2249714375798708,0.7679326906550602,0.00709587176502536
2012-08-02,0.9291623690302848,0.04839703260020741,0.02244059836946405
2012-08-03,0.0019949171551011512,0.9906986065560033,0.007306476288852073
2012-08-06,0.7134155119964501,0.2750261512971396,0.011558336706366884
2012-08-07,0.36274622709091786,0.6310129775239759,0.006240795385062875
2012-08-08,0.48947520239606956,0.5050705198369182,0.005454277766968823
2012-08-09,0.5593598019066365,0.4348674330118827,0.00577276508143747
2012-08-10,0.3088699502070657,0.6877276898232431,0.0034023599696477833
2012-08-13,0.8347251649336006,0.1561228675593136,0.009151967507042367
2012-08-14,0.2358075949638904,0.7607914010045052,0.003401004031560938
2012-08-15,0.7212776612280969,0.2681914968528651,0.010530841918994397
2012-08-16,0.06970583872619658,0.9222279565577491,0.008066204716010826
2012-08-17,0.9104462680728659,0.059256986596286164,0.03029674533080433
2012-08-20,0.006000606484157735,0.9662134401275881,0.02778595338821037
2012-08-21,0.18672480378310485,0.6908872007970921,0.12238799541975934
2012-08-22,0.6720749177914215,0.2122592478230716,0.11566583438546324
2012-08-23,0.028087220306923306,0.8384681179864882,0.13344466170654468
2012-08-24,0.6239118775927976,0.3076969394029043,0.06839118300425441
2012-08-27,0.17798910618637206,0.7947819796237628,0.027228914189821513
2012-08-28,0.7798380310821097,0.19102286922649633,0.029139099691350517
2012-08-29,0.1729370400972084,0.8037105606261621,0.02335239927658588
2012-08-30,0.8131932087669639,0.08802573235878708,0.09878105887420552
2012-08-31,0.0007834862662300046,0.861150674604572,0.13806583912915465
2012-09-04,0.09450698250298831,0.4697303958950536,0.4357626216019147
2012-09-05,0.3914366000626219,0.4184379668763478,0.19012543306098706
2012-09-06,0.4260004021221291,0.45291279091062575,0.12108680696720195
2012-09-07,0.13391848994210145,0.7753588319128976,0.09072267814495787
2012-09-10,0.62183469327907,0.3343774248675057,0.043787881853380874
2012-09-11,0.30233141109503553,0.6778763145915557,0.019792274313365547
2012-09-12,0.770274476604301,0.19342008260019997,0.03630544079545574
2012-09-13,2.412177414695962e-05,0.9425154323730529,0.057460445852756906
2012-09-14,0.7596446075096541,0.21245090712808143,0.027904485362221416
2012-09-17,0.6622313927739752,0.3164475219154128,0.02132108531056881
2012-09-18,0.06431138764437659,0.9275092756502477,0.008179336705332864
2012-09-19,0.8235462330462697,0.1647932805448866,0.0116604864088007
2012-09-20,0.25799376978126054,0.7357276973734601,0.006278532845236457
2012-09-21,0.43084564217367194,0.5630621240566746,0.006092233769610809
2012-09-24,0.9108178212827017,0.07600160561796557,0.013180573099289855
2012-09-25,0.19656957328843705,0.7990624144031361,0.004368012308383738
2012-09-26,0.7570719583515166,0.2302410131887831,0.012687028459657426
2012-09-27,0.039992034519466556,0.9475197048214282,0.012488260659062285
2012-09-28,0.7306316342888635,0.246826544998013,0.022541820713080366
2012-10-01,0.11168343138531643,0.8826761522893861,0.005640416325254326
2012-10-02,0.8642603101317563,0.12489425140821982,0.010845438459980681
2012-10-03,0.3678476038699829,0.6260765004176403,0.006075895712333666
2012-10-04,0.25999208749027597,0.7348195722226107,0.005188340287070245
2012-10-05,0.9408093651638244,0.04527652609152771,0.013914108744604801
2012-10-08,0.36966526933676247,0.6207286655090781,0.009606065154116494
2012-10-09,0.43414583532905116,0.5537264025834325,0.012127762087473352
2012-10-10,0.4227993591898154,0.5662670926692541,0.010933548140887542
2012-10-11,0.5711655270150505,0.4071090513028737,0.021725421682032727
2012-10-12,0.4157460544926368,0.5437594752106514,0.04049447029666884
2012-10-15,0.8839614345378379,0.037405540500214246,0.07863302496190482
2012-10-16,0.1507155572205925,0.8245178202738791,0.024766622505485482
2012-10-17,0.6395846488879069,0.34524522713369765,0.01517012397835216
2012-10-18,0.3826434618475099,0.6062265806869831,0.01112995746546401
2012-10-19,0.9296207715049837,0.047078888633635914,0.023300339861337324
2012-10-22,0.05158398301178467,0.9436032070708853,0.004812809917286952
2012-10-23,0.8685711243059895,0.12009270104362199,0.011336174650345717
2012-10-24,0.585677650868808,0.40492846373425173,0.009393885396897334
2012-10-25,0.0349830525842913,0.9528763159743973,0.012140631441268639
2012-10-26,0.7927143955678536,0.18417015894481392,0.023115445487289783
2012-10-31,0.20763622681588717,0.7739473993356981,0.018416373848372018
2012-11-01,0.3606530429229175,0.5940794289602629,0.04526752811677687
2012-11-02,0.9063227655846399,1.7787931005219908e-06,0.09367545562221699
2012-11-05,0.007189163023611432,0.9321754114521634,0.0606354255241827
2012-11-06,0.000289678442957351,0.9320134449580723,0.06769687659892779
2012-11-07,0.8938736677413486,0.004257786385628533,0.10186854587298025
2012-11-08,0.00018511561970485548,0.9688285152170968,0.030986369163155888
2012-11-09,0.37749202251356756,0.5917474859023621,0.030760491584027834
2012-11-12,0.474945999579267,0.5116212643712373,0.013432736049453102
2012-11-13,0.6627192400812713,0.3248678446469852,0.012412915271700908
2012-11-14,0.026574048864855867,0.9631725055739342,0.01025344556116735
2012-11-15,0.7848168153532135,0.18983870005481784,0.025344484591925925
2012-11-16,0.7729302158713622,0.20249059729956342,0.02457918682903179
2012-11-19,6.107611237445938e-05,0.9859157553481976,0.014023168539385428
2012-11-20,0.9216792071506044,0.017561384125817744,0.06075940872353546
2012-11-21,0.002045382086318059,0.9759735969922813,0.021981020921358185
2012-11-23,0.5857715506330224,0.3801770620390802,0.03405138732785481
2012-11-26,0.3667481534728062,0.6118192865094141,0.021432560017737228
2012-11-27,0.42252623768818653,0.5697565937105079,0.007717168601263046
2012-11-28,0.806862923049751,0.18087660989287863,0.012260467057327588
2012-11-29,0.0003047153618827728,0.9963369611960734,0.0033583234420012245
2012-11-30,0.9803592117195498,8.717501278270281e-08,0.019640701105394946
2012-12-03,0.0001141056660947055,0.9958468436693612,0.004039050664501893
2012-12-04,0.9774909606260466,4.363859482205325e-08,0.022508995735316412
2012-12-05,0.023756109499812137,0.9614667821007842,0.014777108399361371
2012-12-06,0.46763275495714035,0.5134114585368903,0.018955786505927226
2012-12-07,0.5218485595663482,0.46045449027683993,0.01769695015676992
2012-12-10,0.11837965072251773,0.8752808953628646,0.006339453914575607
2012-12-11,0.9782721987653685,0.0034198918249349103,0.01830790940965446
2012-12-12,5.750109411431383e-07,0.994272085061611,0.0057273399274059165
2012-12-13,0.9247728750165265,1.6921548011210486e-09,0.07522712329127684
2012-12-14,0.48615233489147763,0.440874232584616,0.0729734325238647
2012-12-17,0.18221514324641336,0.6642176587427199,0.15356719801082525
2012-12-18,0.4320246443583505,0.06833547439060715,0.49963988125100084
2012-12-19,0.016791744531892378,0.3993094498659562,0.58389880560211
2012-12-20,0.00550355893796508,0.0005216824985037893,0.9939747585634898
2012-12-21,9.006908515675378e-06,0.8276931224445394,0.17229787064690366
2012-12-24,0.7107487865641757,0.20544922262813792,0.08380199080764496
2012-12-26,0.29094433337646414,0.6819568043425738,0.02709886228092077
2012-12-27,0.5324730705334301,0.44825586967212155,0.019271059794407033
2012-12-28,0.5182607130854193,0.45619411253712633,0.02554517437741318
2012-12-31,0.42080244795743543,0.5192060814509257,0.059991470591597505
2013-01-02,0.10410863894603453,0.6971908196112365,0.19870054144268756
2013-01-03,0.4059310889610584,0.42679927744407636,0.16726963359482397
2013-01-04,0.563500039762511,0.24920388476109478,0.1872960754763529
2013-01-07,0.30020385084947715,0.6107366574523115,0.08905949169816976
2013-01-08,0.288209352737875,0.6830025402972439,0.028788106964839716
2013-01-09,0.7936314636812115,0.18177719166652645,0.024591344652220706
2013-01-10,0.02410732483640098,0.9698911043778411,0.00600157078571675
2013-01-11,0.9789626407118595,0.0016085142964537128,0.019428844991645752
2013-01-14,0.000212471954114384,0.9912637468141241,0.008523781231720307
2013-01-15,0.4541081736349411,0.5138013310238194,0.03209049534119816
2013-01-16,0.5049188350096885,0.4774795471753804,0.017601617814889982
2013-01-17,0.34617189886451116,0.6398104362242438,0.01401766491120394
2013-01-18,0.48255084283659944,0.4993041047261292,0.018145052437230372
2013-01-22,0.31711925850577233,0.6615369146109893,0.021343826883197393
2013-01-23,0.34938164331659277,0.6306598066382634,0.01995855004510287
2013-01-24,0.9302832650752806,0.030291739435945715,0.03942499548873285
2013-01-25,0.2988722145083845,0.6697984532440878,0.03132933224748666
2013-01-28,0.6740039405764335,0.28005471275031224,0.0459413466732133
2013-01-29,0.09505860249330272,0.8504948834786914,0.054446514027965055
2013-01-30,0.0020849833662532234,0.8977146168475453,0.10020039978616088
2013-01-31,0.8796699587967147,6.210836402877985e-07,0.12032942011960439
2013-02-01,3.343245753919513e-06,0.9255488593113975,0.07444779744280783
2013-02-04,0.6012396980779969,0.18735902720389067,0.21140127471807174
2013-02-05,0.2020119479815796,0.7130682536852799,0.0849197983330997
2013-02-06,0.3353042538846565,0.6502294719194424,0.014466274195860707
2013-02-07,0.9069415008159446,0.07273370042580207,0.020324798758212942
2013-02-08,0.06281829158736281,0.9324808180543483,0.004700890358248323
2013-02-11,0.9628521302608958,0.02247309001182179,0.014674779727241984
2013-02-12,0.13679691666335742,0.8580532439348167,0.0051498394017851406
2013-02-13,0.6798040133526023,0.31030358023044274,0.009892406416914233
2013-02-14,0.46134149727327234,0.5273325192194857,0.011325983507201454
2013-02-15,0.681198621829084,0.2977934453035228,0.021007932867352815
2013-02-19,0.1735863764272731,0.8070897096770601,0.01932391389562653
2013-02-20,0.8232366242501138,0.134304731492473,0.04245864425737294
2013-02-21,0.08656912497018994,0.9032035751635418,0.010227299866228117
2013-02-22,0.8441313781883928,0.13452615987140945,0.02134246194015765
2013-02-25,0.019833905491498268,0.9610300994676713,0.01913599504079047
2013-02-26,0.5516105970913797,0.4304775564383227,0.017911846470257585
2013-02-27,0.6378974404912598,0.34450236862771055,0.01760019088098965
2013-02-28,0.5661910091063229,0.41574296813427314,0.018066022759364163
2013-03-01,0.3040411575692281,0.6861819946361744,0.00977684779455778
2013-03-04,0.5313136145563567,0.46220926235733095,0.006477123086272641
2013-03-05,0.5388414802382401,0.4543608110519631,0.006797708709757218
2013-03-06,0.2810235306277172,0.7107489249041872,0.008227544468056068
2013-03-07,0.6508072500582948,0.3401836418469919,0.009009108094673722
2013-03-08,0.25674329710262916,0.7363909740876357,0.006865728809695473
2013-03-11,0.7450901123421543,0.24480986627533768,0.010100021382468363
2013-03-12,0.11834362781157765,0.8756628336552554,0.005993538533127224
2013-03-13,0.7527909252833588,0.23748961052679124,0.009719464189810428
2013-03-14,0.3387343806205662,0.6561802525495365,0.005085366829857815
2013-03-15,0.5389592980069193,0.45562083955162497,0.0054198624414161425
2013-03-18,0.50904876326901,0.4853100467235505,0.005641190007399739
2013-03-19,0.37585665328164286,0.6202526266193898,0.0038907200989274447
2013-03-20,0.7165136715440954,0.27606701667202377,0.00741931178384107
2013-03-21,0.03369980302028816,0.9625593571907276,0.0037408397889444906
2013-03-22,0.9856047134105475,0.0007066933526214252,0.013688593236791523
2013-03-25,0.025650834692688605,0.9716929971427961,0.0026561681644759164
2013-03-26,0.8231610452862996,0.16794249640724052,0.008896458306420314
2013-03-27,0.23742437986253814,0.7579564530892263,0.004619167048196109
2013-03-28,0.7327913493511391,0.24574820165474892,0.021460448994072505
2013-04-01,0.2818423517125944,0.6894484688308246,0.02870917945654157
2013-04-02,0.8214720628459262,0.1175839174966299,0.06094401965740426
2013-04-03,0.3396486748361399,0.6196848776963904,0.0406664474674302
2013-04-04,0.6960492744597362,0.27199831224229215,0.031952413297932004
2013-04-05,0.07243792195051871,0.9009355354231504,0.026626542626291338
2013-04-08,0.776842199558908,0.1636244360930295,0.05953336434802294
2013-04-09,0.00020284800641914047,0.9150457792037098,0.08475137278983166
2013-04-10,0.6286133821309454,0.03037974240152719,0.34100687546748765
2013-04-11,0.01722075051799283,0.6296006414322546,0.3531786080497127
2013-04-12,0.004715439231302674,8.812275878110623e-10,0.9952845598874298
2013-04-15,3.496192806525334e-23,7.522747990971879e-28,0.99999999999996
2013-04-16,8.564509515709325e-10,0.7838556717335141,0.21614432740999506
2013-04-17,0.6312216959624761,0.28828696743620275,0.08049133660128123
2013-04-18,0.27234743566208036,0.6956816280611837,0.03197093627669591
2013-04-19,0.7189839936909287,0.22910294393904013,0.05191306236999131
2013-04-22,0.06632134846831855,0.8604519473179857,0.07322670421365587
2013-04-23,0.7725090033506702,0.03086818757171075,0.19662280907757934
2013-04-24,0.02518152944534041,0.7674814140686481,0.20733705648597167
2013-04-25,9.568997510287908e-07,0.018069993810352097,0.9819290492898569
2013-04-26,0.0176624422421591,0.007718364938756606,0.9746191928190445
2013-04-29,0.0020459350041910356,0.443705123806894,0.5542489411888751
2013-04-30,0.18019505175280848,0.3829297795094537,0.4368751687376978
2013-05-01,0.4736294915158482,0.0008867407967707088,0.5254837676873412
2013-05-02,0.0001178444784733193,0.8363935591698002,0.16348859635168642
2013-05-03,0.5416453360411805,0.410194479214086,0.04816018474469361
2013-05-06,0.43173814791310994,0.552838169896296,0.015423682190554238
2013-05-07,0.4674337183038498,0.5250827525812495,0.007483529114860719
2013-05-08,0.634006046912213,0.357562614569098,0.008431338518649073
2013-05-09,0.11010497586944522,0.8841945793672025,0.00570044476331243
2013-05-10,0.8250444135032531,0.15907321110540812,0.0158823753912988
2013-05-13,0.10865632405300571,0.8747685314844051,0.016575144462549124
2013-05-14,0.7115033755654093,0.22589949155454242,0.06259713288000834
2013-05-15,0.8500483113677564,0.06100847303045188,0.08894321560175188
2013-05-16,0.12677925966557707,0.8504659817088758,0.022754758625507267
2013-05-17,0.8734480455274393,0.10354334959472976,0.02300860487779133
2013-05-20,0.06558924498463728,0.9293969449041181,0.005013810111204961
2013-05-21,0.8635587656081477,0.1252411663424161,0.01120006804939657
2013-05-22,0.14545945434233043,0.8512701973836944,0.0032703482739355055
2013-05-23,0.7529158660249711,0.23896881481502155,0.008115319159967735
2013-05-24,0.23864331690596685,0.7581202272172127,0.003236455876780759
2013-05-28,0.8313023689268793,0.15695286361704577,0.011744767456035487
2013-05-29,0.12244361826353048,0.8673061415963226,0.010250240140107683
2013-05-30,0.31289218407164004,0.680980174928759,0.00612764099956159
2013-05-31,0.9727195148535069,0.014140337455132613,0.013140147691321083
2013-06-03,0.0009048338364620328,0.9971920009640731,0.001903165199425537
2013-06-04,0.9716383219555574,0.014009724362711392,0.014351953681691874
2013-06-05,0.240204612837854,0.752291559598554,0.007503827563552988
2013-06-06,0.37391217328405235,0.609506134551044,0.016581692164864503
2013-06-07,0.9548091104372181,9.712278846663641e-08,0.04519079243995422
2013-06-10,0.0014694848712675567,0.9926901185131619,0.0058403966155312625
2013-06-11,0.9781942508744984,0.005073177750923365,0.016732571374539106
2013-06-12,0.019231773913758358,0.978721726180983,0.002046499905219714
2013-06-13,0.9737216538434434,0.012647526934093977,0.013630819222423568
2013-06-14,0.0006984871336520887,0.9947906226469768,0.0045108902193319355
2013-06-17,0.9001376869382238,0.05659380148824471,0.04326851157349218
2013-06-18,0.3440605891992585,0.6075472037864825,0.04839220701421981
2013-06-19,0.04436478890966095,0.6265672959082983,0.3290679151820016
2013-06-20,1.3963170265091209e-05,1.3353396870459747e-17,0.9999860368296957
2013-06-21,6.428928661869457e-09,0.5668505779092072,0.4331494156618251
2013-06-24,0.48278267641342193,0.006859879306527547,0.5103574442800116
2013-06-25,0.006734208315452141,0.5182331522167246,0.47503263946778446
2013-06-26,0.014821554933737695,1.3554925266330565e-06,0.9851770895736964
2013-06-27,0.0009441755990571603,0.06430374972256778,0.934752074678336
2013-06-28,2.30832979909748e-07,0.004421156394584104,0.995578612772397
2013-07-01,0.002034015270311587,0.8265528544229159,0.17141313030673383
2013-07-02,0.7617820158423219,0.10391221556522978,0.13430576859240972
2013-07-03,0.009540498253543027,0.927641542011374,0.06281795973504437
2013-07-05,0.8894089512502011,4.61070272379941e-06,0.11058643804703686
2013-07-08,0.012084713556483155,0.9484212039967517,0.03949408244672689
2013-07-09,0.42553491097835283,0.5548993261059966,0.019565762915612222
2013-07-10,0.661269839588059,0.31943260919516764,0.019297551216734925
2013-07-11,0.012728521820691266,0.9559791630177417,0.03129231516152865
2013-07-12,0.7910876549823689,0.1858968135011173,0.023015531516475115
2013-07-15,0.3860916146090525,0.6008712324897865,0.013037152901122548
2013-07-16,0.29679094918350923,0.6801206397122289,0.023088411104223328
2013-07-17,0.897711227519359,0.028284783505222594,0.07400398897538016
2013-07-18,0.2214766363066746,0.7102707873078424,0.06825257638544446
2013-07-19,0.27366968954439197,0.42685811004510693,0.29947220041046263
2013-07-22,3.6351904165473293e-06,0.3110043461049108,0.6889920187046341
2013-07-23,0.30222038281356906,0.10729429683468564,0.5904853203517066
2013-07-24,0.20467163715958717,0.529818946729127,0.2655094161112473
2013-07-25,0.1739731140233831,0.7887453391677295,0.037281546808849035
2013-07-26,0.9505448432874507,0.0019681885485081795,0.04748696816400281
2013-07-29,0.03267257152598919,0.9586420476928168,0.00868538078115573
2013-07-30,0.8497762341807998,0.1381364664407538,0.012087299378408125
2013-07-31,0.311610068520065,0.6827566534557011,0.005633278024195737
2013-08-01,0.7005203669342093,0.28455685401748343,0.01492277904826927
2013-08-02,0.08504477079549741,0.9049047687776024,0.01005046042686204
2013-08-05,0.9275991233731036,0.036151487921147196,0.03624938870571095
2013-08-06,0.15476335784825873,0.8177219991189029,0.02751464303280019
2013-08-07,0.7008840086089303,0.19900911614524042,0.10010687524579115
2013-08-08,5.5158157475938806e-05,0.7858869269075982,0.21405791493488768
2013-08-09,0.008683587427168255,0.4419471478235607,0.5493692647492332
2013-08-12,2.1116095815898527e-06,0.005508361285575953,0.9944895271048045
2013-08-13,0.001402838583661179,0.11636116490052362,0.8822359965157772
2013-08-14,0.0007462248616738375,0.05972733572790178,0.9395264394103865
2013-08-15,3.0403943215593358e-05,0.00037909680668156995,0.9995904992500648
2013-08-16,9.833217335023759e-05,0.5881720981427597,0.4117295696838521
2013-08-19,0.46991752890291316,0.38064423207685694,0.1494382390201919
2013-08-20,0.3649069343253901,0.5732616490923466,0.0618314165822253
2013-08-21,0.46252483120089444,0.48475355296627476,0.05272161583279284
2013-08-22,0.4562795958469087,0.44559781403856125,0.09812259011449218
2013-08-23,0.04068585651409765,0.639893736160934,0.31942040732493054
2013-08-26,0.3823510743274276,0.28829553195637947,0.32935339371615524
2013-08-27,0.09340187377883732,0.555220410661322,0.3513777155598029
2013-08-28,0.5135746021768025,0.17420209770113915,0.31222330012202054
2013-08-29,0.1253808341002883,0.574722694217276,0.29989647168239786
2013-08-30,0.4452828805527289,0.040233269816191006,0.5144838496310423
2013-09-03,8.855253003542505e-09,0.48310543984223153,0.5168945513024777
2013-09-04,0.3952551897214144,5.884820716403576e-08,0.6047447514303407
2013-09-05,0.14960978969424935,0.3512470127885021,0.49914319751721076
2013-09-06,0.0034326267891761925,0.5054507268638794,0.49111664634690677
2013-09-09,0.34167255270400054,0.07078653936071706,0.5875409079352446
2013-09-10,0.35173900649925116,0.011479771953605493,0.6367812215471056
2013-09-11,0.0076768072542780915,0.4142626584193172,0.5780605343263668
2013-09-12,0.1877313381596737,1.0328438336287498e-06,0.812267628996455
2013-09-13,0.16408300136954368,0.03864724194197197,0.7972697566884467
2013-09-16,0.0023934335224616832,0.42173398216221747,0.5758725843152831
2013-09-17,0.3062527643242522,0.02564546459178744,0.6681017710839224
2013-09-18,0.0052230216248782034,0.2990773367067343,0.6956996416683497
2013-09-19,2.2845089493092902e-23,3.422010325517365e-05,0.999965779896707
2013-09-20,2.2686596232540037e-05,1.2428177352395549e-13,0.9999773134036055
2013-09-23,3.5925559451755047e-06,0.7190319257445985,0.2809644816994184
2013-09-24,0.659163551340935,0.14879178113952937,0.1920446675194979
2013-09-25,0.06038025294689212,0.8900128152568215,0.04960693179624869
2013-09-26,0.6922076452177215,0.28323027475621376,0.0245620800260272
2013-09-27,0.40532230346478104,0.5820873097098522,0.012590386825329262
2013-09-30,0.38201384503412894,0.6017907786212545,0.016195376344579144
2013-10-01,0.9458568899802229,0.014527890915704758,0.039615219104034816
2013-10-02,4.888637135844557e-08,0.9846281319994311,0.015371819114159744
2013-10-03,0.8216634892944193,0.11689219760582795,0.06144431309971505
2013-10-04,0.33638879420702616,0.6170710224511354,0.04654018334180095
2013-10-07,0.00030706821981245325,0.9145355097888319,0.08515742199131823
2013-10-08,0.10764409984521645,0.8723577539423586,0.019998146212387505
2013-10-09,0.9684069382957904,0.0016019945069356892,0.029991067197236414
2013-10-10,0.06525267888225068,0.9252633545693852,0.009483966548326651
2013-10-11,0.9675484519740563,5.658545375385287e-05,0.03239496257215264
2013-10-14,0.030168995396114038,0.9546278030400156,0.015203201563833207
2013-10-15,0.832474087075252,0.12916374294611835,0.038362169978592556
2013-10-16,0.13593556892283593,0.8271427367493875,0.0369216943277393
2013-10-17,0.0005555022799830252,0.9171730292514383,0.08227146846854147
2013-10-18,0.7387236729941812,0.11622361015779048,0.14505271684799104
2013-10-21,0.04065563051594279,0.8653593975481558,0.09398497193586429
2013-10-22,0.13810919266714156,0.8202459782170362,0.04164482911578532
2013-10-23,0.8822539452043229,0.07357085195266318,0.04417520284297694
2013-10-24,0.050556083495318926,0.9423028812637089,0.007141035240935144
2013-10-25,0.8805820920224895,0.1080804195019223,0.011337488475551053
2013-10-28,0.2104849079959462,0.7854293975362258,0.004085694467790807
2013-10-29,0.7655239055812731,0.21661039410522692,0.017865700313462757
2013-10-30,0.004879402313555259,0.960597208322174,0.034523389364233534
2013-10-31,0.9247840313893263,1.5403041243001938e-09,0.07521596707033243
2013-11-01,0.03006557228632122,0.9508987106570308,0.019035717056610748
2013-11-04,0.7377094755860178,0.25010919733088643,0.012181327083058477
2013-11-05,0.3368734636152195,0.6582386886375184,0.0048878477472247776
2013-11-06,0.5745943529326355,0.41839361749377524,0.007012029573552071
2013-11-07,0.343823669410995,0.6512599210522061,0.0049164095367618225
2013-11-08,0.7130055036168264,0.2758582239209074,0.011136272462229188
2013-11-11,0.2398712198611511,0.7493733099895826,0.010755470149229444
2013-11-12,0.8635110001024356,0.09183717243014677,0.04465182746738072
2013-11-13,0.6967516704492491,0.25677916289168623,0.04646916665902786
2013-11-14,0.06827774257349918,0.9083680868492078,0.023354170577256222
2013-11-15,0.5204077506143728,0.4695426222962201,0.01004962708937015
2013-11-18,0.7885197902559681,0.19667533206649257,0.014804877677502437
2013-11-19,0.2978649857623939,0.6973040846197731,0.0048309296177962415
2013-11-20,0.658428917692046,0.33470547031511055,0.006865611992806567
2013-11-21,0.41304001714543415,0.5826398930582612,0.004320089796267797
2013-11-22,0.5475170659499362,0.44704540245068936,0.005437531599337561
2013-11-25,0.4703467216365231,0.524222106999305,0.0054311713641350436
2013-11-26,0.4142102114932248,0.5805740550041673,0.005215733502570956
2013-11-27,0.7688039516560589,0.21867898717697756,0.012517061166926791
2013-11-29,0.00763265287369972,0.975383284009938,0.016984063116325686
2013-12-02,0.9329063662465293,4.387457262716904e-05,0.06704975918080706
2013-12-03,0.7730346428267505,0.1618445377966766,0.06512081937653652
2013-12-04,2.484357165568718e-07,0.9487331324021234,0.05126661916212369
2013-12-05,0.9319863104001473,0.003940913744725064,0.06407277585509119
2013-12-06,0.2479001590562505,0.7139758444978831,0.03812399644583019
2013-12-09,0.5036432988910092,0.40468743460736545,0.09166926650158888
2013-12-10,0.0015036134249982868,0.8055269782450183,0.19296940832994697
2013-12-11,0.1630943459793547,0.6450776558660225,0.1918279981545864
2013-12-12,0.7273216838576729,1.7031958826053084e-07,0.27267814582270233
2013-12-13,0.004098002299205811,0.7951287824426183,0.20077321525813963
2013-12-16,0.0022182420026861382,0.9591140410564019,0.038667716940875486
2013-12-17,0.9477688680683053,0.00448093253235061,0.0477501993993075
2013-12-18,0.0024178908334131412,0.9902990154541291,0.0072830937124211854
2013-12-19,0.9763462837646252,1.5672388952729169e-09,0.023653714668099193
2013-12-20,0.0001981173393735389,0.9923388591379414,0.0074630235226483725
2013-12-23,0.8015512476269444,0.17457176875488997,0.023876983618129042
2013-12-24,0.28145742149692154,0.694543195111191,0.023999383391850884
2013-12-26,0.03767377054798813,0.8860248354923332,0.07630139395964193
2013-12-27,0.12776200367763854,0.8430164733593046,0.029221522963020247
2013-12-30,0.9517853150395548,0.00179079003031899,0.046423894930089527
2013-12-31,0.7921798726742422,0.16332174475008707,0.04449838257563413
2014-01-02,6.487103831218459e-11,0.96929682005928,0.030703179875812274
2014-01-03,0.40175246056636577,0.5768324786239514,0.021415060809646266
2014-01-06,0.543718828306188,0.4421321444650202,0.014149027228755214
2014-01-07,0.6830211404001441,0.2983463247017841,0.01863253489803536
2014-01-08,0.5313542870402944,0.44738795648087315,0.021257756478795964
2014-01-09,0.23553742042390774,0.7148905737226628,0.04957200585339288
2014-01-10,0.18096282508789013,0.7088089441814788,0.11022823073059457
2014-01-13,0.25680867533730395,0.7183821588874818,0.024809165775177618
2014-01-14,0.7238359508200783,0.2596120046101475,0.016552044569737388
2014-01-15,0.24522900078648693,0.7508495631206138,0.003921436092862459
2014-01-16,0.8469010284942685,0.14350639189950196,0.009592579606192503
2014-01-17,0.0008433835643971594,0.9968937034134934,0.0022629130220725956
2014-01-21,0.9848599451291794,2.647259240955037e-05,0.015113582278374317
2014-01-22,0.25544729911780073,0.7355897175985865,0.008962983283575894
2014-01-23,0.3538051875714624,0.6406427424017708,0.0055520700267301624
2014-01-24,0.9267889505062956,0.06134682502738647,0.011864224466281176
2014-01-27,0.05049439261258113,0.9474570167703266,0.0020485906170554257
2014-01-28,0.9798004385384342,0.009336332085177153,0.010863229376351596
2014-01-29,0.049677688701111486,0.9481692780154496,0.0021530332834021008
2014-01-30,0.9741228885165041,0.011091699857069133,0.014785411626390106
2014-01-31,0.2586924663558762,0.7318116980767442,0.00949583556734292
2014-02-03,0.17427066890901494,0.809641123524792,0.016088207566156355
2014-02-04,0.74447158059341,0.23438430685709874,0.02114411254945456
2014-02-05,0.032199893269556495,0.9507914476998687,0.017008659030537894
2014-02-06,0.6605098832983519,0.3265472664536126,0.012942850247998548
2014-02-07,0.3616704845396166,0.6316155528291201,0.006713962631226442
2014-02-10,0.5750143434336026,0.4097937106005344,0.015191945965825987
2014-02-11,0.36823906478858826,0.607647714470941,0.024113220740433868
2014-02-12,0.5459923212188798,0.3611089066076907,0.09289877217339282
2014-02-13,0.06322045837972752,0.700895670056272,0.23588387156396384
2014-02-14,3.4420267144066063e-05,0.02995517031387397,0.9700104094189453
2014-02-18,0.013953634967237867,0.4222872503189797,0.563759114713746
2014-02-19,0.3043005237248153,0.5596682583058126,0.1360312179693357
2014-02-20,0.49521159149244387,0.4577448305507487,0.04704357795677089
2014-02-21,0.39906071623626055,0.5802985668824653,0.020640716881237604
2014-02-24,0.5548009104567636,0.4181640598781571,0.02703502966504275
2014-02-25,0.2635806939803524,0.7097349199467533,0.02668438607285758
2014-02-26,0.9117283409501765,0.012306707389127836,0.07596495166065886
2014-02-27,0.10884751840534891,0.8750191445090227,0.01613333708559147
2014-02-28,0.8355945734252764,0.144627401129923,0.019778025444763717
2014-03-03,0.020205775637682735,0.9745535568806093,0.005240667481671316
2014-03-04,0.8933373312614898,0.0950249744415247,0.011637694296948792
2014-03-05,0.38852174391588346,0.6047090034225847,0.006769252661494998
2014-03-06,0.19850702539891263,0.7926562711748608,0.008836703426189784
2014-03-07,0.9771134452373227,0.00018760136495405772,0.022698953397686426
2014-03-10,0.13539758424427306,0.8591795570175735,0.005422858738116616
2014-03-11,0.8235596061117516,0.16498809934673728,0.011452294541474003
2014-03-12,0.00014064524266011838,0.9946061277829488,0.005253226974353971
2014-03-13,0.9550620303589608,0.022376460841562505,0.02256150879943971
2014-03-14,0.04068308265416759,0.9523612893241695,0.006955628021625907
2014-03-17,0.770329247773737,0.2077944409904083,0.021876311235817417
2014-03-18,0.8346279578126671,0.13797219122910845,0.027399850958187214
2014-03-19,0.060907195538015796,0.934891372269663,0.0042014321922840495
2014-03-20,0.9505064721174632,0.03561292486125154,0.013880603021248022
2014-03-21,0.2872208541340749,0.7075770942962727,0.005202051569615243
2014-03-24,0.6905960692960035,0.2987708666822647,0.01063306402169496
2014-03-25,0.3964461261019432,0.5985290630249775,0.00502481087304253
2014-03-26,0.5869380384934251,0.4062685619774216,0.006793399529116345
2014-03-27,0.45322765938096077,0.541897781611003,0.004874559007999341
2014-03-28,0.4888018404063973,0.5049669478014659,0.0062312117920998965
2014-03-31,0.4007201022889763,0.5954683406969077,0.0038115570140789504
2014-04-01,0.7215299623705497,0.27088832457323336,0.0075817130561799985
2014-04-02,0.0019145168557712223,0.9919810604633081,0.006104422680883828
2014-04-03,0.9709565153319812,0.006349662174771509,0.02269382249321026
2014-04-04,0.028194298161818947,0.9672625631023426,0.004543138735801468
2014-04-07,0.8568551291165507,0.13388885547274362,0.00925601541066867
2014-04-08,0.12037741967146538,0.877867575735456,0.0017550045930417439
2014-04-09,0.982152720789425,0.007086615723004473,0.010760663487533554
2014-04-10,0.0009299365592100316,0.9975043598475816,0.0015657035931714357
2014-04-11,0.93031095482025,0.05797373344537459,0.011715311734338417
2014-04-14,0.07387377622649671,0.9222197869380169,0.003906436835449266
2014-04-15,0.9699392501717053,0.0014725241633939123,0.028588225664863624
2014-04-16,0.056636254412808784,0.9335902700959102,0.009773475491244065
2014-04-17,0.6005558441022946,0.39211282729068087,0.007331328606987418
2014-04-21,0.6322732556397078,0.3598594076384083,0.007867336721846906
2014-04-22,0.3757059622276944,0.6194679002379382,0.00482613753433042
2014-04-23,0.6105349722558463,0.38139669466865983,0.00806833307545691
2014-04-24,0.2529283344245217,0.737003817090591,0.01006784848485039
2014-04-25,0.5277085664375764,0.46488649004034593,0.007404943522040598
2014-04-28,0.5847520150412482,0.4083201322029352,0.006927852755779481
2014-04-29,0.27974275635022555,0.714788900402707,0.005468343247030178
2014-04-30,0.8872224274109952,0.09252303385959144,0.02025453872937618
2014-05-01,0.7096380796956977,0.2727896612546189,0.01757225904964614
2014-05-02,4.2803117168266094e-05,0.9870698072052211,0.012887389677573436
2014-05-05,0.741530634209878,0.2370603496873398,0.02140901610274509
2014-05-06,0.1800314270495863,0.8167953190264712,0.003173253923905336
2014-05-07,0.9582043038559251,0.03090485626400982,0.01089083988002784
2014-05-08,0.3573780423404253,0.6361257216435177,0.006496236016019973
2014-05-09,0.5878001210030671,0.3935049100482285,0.018694968948667352
2014-05-12,0.0021690818494586417,0.9780480718444938,0.019782846306010397
2014-05-13,0.7722979132824215,0.19737867553261684,0.030323411184924747
2014-05-14,0.03235043718943768,0.9632750631624686,0.004374499648056878
2014-05-15,0.9778897757055183,0.00930452047810074,0.012805703816344069
2014-05-16,0.40602277961286015,0.5873938559991861,0.0065833643879167365
2014-05-19,0.5277242112164356,0.4631428404778335,0.009132948305693804
2014-05-20,0.3661386787483302,0.6286962070829207,0.005165114168712278
2014-05-21,0.7198867626539656,0.26922237541540456,0.010890861930593222
2014-05-22,0.12768124511928047,0.8619238631318266,0.010394891748856338
2014-05-23,0.5533122015450125,0.4330847853270806,0.013603013127870251
2014-05-27,0.9710520270404033,0.005946478171868849,0.02300149478769123
2014-05-28,0.15870890245497407,0.8249987251816772,0.016292372363312106
2014-05-29,0.49647623579944833,0.4929475553179673,0.010576208882547745
2014-05-30,0.9639412309483537,0.016862593135901556,0.01919617591570849
2014-06-02,0.019484033561702318,0.9718834229533048,0.008632543484956604
2014-06-03,0.6130639444355431,0.3794825624554578,0.0074534931089628295
2014-06-04,0.6104333424598386,0.3812160523032067,0.008350605236918506
2014-06-05,0.05031789051861522,0.9385626552549797,0.011119454226368664
2014-06-06,0.8812166132982634,0.08680893889726916,0.03197444780443119
2014-06-09,0.135530361339537,0.8500287123735614,0.014440926286865456
2014-06-10,0.4086397119492724,0.5794067067157733,0.01195358133491795
2014-06-11,0.6669633822751699,0.3196517054510675,0.013384912273726162
2014-06-12,0.07143468152212608,0.9103272811773314,0.018238037300506306
2014-06-13,0.5446919631376609,0.4414109380788926,0.013897098783410219
2014-06-16,0.47475343576207507,0.5159026669201136,0.009343897317774994
2014-06-17,0.425601250290076,0.5585489113645907,0.015849838345296886
2014-06-18,0.5885544514379637,0.3636185066023795,0.04782704195962059
2014-06-19,3.0438031460101087e-06,0.7992375602236375,0.2007593959731802
2014-06-20,0.1997640936071911,0.7281529874234314,0.07208291896934085
2014-06-23,0.6390272439425387,0.33307113180454656,0.02790162425287822
2014-06-24,0.3089777853987821,0.6811992027216358,0.009823011879545691
2014-06-25,0.5903304280237793,0.40289977210896105,0.0067697998672232185
2014-06-26,0.40702334318335703,0.5889384698660926,0.004038186950513969
2014-06-27,0.5685572010997805,0.42611264484546163,0.005330154054721544
2014-06-30,0.3989020707889509,0.5964570064992264,0.004640922711786459
2014-07-01,0.5594122300544228,0.43362396842764345,0.006963801517897934
2014-07-02,0.36128428562084086,0.6309049196717738,0.0078107947073494804
2014-07-03,0.6355896305145452,0.3558978076811569,0.00851256180426211
2014-07-07,0.4872827459925726,0.5066710728157144,0.0060461811916770174
2014-07-08,0.395152874585615,0.5991105010491588,0.005736624365190215
2014-07-09,0.6873886658920765,0.29900516143908884,0.013606172668798636
2014-07-10,0.027971232815994854,0.9368643628511124,0.03516440433285677
2014-07-11,0.4662316522790623,0.5126181346731287,0.021150213047773182
2014-07-14,0.9655233968826461,0.003420050954809088,0.03105655216250916
2014-07-15,0.08763107900478721,0.9060829901756708,0.006285930819506129
2014-07-16,0.8566756776980164,0.13123169899056145,0.01209262331138624
2014-07-17,0.0026411687495896145,0.9918131553403637,0.005545675910010865
2014-07-18,0.9687499086616902,0.0013144480257678943,0.029935643312506185
2014-07-21,0.026586102899692904,0.9659688116298065,0.007445085470464801
2014-07-22,0.7744596215692783,0.21398974182629626,0.011550636604389727
2014-07-23,0.15969658885634722,0.8374931391955968,0.0028102719480204005
2014-07-24,0.9858528199111947,8.396291257745091e-05,0.014063217176192268
2014-07-25,0.0010704375606247088,0.9953274316847568,0.0036021307545829138
2014-07-28,0.7840700077583683,0.20152345480657405,0.01440653743502195
2014-07-29,0.3009513844583622,0.6926562053026429,0.006392410238959286
2014-07-30,0.4874859945933531,0.5062707931699252,0.00624321223668607
2014-07-31,0.6179888921418444,0.3743060953039221,0.007705012554197872
2014-08-01,0.5056887636941012,0.488274307775206,0.006036928530657193
2014-08-04,0.37351384837627283,0.6193312058062956,0.007154945817395954
2014-08-05,0.8666695490563842,0.11323526955049475,0.020095181393085505
2014-08-06,0.02855856961553909,0.9597386688235938,0.011702761560831677
2014-08-07,0.5969237091997904,0.3876161618606874,0.015460128939486673
2014-08-08,0.5830630017746227,0.40566921443815485,0.011267783787186982
2014-08-11,0.025890652549764356,0.9652792209537899,0.008830126496410436
2014-08-12,0.9156084644159735,0.0646556227746847,0.019735912809306637
2014-08-13,0.4400514122823007,0.5501650168556556,0.00978357086200854
2014-08-14,0.2073220339421928,0.7880946565201731,0.00458330953759872
2014-08-15,0.985417810137562,0.0018372549100307551,0.01274493495237193
2014-08-18,0.008603511790590029,0.9891956850032628,0.0022008032061116814
2014-08-19,0.9578915536378594,0.028363746502027984,0.0137446998600771
2014-08-20,0.022574092204737894,0.9745014296949441,0.0029244781002823756
2014-08-21,0.8465215997047311,0.14513317318163602,0.008345227113597305
2014-08-22,0.2912910900392411,0.7056783631018624,0.0030305468588609635
2014-08-25,0.5931900437393282,0.4017181917195672,0.005091764541069082
2014-08-26,0.4147198894819962,0.5813644010373243,0.0039157094806439065
2014-08-27,0.5496401639098729,0.4451306541785596,0.005229181911531994
2014-08-28,0.38520940223892824,0.608270672453849,0.006519925307187098
2014-08-29,0.513204335440184,0.47936534390937324,0.007430320650407286
2014-09-02,0.7131920258391714,0.2757211686473862,0.011086805513406767
2014-09-03,0.334892404189447,0.6561561483915582,0.008951447418959018
2014-09-04,0.48851612584775456,0.5020480969920337,0.009435777160176045
2014-09-05,0.45699873109753736,0.5380070480476036,0.004994220854823476
2014-09-08,0.5407114612317682,0.4537929472184304,0.0054955915497658415
2014-09-09,0.5477669626526067,0.4463541198710893,0.0058789174762684075
2014-09-10,0.2679107324021844,0.7294698643043025,0.0026194032934776304
2014-09-11,0.9470715169102195,0.04328621860827394,0.00964226448147113
2014-09-12,0.1818131679389047,0.8147835036510641,0.0034033284099958
2014-09-15,0.6333419050679455,0.36031912980572633,0.006338965126292858
2014-09-16,0.41865843514902246,0.5753138488249154,0.006027716026026744
2014-09-17,0.43404809547701034,0.5516630823480089,0.01428882217494559
2014-09-18,0.5266724712562185,0.44075026680241747,0.032577261941328775
2014-09-19,0.9387690600338673,0.005225361098178885,0.056005578867918744
2014-09-22,0.35130642456850736,0.6263888900234365,0.022304685408021024
2014-09-23,0.5845689381652907,0.404752984070609,0.010678077764065114
2014-09-24,0.3446583718922726,0.6496109883889242,0.005730639718768071
2014-09-25,0.7065976861354509,0.27856073193147585,0.01484158193303837
2014-09-26,0.2306056432078532,0.7568826285107424,0.012511728281369618
2014-09-29,0.36964075486810216,0.6178322385492384,0.012527006582624626
2014-09-30,0.9596367650250348,0.008355141654492828,0.03200809332043734
2014-10-01,0.01590809881567483,0.9773802841434143,0.006711617040875791
2014-10-02,0.8421883700228254,0.1421010957627462,0.01571053421439346
2014-10-03,0.49307660342497217,0.4961468543083342,0.010776542266658893
2014-10-06,0.09757362504882117,0.8833195069993836,0.01910686795176046
2014-10-07,0.5544855965444135,0.4310411174524693,0.014473286003082248
2014-10-08,0.6424330139274486,0.3372419813146844,0.02032500475783232
2014-10-09,0.0028806719340221873,0.9801048666058524,0.017014461460090696
2014-10-10,0.773744616713199,0.21290601648756036,0.01334936679920588
2014-10-13,0.32139436930653137,0.6740975223271894,0.004508108366244251
2014-10-14,0.5750255416703391,0.4178757667293736,0.007098691600252324
2014-10-15,0.35336451375943867,0.6428316798564898,0.0038038063840365576
2014-10-16,0.560341119304928,0.43466789682927537,0.004990983865761809
2014-10-17,0.39077762819062095,0.6059995643931718,0.003222807416172308
2014-10-20,0.6612547870494803,0.3334125691649417,0.005332643785543304
2014-10-21,0.15523499452205236,0.8407419111499166,0.0040230943279962825
2014-10-22,0.9535906796237226,0.03611326644562756,0.010296053930615402
2014-10-23,0.2961545887006801,0.7005323845120168,0.0033130267872684676
2014-10-24,0.6172006459870227,0.37756300186499814,0.005236352147944521
2014-10-27,0.35969803750740875,0.6354429351774619,0.004859027315094762
2014-10-28,0.6026484375848769,0.3806637553636187,0.016687807051469827
2014-10-29,0.19954750061660473,0.7548424483233664,0.0456100510599942
2014-10-30,0.8403106058639579,1.4607771159039322e-08,0.15968937952823647
2014-10-31,0.6327713688136459,0.2252019700520047,0.1420266611343148
2014-11-03,0.05770749225398491,0.8501481886010015,0.09214431914497895
2014-11-04,0.7483771892794477,0.07677144213978884,0.17485136858072886
2014-11-05,0.3509788553535512,0.46177909002890755,0.18724205461750654
2014-11-06,0.42524067754382494,0.4858739841113008,0.08888533834483968
2014-11-07,0.23332672858588954,0.7257899712927389,0.04088330012133708
2014-11-10,0.583988932681342,0.4005746502811011,0.01543641703752247
2014-11-11,0.45122000959456604,0.5408246461505781,0.007955344254821375
2014-11-12,0.39999976276005816,0.5896848216589126,0.010315415580995071
2014-11-13,0.6810968113799886,0.28840422559083884,0.030498963029138453
2014-11-14,9.381271164617874e-06,0.899555993505685,0.10043462522311607
2014-11-17,0.8747420445947219,0.026114268781506265,0.0991436866237375
2014-11-18,0.22674492052685863,0.7363301248306389,0.03692495464246841
2014-11-19,0.4142926717041966,0.5655335408048291,0.0201737874909402
2014-11-20,0.7400004934881764,0.23173101840229474,0.028268488109494894
2014-11-21,0.024165867291277763,0.9387490491380632,0.03708508357062523
2014-11-24,0.6784897843559848,0.2729553550123861,0.04855486063159532
2014-11-25,0.35676534442064445,0.5692822356873631,0.07395241989195858
2014-11-26,0.0631913086329927,0.6217560145227433,0.3150526768442303
2014-11-28,0.00011278271277351535,1.4212153591170204e-10,0.999887217145071
2014-12-01,3.988363802585515e-19,0.0011158254939712773,0.9988841745059949
2014-12-02,0.001003744869627981,0.3621852917886542,0.636810963341684
2014-12-03,0.29549689433033194,0.39403080281776337,0.310472302851871
2014-12-04,0.20479792119014845,0.611431438721797,0.18377064008802116
2014-12-05,0.6627057691008892,0.10133853067312379,0.23595570022595364
2014-12-08,0.08758103747927512,0.6484579919368295,0.26396097058386225
2014-12-09,3.2250811361014974e-06,0.11659248016594426,0.8834042947528864
2014-12-10,0.0797149448221594,0.4091989786520888,0.5110860765257185
2014-12-11,0.31584289445222413,0.2223324028825369,0.4618247026652058
2014-12-12,0.0419932219565654,0.42000976375892973,0.5379970142844717
2014-12-15,0.041678724011095694,0.002436891421615123,0.9558843845672561
2014-12-16,0.0018885177274210942,2.401559133745445e-06,0.9981090807134121
2014-12-17,1.8576368248057674e-06,0.8445979092047698,0.15540023315837212
2014-12-18,0.7168118277354731,0.21360442228060167,0.06958374998389208
2014-12-19,0.11231154375645792,0.8721773866101379,0.01551106963337108
2014-12-22,0.9538620329579247,0.015262026075705658,0.030875940966336612
2014-12-23,0.04318318012830274,0.9514183207366541,0.005398499135010125
2014-12-24,0.8658110568881132,0.12050278876759371,0.01368615434426015
2014-12-26,0.0008260274989997983,0.9911376938003845,0.008036278700582943
2014-12-29,0.980566471863972,0.00019663914112100114,0.019236888994874024
2014-12-30,8.069066130760591e-08,0.9962601290923299,0.0037397902169759942
2014-12-31,0.9595060658973791,6.611410186795733e-10,0.04049393344144675
2015-01-02,0.0008415996469124225,0.9686883711865377,0.03047002916651676
2015-01-05,0.0013575144152657545,0.7333478366079326,0.26529464897676824
2015-01-06,0.028789001806723568,0.753432150073311,0.2177788481199321
2015-01-07,0.6243457167141117,0.25047984331237616,0.12517443997347874
2015-01-08,0.2985122523446045,0.62577733182853,0.07571041582683226
2015-01-09,0.5931164580787146,0.29575616798043447,0.11112737394081762
2015-01-12,0.039875305839423926,0.7307593287795223,0.2293653653810205
2015-01-13,0.01219980942725319,0.06367537505411244,0.924124815518601
2015-01-14,0.06620461023136077,0.03326805148812689,0.900527338280479
2015-01-15,0.006099147312588619,0.1698254402360991,0.8240754124512791
2015-01-16,0.002145800856185589,0.021083046014930516,0.976771153128851
2015-01-20,0.007895438750329884,0.5328246810484012,0.459279880201236
2015-01-21,0.41564140098473773,0.2504272603275306,0.3339313386876988
2015-01-22,0.1891096121335513,0.549790285113728,0.26110010275268764
2015-01-23,0.3648883672730233,0.4740519740192157,0.1610596587077281
2015-01-26,0.45482404275409566,0.35076962613392704,0.19440633111194425
2015-01-27,0.414177290231912,0.39092030303214803,0.19490240673590695
2015-01-28,0.03097922859403448,0.6184556077419912,0.3505651636639412
2015-01-29,0.0006294793176439042,5.598141961980253e-16,0.9993705206823222
2015-01-30,4.5239392933048895e-11,0.9113901489645782,0.0886098509901489
2015-02-02,0.7078084247335654,0.24169493536244896,0.0504966399039521
2015-02-03,0.3252999067078978,0.6558835822627995,0.018816511029269185
2015-02-04,0.5359008545712826,0.4400328344904155,0.024066310938268498
2015-02-05,0.3452461917861672,0.6157101226690104,0.0390436855447892
2015-02-06,0.8716573740560561,0.03326047550330946,0.0950821504406011
2015-02-09,0.00018312574149699636,0.9904532926438733,0.009363581614596524
2015-02-10,0.9442815927847372,0.03744507767287171,0.018273329542357657
2015-02-11,0.14409001539787886,0.84914527361347,0.006764710988617788
2015-02-12,0.8995088618865529,0.06964074046103286,0.030850397652381067
2015-02-13,9.964000579893474e-06,0.9615561381565607,0.03843389784282636
2015-02-17,0.8109273031417414,3.5517967966352074e-12,0.18907269685467368
2015-02-18,0.5394897733811048,0.32139407176066737,0.13911615485819487
2015-02-19,0.16737198947185616,0.8060377211584544,0.026590289369656482
2015-02-20,0.7832257697577321,0.19678210018111786,0.019992130061117448
2015-02-23,0.2123580225845145,0.7814488843137992,0.006193093101653437
2015-02-24,0.8006385005599599,0.18251943125954506,0.01684206818046216
2015-02-25,0.03382062393275837,0.9432538659291642,0.02292551013804451
2015-02-26,0.04368753184929366,0.914938786490528,0.04137368166014526
2015-02-27,0.8292003321403005,0.11275953311108211,0.05804013474858431
2015-03-02,0.2519791123749494,0.734013657845751,0.01400722977926638
2015-03-03,0.6699829724341253,0.31917805282527745,0.010838974740563764
2015-03-04,0.42776812724848173,0.5666733719176319,0.0055585008338530206
2015-03-05,0.43311052730441546,0.56225652939644,0.004632943299111114
2015-03-06,0.622170436255213,0.37219382499990494,0.005635738744848514
2015-03-09,0.46306155545161065,0.5324901656378889,0.0044482789104669
2015-03-10,0.4664553477700365,0.5290249912575128,0.004519660972417153
2015-03-11,0.5430688217155417,0.45088420407321994,0.00604697421120478
2015-03-12,0.4372454807715019,0.556712106567745,0.006042412660719651
2015-03-13,0.48667496312160674,0.5021186412417616,0.011206395636597848
2015-03-16,0.4154215117727518,0.5701559839300417,0.01442250429717271
2015-03-17,0.5829839287930489,0.36831293986265334,0.04870313134426394
2015-03-18,0.04333251287211022,0.7645942766315307,0.19207321049632542
2015-03-19,2.9395083910300883e-05,0.056126178297071345,0.9438444266189846
2015-03-20,0.001067295564320235,0.11828968103410706,0.8806430234015388
2015-03-23,0.10395850160615001,0.5174418183148398,0.37859968007897615
2015-03-24,0.43063715859827456,0.44021358471662453,0.1291492566850671
2015-03-25,0.38064148915403406,0.5818107776266217,0.0375477332193104
2015-03-26,0.6050945080575133,0.3628441481934599,0.03206134374899293
2015-03-27,0.27224281448222637,0.7188179294840221,0.008939256033717717
2015-03-30,0.8194614070253001,0.16241891943010453,0.018119673544561482
2015-03-31,0.5267270003389503,0.4600065446980145,0.013266454963001198
2015-04-01,0.0012146089620350127,0.9847700857996785,0.014015305238252259
2015-04-02,0.9738114182183274,1.8521986655657852e-05,0.02617005979498265
2015-04-06,1.1905054384510821e-05,0.9926935469578357,0.007294547987745436
2015-04-07,0.9213181066576165,0.03383890253893152,0.04484299080341763
2015-04-08,0.6002475172979052,0.35994904244113274,0.039803440260927796
2015-04-09,0.6687603297140474,0.3014099404282696,0.02982972985764885
2015-04-10,0.007938351613071097,0.9781294476730112,0.013932200713883541
2015-04-13,0.7567137365651456,0.22511808566564406,0.01816817776917611
2015-04-14,0.5061139994640668,0.47795345417500984,0.01593254636088909
2015-04-15,0.19439967905437222,0.7951978838832158,0.010402437062377643
2015-04-16,0.8043411439766284,0.18332390522068914,0.012334950802648225
2015-04-17,0.22904448363061355,0.7637497058916605,0.007205810477691909
2015-04-20,0.8050241632977451,0.17052911649354502,0.024446720208675693
2015-04-21,0.060539967702757144,0.9338106204245952,0.005649411872613325
2015-04-22,0.9064393767067184,0.07822691619522437,0.015333707098022776
2015-04-23,0.16420133216190164,0.8282054803956769,0.007593187442387116
2015-04-24,0.8867859847527979,0.07357528576054316,0.03963872948662449
2015-04-27,6.676649018280688e-10,0.9575893031703377,0.04241069616196309
2015-04-28,0.6853310329570175,0.28012965855509075,0.03453930848785778
2015-04-29,0.16184085255676822,0.8198716470366648,0.018287500406532906
2015-04-30,0.9380293270679457,1.8763232293695247e-06,0.06196879660879087
2015-05-01,0.07917464868896577,0.8823758517818229,0.03844949952917753
2015-05-04,0.004601901662459894,0.9638200236716831,0.03157807466582338
2015-05-05,0.7233220985457341,0.2538918602172316,0.02278604123700051
2015-05-06,0.2778117464832211,0.7093789591357026,0.012809294381042818
2015-05-07,0.8024889136735686,0.1705149181633197,0.026996168163078323
2015-05-08,0.023749374021144413,0.9369319571945672,0.03931866878425504
2015-05-11,0.7338751615070915,0.07467962044362178,0.19144521804925316
2015-05-12,0.00314237270870254,0.7786792685551639,0.2181783587361002
2015-05-13,0.17868482095859192,0.08580045991983923,0.7355147191215354
2015-05-14,0.06406460157665361,0.7105817631752731,0.22535363524803997
2015-05-15,0.5829212935633181,0.28977261040843183,0.12730609602821688
2015-05-18,0.24292384429594047,0.6524217260870989,0.10465442961692746
2015-05-19,0.879065137002943,0.0012528140594283135,0.11968204893759535
2015-05-20,0.08766096367217267,0.8839013474644414,0.028437688863352822
2015-05-21,0.6862666732789325,0.30042254732463436,0.013310779396399857
2015-05-22,0.30602506161578474,0.6896172842673983,0.004357654116783806
2015-05-26,0.7295334182083052,0.2624900043878054,0.007976577403856351
2015-05-27,0.3030354195276609,0.6929442710869682,0.004020309385337978
2015-05-28,0.6902238903039892,0.2998935218213043,0.00988258787467376
2015-05-29,0.2629132449225305,0.7331487005476509,0.003938054529785976
2015-06-01,0.7631935916403481,0.2277936731179629,0.009012735241656255
2015-06-02,0.12562192755944693,0.8687293004370648,0.0056487720034556314
2015-06-03,0.9445935560460248,0.02082306272394631,0.034583381229995935
2015-06-04,0.22604018438452786,0.7455165911194874,0.028443224495951665
2015-06-05,0.6661209289500407,0.3174605243068347,0.01641854674309143
2015-06-08,0.21602645873358314,0.7775602288438308,0.006413312422552981
2015-06-09,0.67038501866006,0.3211196139268609,0.008495367413046004
2015-06-10,0.2795281616437136,0.7155689673376846,0.004902871018568574
2015-06-11,0.5958989492437977,0.3957095132874892,0.008391537468679875
2015-06-12,0.35892193124931787,0.6321502209390379,0.008927847811611024
2015-06-15,0.4336801981875549,0.5501892419647866,0.016130559847625393
2015-06-16,0.5878741464935836,0.40200389440280365,0.010121959103579919
2015-06-17,0.31697620752347255,0.6774208099336665,0.0056029825428281985
2015-06-18,0.6136949695475331,0.3770476610795571,0.009257369372876977
2015-06-19,0.4459925801106641,0.5485822620970368,0.005425157792266403
2015-06-22,0.4388703382667899,0.5556558067357549,0.005473854997422503
2015-06-23,0.8094579834237275,0.1791806143387436,0.011361402237496421
2015-06-24,0.2120122700520318,0.7826712809192334,0.005316449028702392
2015-06-25,0.5868297066824534,0.4066170506749072,0.0065532426426070396
2015-06-26,0.4625524960317703,0.5316166194004438,0.005830884567753229
2015-06-29,0.41434284363804325,0.5775930241019975,0.008064132259926535
2015-06-30,0.5019364292511667,0.49008140070165107,0.007982170047149677
2015-07-01,0.4733325551140388,0.5142594835950086,0.01240796129091987
2015-07-02,0.544519554387686,0.42866685191955817,0.026813593692723105
2015-07-06,0.13175049357765076,0.7682712385227501,0.09997826789956638
2015-07-07,0.7360969124985158,1.55286920716652e-07,0.2639029322145307
2015-07-08,0.010259587156326421,0.9302394036996026,0.05950100914403844
2015-07-09,0.8036624419512839,0.14261992412011187,0.05371763392857162
2015-07-10,0.37099469056645556,0.6096894991582886,0.019315810275223298
2015-07-13,0.44407954123411314,0.5448749753732888,0.011045483392565487
2015-07-14,0.5342195865495819,0.4539201692803262,0.011860244170059462
2015-07-15,0.40546860277056324,0.5834470466759082,0.011084350553496346
2015-07-16,0.5257740842471117,0.46697435174174623,0.00725156401110987
2015-07-17,0.44738022980007064,0.5463422418054753,0.0062775283944217055
2015-07-20,0.4548749018617397,0.5404191726722112,0.0047059254660168914
2015-07-21,0.5579383029242285,0.43716870328879076,0.004892993786948727
2015-07-22,0.4916278557864973,0.5038010269101608,0.004571117303309652
2015-07-23,0.4012167136897802,0.5943299419089099,0.004453344401277837
2015-07-24,0.6726450778000639,0.3185122823207721,0.008842639879131869
2015-07-27,0.3159074691325355,0.6794689000751732,0.004623630792259291
2015-07-28,0.6558301414629729,0.3368506458079225,0.007319212729072544
2015-07-29,0.2649666640667817,0.7289917331692308,0.006041602763955439
2015-07-30,0.6538461551506248,0.33580188623265717,0.01035195861668605
2015-07-31,0.18548277503657967,0.8109228517279103,0.003594373235478077
2015-08-03,0.9831621876711,0.004024787228469275,0.012813025100398629
2015-08-04,0.020017023881855705,0.9759643134809609,0.004018662637151233
2015-08-05,0.7704150180426989,0.2198565975810161,0.009728384376253087
2015-08-06,0.23761970720050998,0.7549097492876448,0.007470543511813591
2015-08-07,0.7132146578361281,0.25801709079406976,0.02876825136977035
2015-08-10,0.03364595676827368,0.9010643822727583,0.06528966095893635
2015-08-11,0.6759268002750154,0.29430416990769065,0.029769029817262135
2015-08-12,0.37289926997692907,0.6172104261680234,0.009890303855015908
2015-08-13,0.5066651960088789,0.4815331141188519,0.011801689872237373
2015-08-14,0.5743071292802503,0.4011031090729202,0.024589761646797676
2015-08-17,0.12724227754959616,0.8191380919567203,0.05361963049365165
2015-08-18,0.8114260393681755,8.889614754619545e-05,0.18848506448424632
2015-08-19,3.925791471477418e-05,0.832052010341148,0.1679087317441054
2015-08-20,0.07687236564350264,0.24891830039099086,0.6742093339654744
2015-08-21,0.06285280917137959,0.0291384591510302,0.9080087316775585
2015-08-24,0.016814281518955747,1.1875000188031854e-06,0.9831845309809937
2015-08-25,0.00044129333433208685,0.15821542714432194,0.8413432795213143
2015-08-26,0.05545530913682249,0.0007466315367857028,0.9437980593263601
2015-08-27,9.614982761305365e-06,0.5886775161566993,0.4113128688605077
2015-08-28,0.34750230221241496,0.5325029094200462,0.11999478836750732
2015-08-31,0.4824228641533111,0.4846440195859393,0.03293311626071835
2015-09-01,0.44037379204512206,0.5492144676729306,0.01041174028191595
2015-09-02,0.5659153512285352,0.4259135458341961,0.008171102937237367
2015-09-03,0.3137118131318599,0.6805729356129835,0.0057152512551248945
2015-09-04,0.7847256940905832,0.20095324793770428,0.014321057971680779
2015-09-08,0.06672589458272936,0.9295269669194056,0.0037471384978331945
2015-09-09,0.9246272996634525,0.06392353321318303,0.01144916712333257
2015-09-10,0.18099762303458336,0.8153782107445937,0.0036241662207910376
2015-09-11,0.8331530365645929,0.15118967297787111,0.01565729045750426
2015-09-14,0.24008490900284862,0.7495356969569625,0.010379394040157038
2015-09-15,0.729462826283966,0.2374922908449392,0.03304488287106307
2015-09-16,0.00027860259733040663,0.9149238677452785,0.08479752965735923
2015-09-17,0.701303030865308,0.23886385091188517,0.05983311822277511
2015-09-18,0.3804725175734505,0.5592776903017782,0.060249792124739424
2015-09-21,0.1985609464287372,0.7066464503557861,0.0947926032154447
2015-09-22,0.8193547051384595,0.002154197632242111,0.1784910972292666
2015-09-23,0.26401435586042504,0.5770519113907935,0.15893373274874964
2015-09-24,0.11878858201345957,0.5700826358224048,0.3111287821641039
2015-09-25,0.1588585917983347,0.46560065986181365,0.3755407483398198
2015-09-28,0.41634266182656027,2.7094142771871503e-05,0.5836302440306361
2015-09-29,0.06698724371280068,0.4689489519952088,0.4640638042919589
2015-09-30,0.3710739123763239,0.14972759564195842,0.47919849198168624
2015-10-01,0.0749416225710159,0.43228534977521804,0.49277302765373476
2015-10-02,1.2277831412591223e-06,0.09126247200748741,0.90873630020934
2015-10-05,0.013866038210541913,0.16911977358061867,0.8170141882088081
2015-10-06,0.12347133177877463,0.5224580160500103,0.35407065217118394
2015-10-07,0.2939928751556686,0.589030992917311,0.11697613192698926
2015-10-08,0.7497890165181966,0.1236311071692776,0.1265798763124945
2015-10-09,0.3070359591433485,0.6555656514306527,0.03739838942596776
2015-10-12,0.5262165835205476,0.461135466443924,0.012647950035497438
2015-10-13,0.4826521326204195,0.5106277888024416,0.006720078577107948
2015-10-14,0.4414944197885996,0.553340780492716,0.0051647997186532665
2015-10-15,0.5614722816783151,0.43180997077567235,0.006717747545981733
2015-10-16,0.3006663953681042,0.695715536543016,0.003618068088848958
2015-10-19,0.9245502048158555,0.06439765872864289,0.0110521364554707
2015-10-20,0.06753248138315138,0.9302903290884369,0.002177189528380894
2015-10-21,0.960021972562937,0.027173611200884608,0.012804416236147698
2015-10-22,0.005773071649412191,0.9899846866474192,0.0042422417031378
2015-10-23,0.7245685045988044,0.2598423271760237,0.01558916822514101
2015-10-26,0.23683455197697126,0.7477256348497135,0.015439813173284394
2015-10-27,0.6949369105779944,0.2423101768927773,0.06275291252919722
2015-10-28,4.123436880787691e-05,0.8330426258394104,0.1669161397917509
2015-10-29,0.655855533314384,3.0298279202299793e-10,0.34414446638260243
2015-10-30,0.12313215222788863,0.7482172248233029,0.12865062294877772
2015-11-02,0.7288568648852473,0.1945278657778931,0.07661526933682887
2015-11-03,0.3289514851321306,0.6439583765863472,0.027090138281491222
2015-11-04,0.5849957790203422,0.4015768278593894,0.013427393120237672
2015-11-05,0.39192458305191835,0.6003764911173232,0.0076989258307278334
2015-11-06,0.6652081566008035,0.3202165205208039,0.014575322878362055
2015-11-09,0.35295200781639574,0.6235102449931261,0.02353774719044759
2015-11-10,0.6054045319160348,0.3817143642513499,0.012881103832584657
2015-11-11,0.3431784022349956,0.6494322625294622,0.007389335235511492
2015-11-12,0.5970908773813143,0.39595131328949873,0.006957809329156243
2015-11-13,0.4209755743461191,0.5746604585122612,0.004363967141588857
2015-11-16,0.5289818699516745,0.46566829000468735,0.00534984004360713
2015-11-17,0.4441547437195738,0.5509668729962118,0.004878383284183411
2015-11-18,0.538108076834882,0.45431626166192796,0.007575661503159121
2015-11-19,0.30022714274603884,0.6939561814728783,0.005816675781051981
2015-11-20,0.6767934248197384,0.3147046945220698,0.008501880658160951
2015-11-23,0.44279732772024466,0.5514195787132435,0.005783093566481093
2015-11-24,0.42904556853039044,0.5622951968636078,0.00865923460597125
2015-11-25,0.40507199548517164,0.5886327093979233,0.0062952951168744106
2015-11-27,0.6413910175561874,0.3499603606219283,0.008648621821853893
2015-11-30,0.3477346958384624,0.6469453212740184,0.00531998288748876
2015-12-01,0.558146258218628,0.43463247618520295,0.007221265596138361
2015-12-02,0.4154048837196294,0.5739596684712859,0.01063544780905394
2015-12-03,0.5600344332090779,0.404949034507089,0.035016532283802304
2015-12-04,0.00032660338978848254,0.9064248495687575,0.09324854704142316
2015-12-07,0.8837718266452907,0.014321288842853079,0.10190688451182556
2015-12-08,0.131525991223188,0.8289982327576331,0.03947577601914828
2015-12-09,0.7559335269697343,0.2189530042987654,0.025113468731469857
2015-12-10,0.24108298464280162,0.7464595892665364,0.012457426090631284
2015-12-11,0.7463259915246824,0.21507484421886738,0.03859916425641955
2015-12-14,0.4081334698337745,0.5606150254081097,0.031251504758085254
2015-12-15,0.3568419202216449,0.6044401600351014,0.038717919743223354
2015-12-16,0.0004042087861261717,0.967908005710921,0.03168778550292231
2015-12-17,0.9568645423821496,6.681797133717132e-07,0.04313478943810668
2015-12-18,1.494438530675541e-06,0.9909386134595191,0.00905989210191987
2015-12-21,0.5574577286701896,0.4213068397089823,0.02123543162079762
2015-12-22,0.4172386049102368,0.5727661118985685,0.00999528319116456
2015-12-23,0.6266480323078301,0.36335189898682757,0.010000068705312271
2015-12-24,0.17066887428986383,0.8188555359486338,0.010475589761472226
2015-12-28,0.9582456901999289,7.880735969195356e-06,0.04174642906407165
2015-12-29,0.04126376898658869,0.9479828126480345,0.010753418365346703
2015-12-30,0.7759199581883562,0.21232829348542104,0.011751748326192763
2015-12-31,0.324656279519518,0.6680226153522786,0.007321105128173392
2016-01-04,0.49342691659918964,0.48903498907151816,0.017538094329262142
2016-01-05,0.14878348005904352,0.8395358715225416,0.011680648418384803
2016-01-06,0.8217719751028372,0.16341388681983204,0.014814138077300743
2016-01-07,0.0009333171043904101,0.9962596086329972,0.002807074262582479
2016-01-08,0.9878636693923727,3.027184788971857e-06,0.012133303422808436
2016-01-11,0.1309603603171934,0.8661590702651534,0.0028805694176234032
2016-01-12,0.8967499151006326,0.09269633346867505,0.010553751430662495
2016-01-13,1.12507931685237e-05,0.9959256638193349,0.004063085387466712
2016-01-14,0.982267211875187,1.2251592756811827e-05,0.017720536532026637
2016-01-15,0.006504807830767843,0.9898127363754283,0.003682455793774345
2016-01-18,0.8341446492714719,0.1517760001016601,0.014079350626838074
2016-01-19,0.07318661822517634,0.915558864146137,0.011254517628656823
2016-01-20,0.5434989624887901,0.44412122700300616,0.012379810508173704
2016-01-21,0.5398922113104844,0.4463441559844646,0.013763632705021086
2016-01-22,0.5485364592770633,0.4320922142020469,0.019371326520859867
2016-01-25,0.15808668205766738,0.8126387030285707,0.029274614913732004
2016-01-26,0.5111694619445407,0.43809370921874824,0.05073682883668107
2016-01-27,0.6838353090159426,0.2719726320269818,0.04419205895704549
2016-01-28,0.28701216010428127,0.6755089324404763,0.03747890745521228
2016-01-29,0.48300527434978696,0.4995886250012205,0.01740610064896226
2016-02-01,0.4557914480593567,0.5351201376936869,0.009088414246926222
2016-02-02,0.5661998077746773,0.42009680061206583,0.01370339161322691
2016-02-03,0.28888095033746686,0.6799626262215522,0.031156423440950758
2016-02-04,0.5436487832341447,0.4070583761049996,0.049292840660825316
2016-02-05,0.3170127014161638,0.5562121648410725,0.1267751337427333
2016-02-08,0.0015591460915844694,0.4233660578445541,0.5750747960638313
2016-02-09,0.2968181823933197,0.37806667738676913,0.32511514021988097
2016-02-10,0.36037358029705974,0.3243543953501506,0.31527202435275936
2016-02-11,0.013646857976961252,0.6076428822274288,0.3787102597955797
2016-02-12,0.2968862097368053,0.6018868730699629,0.10122691719320145
2016-02-16,0.7762450948860798,0.11431615031631875,0.10943875479757098
2016-02-17,0.22995933214927158,0.7428383842174497,0.027202283633248187
2016-02-18,0.6162021064138139,0.36983227589029455,0.013965617695861101
2016-02-19,0.3334062194256933,0.6611488719743812,0.005444908599895158
2016-02-22,0.7072863193987637,0.2836677067351363,0.009045973866069621
2016-02-23,0.15958005893743624,0.8343395612954462,0.006080379767087174
2016-02-24,0.7172333858980345,0.27332718237497705,0.009439431726958103
2016-02-25,0.26197749830187494,0.7301808214943257,0.007841680203769153
2016-02-26,0.9645957566052886,0.010408060903919733,0.024996182490761586
2016-02-29,0.0044914279170753845,0.9918325509873477,0.003676021095546736
2016-03-01,0.9488187995480027,0.03605678248910185,0.015124417962865242
2016-03-02,0.006741474945763176,0.9858183938089353,0.007440131245271558
2016-03-03,0.8220854806382865,0.13741773757662268,0.040496781785060845
2016-03-04,0.001577055825945582,0.926150269964233,0.07227267420979151
2016-03-07,0.7105457307912862,0.2610140187994035,0.02844025040928017
2016-03-08,0.7592768935607299,0.21574589836631,0.02497720807293011
2016-03-09,0.34965906282678066,0.6416449147900046,0.008696022383184529
2016-03-10,0.5525277556951456,0.4383091641173661,0.009163080187458162
2016-03-11,0.3514132837631953,0.6406520641508884,0.007934652085885984
2016-03-14,0.5315100293159145,0.45946403733433955,0.00902593334971604
2016-03-15,0.5081621141388265,0.4761316810150025,0.015706204846141054
2016-03-16,0.7380204478993099,0.24242496707287872,0.019554585027781304
2016-03-17,4.6441889561630385e-08,0.9744778029435817,0.02552215061449876
2016-03-18,0.9519870578033062,0.00828028304941805,0.039732659147245636
2016-03-21,0.24032726568496543,0.7404429809825924,0.019229753332412072
2016-03-22,0.3043388092824546,0.6661163432159453,0.02954484750157007
2016-03-23,0.9302367866596636,0.00012123879920011332,0.06964197454110613
2016-03-24,0.23514070306681709,0.7460371692435741,0.01882212768957869
2016-03-28,0.6909360554340577,0.2976033021181739,0.011460642447738225
2016-03-29,0.2254710015827953,0.7712507244595794,0.0032782739575949347
2016-03-30,0.7865288397501895,0.20473539623178075,0.008735764017999297
2016-03-31,0.013642102792367626,0.9828700965580486,0.003487800649553518
2016-04-01,0.9835261463367329,7.941671709214311e-05,0.016394436946144546
2016-04-04,0.5103005285350042,0.47804573201640466,0.01165373944856086
2016-04-05,0.16260494933660963,0.8183239177783811,0.01907113288497876
2016-04-06,0.7447548606428647,0.21411565884814857,0.041129480508956456
2016-04-07,0.1765720417914269,0.7540149980731671,0.06941296013537562
2016-04-08,0.08571840381947217,0.5628735221246176,0.3514080740558798
2016-04-11,0.05465060332947254,0.15394238774923905,0.7914070089212579
2016-04-12,0.10528116420679579,0.4744355524761065,0.4202832833170674
2016-04-13,0.29547083605691055,0.5334370786233988,0.17109208531966008
2016-04-14,0.5827888831713541,0.283820713145572,0.13339040368304336
2016-04-15,0.1214406091030098,0.7627138435775107,0.11584554731944907
2016-04-18,0.5095059718563711,0.277255078375867,0.21323894976773167
2016-04-19,0.0006256245604530795,0.5945504214534026,0.40482395398611415
2016-04-20,0.28796245235847323,0.5683253083077529,0.1437122393337437
2016-04-21,0.49991720777475157,0.45702508701303524,0.04305770521218296
2016-04-22,0.4412721817434344,0.5426901089668339,0.016037709289701406
2016-04-25,0.4686745654555884,0.5236121847595451,0.007713249784836319
2016-04-26,0.5036917059043277,0.49055034894650723,0.0057579451491351
2016-04-27,0.48624946858389656,0.5076710516847304,0.006079479731342995
2016-04-28,0.5171810521664608,0.4749637225664705,0.007855225267038426
2016-04-29,0.4349099098199585,0.5581008168287447,0.006989273351266546
2016-05-02,0.49666024034884965,0.4949585462915662,0.008381213359553673
2016-05-03,0.5960104143400511,0.3955409499697939,0.008448635690124554
2016-05-04,0.3773536324012765,0.6154817817223963,0.007164585876296696
2016-05-05,0.6009766366435317,0.3881767226618593,0.010846640694578448
2016-05-06,0.18408595809796066,0.8066627545136364,0.009251287388372508
2016-05-09,0.9637307974635041,0.012546511891936205,0.023722690644529292
2016-05-10,0.28115546260590063,0.7104323566942852,0.008412180699783767
2016-05-11,0.4576275805327916,0.5347910615244149,0.007581357942763034
2016-05-12,0.7132993635960332,0.2773060960605537,0.009394540343382813
2016-05-13,0.33145248906726177,0.6627671156037636,0.005780395328944371
2016-05-16,0.5268709990910734,0.46341687184707214,0.0097121290618242
2016-05-17,0.5097247174229385,0.47097908707967956,0.019296195497351776
2016-05-18,0.21423897578856216,0.7251247680391636,0.06063625617224427
2016-05-19,0.7748943828584605,0.002655111146331104,0.22245050599517846
2016-05-20,0.1154404030799242,0.8282533686476583,0.056306228272387335
2016-05-23,0.6817098904099389,0.2924796909147382,0.02581041867529271
2016-05-24,0.3152230681364204,0.6752997768224814,0.009477155041067989
2016-05-25,0.5582838480364762,0.43543000168926693,0.0062861502742266664
2016-05-26,0.46716679636622754,0.5279509120189247,0.004882291614817615
2016-05-27,0.46806114533286963,0.5261563966289937,0.00578245803810635
2016-05-31,0.5480444990572648,0.4411647209488567,0.010790779993848313
2016-06-01,0.4324625084332021,0.5604638033974049,0.0070736881693630885
2016-06-02,0.5244542761979206,0.46747861373160254,0.00806711007044697
2016-06-03,0.4200147777226635,0.5701955554824096,0.00978966679489715
2016-06-06,0.3321965486903451,0.6573376113703241,0.010465839939300942
2016-06-07,0.7390089260698168,0.23726765619950957,0.023723417730643744
2016-06-08,9.179177905350692e-06,0.9452908849132269,0.05469993590883783
2016-06-09,0.2492611569089632,0.6482588795706598,0.10247996352034713
2016-06-10,0.3437470819163839,0.6278988849577617,0.028354033125824487
2016-06-13,0.58539869890945,0.40152878115376306,0.013072519936756994
2016-06-14,0.36079859830589794,0.6336430132308625,0.005558388463209536
2016-06-15,0.6140589684826673,0.37994484274624996,0.005996188771052967
2016-06-16,0.2946584799398799,0.7025008937194704,0.002840626340619869
2016-06-17,0.8898965242196959,0.10149829510556997,0.00860518067470443
2016-06-20,0.2007126315477539,0.7968438922625142,0.002443476189702125
2016-06-21,0.7751992747427511,0.21563160644557594,0.009169118811643161
2016-06-22,0.3042569339597934,0.6879743082528078,0.007768757787369038
2016-06-23,0.6829852413300112,0.282853667499019,0.03416109117094005
2016-06-24,1.0512748417264956e-06,0.881930286416354,0.11806866230877432
2016-06-27,0.12017085748497287,0.7587648755121165,0.12106426700288067
2016-06-28,0.613325744080743,0.22931379950071673,0.1573604564185102
2016-06-29,0.010623953830874874,0.7326786085968644,0.2566974375722309
2016-06-30,0.07059450672591784,0.37009814538026786,0.5593073478937842
2016-07-01,3.2237181069103876e-06,0.11157416449868252,0.8884226117831805
2016-07-05,0.008410697703898112,0.5791172305788587,0.4124720717172131
2016-07-06,0.2288153557985214,0.6805750719588182,0.09060957224263029
2016-07-07,0.8918002975120645,0.009605321915590988,0.09859438057231433
2016-07-08,0.02930163660707086,0.9313010232305516,0.03939734016234753
2016-07-11,0.39650310121760174,0.5863981083237382,0.01709879045863006
2016-07-12,0.8099077861045894,0.1729926694311311,0.0170995444642496
2016-07-13,0.0781736745223629,0.9171776789443378,0.004648646533269329
2016-07-14,0.8487223057947587,0.1419140937940654,0.009363600411146087
2016-07-15,0.23495537835176222,0.762212192641758,0.0028324290064498676
2016-07-18,0.8012301791159602,0.19069363360924071,0.00807618727476924
2016-07-19,0.15877777223665868,0.8380456753066198,0.0031765524566918536
2016-07-20,0.9617146166175591,0.02088155528341848,0.0174038280989927
2016-07-21,0.020748925838474867,0.9745879301445414,0.00466314401695397
2016-07-22,0.8169039350126026,0.17196880145938748,0.01112726352798014
2016-07-25,0.27930271659853817,0.7166264555932248,0.004070827808207311
2016-07-26,0.7167895531241271,0.27271468693319395,0.010495759942649311
2016-07-27,0.10830484954796601,0.877524367979168,0.014170782472836346
2016-07-28,0.4039968255305107,0.5856530785113043,0.010350095958155309
2016-07-29,0.7309820450863631,0.25561148390216626,0.013406471011441237
2016-08-01,0.013326925301974104,0.964681384479133,0.021991690218863692
2016-08-02,0.5263973024939554,0.46506433047025886,0.008538367035756604
2016-08-03,0.7845446374136661,0.20411866815036156,0.011336694435943335
2016-08-04,0.16565618971305618,0.8297467042443064,0.00459710604260838
2016-08-05,0.9784160151496697,0.0003713030780886913,0.02121268177221261
2016-08-08,0.11043083271636041,0.8824910763389949,0.007078090944615764
2016-08-09,0.8121052536150459,0.17506031941393693,0.012834426970988357
2016-08-10,0.05449332812423368,0.9352393304793973,0.010267341396340224
2016-08-11,0.7721914830314126,0.19003357455358968,0.03777494241496897
2016-08-12,0.7966769362512306,0.1620492366925226,0.04127382705621794
2016-08-15,0.106494531905553,0.8750842849813631,0.018421183113055097
2016-08-16,0.5641446292111754,0.4246477556134052,0.011207615175390696
2016-08-17,0.7861382524031066,0.1973739277001489,0.016487819896715543
2016-08-18,0.18410052791639914,0.8012651571037415,0.014634314979830787
2016-08-19,0.9232110106981729,0.01960914257697163,0.057179846724826795
2016-08-22,0.6625371762078968,0.27177227226542516,0.06569055152664954
2016-08-23,0.16518990845216833,0.8189145777206894,0.015895513827113617
2016-08-24,0.8613357293449764,0.11424274624840958,0.02442152440658539
2016-08-25,0.45024349392074003,0.5349426377749087,0.014813868304322533
2016-08-26,0.258046382134352,0.7197180083948274,0.02223560947079204
2016-08-29,0.5083013771939486,0.4818879180664165,0.009810704739606168
2016-08-30,0.6023765525841269,0.3869402361168224,0.010683211299021993
2016-08-31,0.38075362786278766,0.605167867652749,0.014078504484434786
2016-09-01,0.5024403152599667,0.44955388122521356,0.04800580351479111
2016-09-02,0.06805135433515164,0.8045051815502893,0.1274434641145306
2016-09-06,0.0007257168278885143,0.9140892530281471,0.08518503014393569
2016-09-07,0.8948910051708527,0.0018845427847549337,0.10322445204436376
2016-09-08,0.24731615382872643,0.7062185166315418,0.046465329539703275
2016-09-09,0.58780576186788,0.3626184672043798,0.04957577092771183
2016-09-12,0.46220407354287246,0.4751085124556866,0.06268741400141264
2016-09-13,0.32349838066707276,0.6602792310786836,0.016222388254215354
2016-09-14,0.6058059218683695,0.38493846190329645,0.009255616228305794
2016-09-15,0.3245837759075552,0.6712136298963588,0.0042025941960577625
2016-09-16,0.7539801559349057,0.23570836201803672,0.01031148204702921
2016-09-19,0.0027016675132464935,0.9858695142111655,0.011428818275559686
2016-09-20,0.8161031302736342,0.14795635604799257,0.035940513678345096
2016-09-21,0.005526701235766144,0.964170589991783,0.030302708772422512
2016-09-22,0.33453745317991174,0.6326824620966601,0.032780084723399584
2016-09-23,0.9395812632079523,0.01240135454117318,0.04801738225084604
2016-09-26,0.1943606541753294,0.7734734923367755,0.032165853487866825
2016-09-27,0.5310686641289978,0.39165456470968885,0.07727677116128503
2016-09-28,0.42198260381676095,0.527737005970648,0.050280390212563024
2016-09-29,0.4902622161809591,0.4357568727969182,0.07398091102209459
2016-09-30,0.192371981015334,0.6183281881591034,0.18929983082553445
2016-10-03,0.11740613087489547,0.18044609675495132,0.702147772370125
2016-10-04,9.971832569387409e-05,0.0013184977890679452,0.9985817838852104
2016-10-05,0.0011202380106590723,0.5788963536824402,0.41998340830687314
2016-10-06,0.3928687131329258,0.4199728692219741,0.1871584176450726
2016-10-07,0.3835896171646935,0.5657203672105415,0.05069001562473759
2016-10-10,0.5291764751756506,0.44262414075290657,0.02819938407141563
2016-10-11,0.33999343361402234,0.6308372324951331,0.02916933389081739
2016-10-12,0.5847982308077463,0.4017239470349474,0.013477822157279067
2016-10-13,0.3595651870473009,0.6336018274167895,0.006832985535882406
2016-10-14,0.5316383634904427,0.46233309487114294,0.006028541638387188
2016-10-17,0.5612123203789336,0.432094358917882,0.00669332070315727
2016-10-18,0.24330096259624595,0.7487553740868628,0.007943663316864136
2016-10-19,0.5893921622518096,0.40379848272545865,0.006809355022704763
2016-10-20,0.4473218067862348,0.5478732893548608,0.004804903858877444
2016-10-21,0.5079950998796839,0.48650323339868323,0.005501666721605728
2016-10-24,0.46192223134812155,0.5309681131321035,0.0071096555197480565
2016-10-25,0.3996352251417624,0.5933971991192409,0.0069675757389694865
2016-10-26,0.741740503494281,0.24859566618884832,0.009663830316843708
2016-10-27,0.34491051771716547,0.6488474871916209,0.0062419950911870685
2016-10-28,0.4180787474914013,0.5728029873321214,0.009118265176450382
2016-10-31,0.6668111542495218,0.31455391149682943,0.01863493425362192
2016-11-01,0.0009059232432672178,0.9521540121138855,0.04694006464282073
2016-11-02,0.36407670379945506,0.61371874919131,0.02220454700920816
2016-11-03,0.8559097524508338,0.11738486449345728,0.026705383055682184
2016-11-04,0.22189681096081093,0.7690053389687975,0.009097850070364684
2016-11-07,0.7421604962788242,0.23358259730206796,0.02425690641908072
2016-11-08,0.09597505143030353,0.8616938813975126,0.04233106717215674
2016-11-09,0.5567553876946565,0.272213957101388,0.1710306552039284
2016-11-10,0.08122856937023713,0.5976831769305254,0.3210882536992105
2016-11-11,0.05369528617880295,0.3847668626319906,0.5615378511891794
2016-11-14,4.3181923061851984e-07,5.346406332277252e-24,0.9999995681807426
2016-11-15,2.9098290642565494e-08,0.7644336694938836,0.23556630140779888
2016-11-16,0.5618670573321982,0.3595862524206101,0.07854669024716471
2016-11-17,0.3118533319854554,0.664264552083744,0.023882115930773815
2016-11-18,0.5604815026772914,0.42294158971485674,0.016576907607825153
2016-11-21,0.2549089354549653,0.7370262178089632,0.008064846736044993
2016-11-22,0.6348029755344956,0.3570194298131167,0.008177594652361068
2016-11-23,0.4315149434782031,0.562197788305161,0.006287268216609384
2016-11-25,0.4750682260612181,0.5200599087792566,0.004871865159498684
2016-11-28,0.5799053756139274,0.4142981030214172,0.0057965213646287836
2016-11-29,0.3884611194362908,0.6070103054065894,0.004528575157093181
2016-11-30,0.6047288592103421,0.38729781463551916,0.007973326154112084
2016-12-01,0.4703456173736529,0.521741008631356,0.007913373994964794
2016-12-02,0.36930535151318006,0.6111365589279828,0.019558089558810943
2016-12-05,0.44623087224563474,0.5452644097745046,0.008504717979834427
2016-12-06,0.6627864534177478,0.3232819342129452,0.013931612369280765
2016-12-07,0.029690562403717546,0.9401183056696001,0.03019113192665628
2016-12-08,0.7213005914647361,0.2511713645211079,0.027528044014129782
2016-12-09,0.4447854263811935,0.5311466241694158,0.02406794944936455
2016-12-12,0.16197706699363346,0.7661941507732087,0.07182878223313147
2016-12-13,0.7807713608473896,0.007369544271535012,0.21185909488104915
2016-12-14,0.00017002776342884825,0.774673054110557,0.22515691812598793
2016-12-15,0.025947284795161882,9.452715548319395e-15,0.9740527152048023
2016-12-16,1.6313411849858397e-05,0.8776446667209329,0.12233901986719077
2016-12-19,0.7591086950835092,0.18280417901856694,0.05808712589789727
2016-12-20,0.27888145381062857,0.7054876932304329,0.015630852958911853
2016-12-21,0.6423403188942022,0.34223899284222226,0.015420688263549188
2016-12-22,0.3416976023415583,0.6492581716626088,0.009044225995806475
2016-12-23,0.49752585564425644,0.4884110809394851,0.014063063416231994
2016-12-27,0.2756314726038689,0.7108443035235753,0.013524223872529346
2016-12-28,0.6554548955254729,0.3329790655146069,0.011566038959893938
2016-12-29,0.22324504251295624,0.7723781034630665,0.004376854023951382
2016-12-30,0.9739183693375,0.010198421153787338,0.015883209508686724
2017-01-03,1.3477834944391195e-05,0.9926330106938364,0.007353511471193275
2017-01-04,0.755209867414046,0.23438541688265507,0.01040471570327283
2017-01-05,0.23600665915013916,0.7604324552518598,0.003560885597975315
2017-01-06,0.6942041934472042,0.2975307646202252,0.008265041932544698
2017-01-09,0.24295011116976306,0.7509285405863708,0.006121348243840092
2017-01-10,0.6008700729834094,0.3897416518773746,0.00938827513919
2017-01-11,0.5062648465577344,0.48714036677561584,0.006594786666623886
2017-01-12,0.3256308580917963,0.6687265367442597,0.005642605163917857
2017-01-13,0.6983375933812397,0.28911998766206154,0.01254241895667248
2017-01-17,0.0436311909963763,0.9393995320263242,0.016969276977273417
2017-01-18,0.44615196372385885,0.5385066818336538,0.015341354442461232
2017-01-19,0.7347444939035095,0.250466628485698,0.01478887761076646
2017-01-20,0.3707494266912126,0.6235975528369353,0.0056530204718262915
2017-01-23,0.5517583859171136,0.44228717031044573,0.005954443772414921
2017-01-24,0.43128405695887934,0.5630543221665543,0.005661620874540641
2017-01-25,0.5365699176969171,0.4516271013066769,0.01180298099638047
2017-01-26,0.6242247501410286,0.3638880605677489,0.011887189291196778
2017-01-27,0.027621133929379607,0.9623358267519841,0.01004303931861077
2017-01-30,0.8204172171138764,0.1658265354827485,0.013756247403349546
2017-01-31,0.10065640130797839,0.8930425777566864,0.006301020935309863
2017-02-01,0.7843928578956231,0.20617090058437557,0.009436241519975862
2017-02-02,0.3085968523848232,0.6877096180199748,0.003693529595176815
2017-02-03,0.6110585776265413,0.38236832021388617,0.006573102159547466
2017-02-06,0.3837509733193096,0.6096498703170258,0.006599156363639447
2017-02-07,0.6011539959896885,0.39162620492820305,0.007219799082083062
2017-02-08,0.3573203423755398,0.637911092968423,0.004768564656012028
2017-02-09,0.5921760065750469,0.4005310178025695,0.007292975622358476
2017-02-10,0.377654760776534,0.6151158475847118,0.0072293916387291875
2017-02-13,0.6150856438888171,0.37783128976708275,0.00708306634407507
2017-02-14,0.3632282190992226,0.6319096462664914,0.004862134634260865
2017-02-15,0.578649629941016,0.41595924245344473,0.005391127605514245
2017-02-16,0.4231794590358792,0.5730954561884914,0.003725084775604306
2017-02-17,0.5166383765483843,0.47844139782732653,0.004920225624264151
2017-02-21,0.4532501622809974,0.5424016070699823,0.004348230648995369
2017-02-22,0.534829115513988,0.45941974390267876,0.005751140583308373
2017-02-23,0.35442997658687025,0.6393131620978751,0.00625686131522963
2017-02-24,0.6078465707611515,0.381606393631022,0.010547035607801672
2017-02-27,0.3503397660274265,0.644785551989417,0.004874681983131559
2017-02-28,0.6650310846658601,0.3259630123053707,0.00900590302874445
2017-03-01,0.1872227381567845,0.8016999592737808,0.011077302569410063
2017-03-02,0.955997010211034,2.046772098927213e-05,0.04398252206795196
2017-03-03,0.6377921958338548,0.3281487124798069,0.034059091686313527
2017-03-06,0.24870870469608258,0.744722693150689,0.006568602153203549
2017-03-07,0.853652137285038,0.13400393314422482,0.01234392957071246
2017-03-08,0.36716570815841865,0.6245912424083425,0.008243049433214227
2017-03-09,0.55591541901978,0.42840940352266266,0.015675177457532823
2017-03-10,0.5409688950356359,0.4479464283753831,0.01108467658895657
2017-03-13,0.4448214902831097,0.5478434136310766,0.00733509608578934
2017-03-14,0.425634116661942,0.5684158175870642,0.005950065750969386
2017-03-15,0.6556041532589416,0.3326878505587906,0.011707996182243493
2017-03-16,0.0015349193877744734,0.9751490899577049,0.023315990654496264
2017-03-17,0.36866833696990264,0.6021184349485519,0.02921322808152086
2017-03-20,0.5870332125901174,0.3844951446736442,0.02847164273621377
2017-03-21,0.1641668009894809,0.7993204830169345,0.03651271599356016
2017-03-22,0.6746111070617696,0.26995068359218133,0.055438209346024364
2017-03-23,0.3815211849332475,0.5882086189833845,0.030270196083343342
2017-03-24,0.3022514643211227,0.6698801859625164,0.02786834971633632
2017-03-27,0.5216341100503189,0.43698782015209997,0.04137806979755647
2017-03-28,0.22065811912841826,0.7586738282948731,0.020668052576683957
2017-03-29,0.5708001539258308,0.41796504653601096,0.011234799538133566
2017-03-30,0.4437349754717654,0.5486559523235767,0.007609072204633445
2017-03-31,0.4301496223702406,0.5649316512715118,0.004918726358223028
2017-04-03,0.6245727702300337,0.3689797347801909,0.006447494989750828
2017-04-04,0.22457241875777043,0.7712377110875791,0.0041898701546259414
2017-04-05,0.7985663437724593,0.19179625531515113,0.009637400912365191
2017-04-06,0.3193653468067305,0.6743337341576793,0.006300919035566111
2017-04-07,0.3729311512830868,0.6203777575970457,0.006691091119843302
2017-04-10,0.9113089997217632,0.07260059787573851,0.016090402402474068
2017-04-11,0.0008608274206263485,0.9907818510296469,0.008357321549702739
2017-04-12,0.6298518336307672,0.3537834882413118,0.016364678127897003
2017-04-13,0.3576153394768173,0.6315793738583885,0.0108052866647704
2017-04-17,0.3861628318980696,0.6082089569020416,0.005628211199864848
2017-04-18,0.9289986015358012,0.05737426095471782,0.013627137509457063
2017-04-19,0.3009975172546645,0.6942889559339525,0.004713526811358906
2017-04-20,0.5622351486520257,0.43156739262851584,0.006197458719434421
2017-04-21,0.5035269662899396,0.49155394274602665,0.00491909096400959
2017-04-24,0.5106192371661908,0.4854747659640297,0.0039059968697554223
2017-04-25,0.9503024389268481,0.04106997604136139,0.008627585031766485
2017-04-26,0.3934424659639913,0.6018012747734209,0.004756259262563509
2017-04-27,0.6847547362088583,0.30785148328237427,0.0073937805087435395
2017-04-28,0.20298389219734572,0.7912989479483278,0.005717159854302464
2017-05-01,0.9316789256363421,0.04130002665103881,0.027021047712595267
2017-05-02,0.17338633228566425,0.8192415966210443,0.0073720710932674
2017-05-03,0.8857894811590367,0.09625562913006663,0.017954889710872515
2017-05-04,0.19237473020604054,0.7973415300190938,0.010283739774841521
2017-05-05,0.7319645966794734,0.25891993165556454,0.009115471664937983
2017-05-08,0.25044738262194843,0.7462645976884682,0.0032880196895593724
2017-05-09,0.8108238203316566,0.17934120669440318,0.009834972973916462
2017-05-10,0.10269636369476927,0.8908315133186963,0.006472122986510634
2017-05-11,0.6206346642532838,0.3716540549245631,0.007711280822129236
2017-05-12,0.48639442227080537,0.5065572311299023,0.007048346599268757
2017-05-15,0.24757825814705683,0.7447748825721521,0.00764685928076745
2017-05-16,0.7076659423976818,0.28234503320308535,0.00998902439920922
2017-05-17,0.161342716563159,0.8281681196469874,0.010489163789829828
2017-05-18,0.913679806027628,0.039372433076269954,0.046947760896078494
2017-05-19,0.3664963172050368,0.5892945475742924,0.04420913522064706
2017-05-22,0.06642166564520093,0.8753392906031082,0.058239043751667295
2017-05-23,0.6047073930745722,0.35788402000252223,0.03740858692288197
2017-05-24,0.42767567262462314,0.5594650647150894,0.012859262660263946
2017-05-25,0.47660459649137377,0.5142015745630586,0.009193828945543997
2017-05-26,0.45370757326086636,0.5360472912936007,0.01024513544550922
2017-05-30,0.3957327681421814,0.5944037602105448,0.009863471647250136
2017-05-31,0.4925565997574149,0.49775622290908533,0.009687177333476373
2017-06-01,0.8156177432998157,0.16621871266458396,0.018163544035576983
2017-06-02,0.023519786702273227,0.9584254810767461,0.018054732220957395
2017-06-05,0.6449555183609786,0.3360871107026396,0.018957370936358534
2017-06-06,0.28019226331437,0.7116952977514495,0.008112438934157373
2017-06-07,0.6380198271962307,0.3504130337830847,0.011567139020661442
2017-06-08,0.6647505660918913,0.32468974449377874,0.010559689414306756
2017-06-09,0.44873110359094964,0.5432305237921943,0.00803837261683277
2017-06-12,0.6973556672076345,0.2878637463458754,0.01478058644646647
2017-06-13,0.7948596601903881,0.18891864332868027,0.016221696480908012
2017-06-14,9.545691433394748e-06,0.9972034675049856,0.0027869868035575165
2017-06-15,0.9856309794262964,5.9540527271589945e-05,0.014309480046408703
2017-06-16,0.41686190132818585,0.5757514359088622,0.007386662762928369
2017-06-19,0.5736163124713177,0.41962729599489107,0.006756391533767789
2017-06-20,0.46010007672442566,0.5345022260619121,0.00539769721363902
2017-06-21,0.6104661747633523,0.38192884805150723,0.007604977185117146
2017-06-22,0.23846867939152766,0.7524753526779931,0.009055967930455914
2017-06-23,0.5208388153236666,0.4703798291588937,0.0087813555174162
2017-06-26,0.4995857267616802,0.4926832327019206,0.007731040536375458
2017-06-27,0.6477884778114975,0.3445283149781497,0.007683207210329195
2017-06-28,0.18882558650880574,0.8079194930777941,0.003254920413376483
2017-06-29,0.9426817104818376,0.04506261787152708,0.012255671646611791
2017-06-30,0.10123324462993577,0.8938631362207995,0.004903619149241225
2017-07-03,0.9643549491006733,0.0025845381284487334,0.03306051277085431
2017-07-05,0.5905048982429889,0.3819472839303089,0.027547817826678558
2017-07-06,0.1845640307633025,0.7855760119224093,0.029859957314264475
2017-07-07,0.9031515022417588,0.0004731756090993878,0.09637532214911827
2017-07-10,0.014298458813987261,0.9670252984385405,0.018676242747448522
2017-07-11,0.783333077681543,0.20395979166031403,0.012707130658119115
2017-07-12,0.26791373972974697,0.7272739880471777,0.004812272223051648
2017-07-13,0.8489787874192422,0.1385360992638861,0.012485113316848057
2017-07-14,0.1116649175533765,0.8835564514950895,0.004778630951510235
2017-07-17,0.7525254819523763,0.23703754219065024,0.01043697585694968
2017-07-18,0.32741610366174795,0.6680897302962011,0.0044941660420272905
2017-07-19,0.5916272704343859,0.40230184558731563,0.0060708839782750755
2017-07-20,0.38242799142737216,0.6130716879164719,0.0045003206561325185
2017-07-21,0.5256830371405393,0.4691489237770096,0.0051680390824275025
2017-07-24,0.491284117269575,0.5037206982102009,0.004995184520200624
2017-07-25,0.42085269410816656,0.57385780493123,0.005289500960579978
2017-07-26,0.6645472397230958,0.3271446551514957,0.008308105125385056
2017-07-27,0.25782478402731035,0.7360971567040657,0.006078059268600633
2017-07-28,0.6075596889785765,0.3864219599903372,0.006018351031062915
2017-07-31,0.4379180477913204,0.5574674057628729,0.0046145464457832555
2017-08-01,0.48375058749383343,0.5088479490425191,0.007401463463624097
2017-08-02,0.542769384900624,0.45085671951571,0.0063738955836425415
2017-08-03,0.3741369040572788,0.6197887399839214,0.0060743559587763335
2017-08-04,0.8784165952824744,0.10533644299725452,0.016246961720247696
2017-08-07,0.2724920509497958,0.7151520097941091,0.012355939256071685
2017-08-08,0.6321181416156996,0.3251010167569701,0.0427808416273069
2017-08-09,0.010411622703262131,0.9144998639033092,0.07508851339340525
2017-08-10,0.4212568390746307,0.5494682041669221,0.029274956758423894
2017-08-11,0.5719431187150449,0.414399240657676,0.013657640627255815
2017-08-14,0.30584935440744804,0.6873218572455622,0.006828788346966588
2017-08-15,0.9773199822168994,0.004270926825280174,0.01840909095779724
2017-08-16,0.006185065194953268,0.9853775600627274,0.008437374742296
2017-08-17,0.6142231680840224,0.3745310598526461,0.01124577206330816
2017-08-18,0.478571462550943,0.5151703079895349,0.006258229459498725
2017-08-21,0.44648539254220065,0.548642756412663,0.004871851045112917
2017-08-22,0.5162485082022493,0.4787117482976948,0.005039743500032346
2017-08-23,0.46897688448850655,0.5261807825237503,0.004842332987719619
2017-08-24,0.4899091870423006,0.5042741032623598,0.005816709695316195
2017-08-25,0.5673554645824943,0.4234262364903476,0.009218298927134716
2017-08-28,0.2659354849767995,0.7140571933714908,0.020007321651686335
2017-08-29,0.5704126095529044,0.4179340646114196,0.011653325835652524
2017-08-30,0.42746506270423207,0.5664762823266875,0.00605865496905687
2017-08-31,0.5772697153756755,0.4147851838732247,0.007945100751076257
2017-09-01,0.3163966713141455,0.6709910883094642,0.012612240376366874
2017-09-05,0.5687238372294086,0.42409297108022503,0.007183191690342973
2017-09-06,0.44299520045039054,0.5522542058609404,0.004750593688645733
2017-09-07,0.4968252801895384,0.49781567674603433,0.0053590430644040584
2017-09-08,0.4405202389467459,0.5551915191054472,0.00428824194778356
2017-09-11,0.5807823793047532,0.4132655333382254,0.005952087356998257
2017-09-12,0.4682194786503242,0.5263916404534523,0.00538888089620021
2017-09-13,0.418682331065275,0.5747211856095157,0.006596483325186066
2017-09-14,0.5619981680212176,0.4266719899063887,0.011329842072370321
2017-09-15,0.20183967269960773,0.784685783580789,0.013474543719579617
2017-09-18,0.9525882882656669,0.0006054222485341165,0.04680628948577546
2017-09-19,0.08473091309276164,0.8915203603444388,0.023748726562775987
2017-09-20,0.3975694096964865,0.5903353170484967,0.01209527325499321
2017-09-21,0.9369206522976443,0.04369238316199207,0.019386964540340133
2017-09-22,0.5386559830656661,0.44863129989689543,0.012712717037415
2017-09-25,0.054885357465192436,0.9397902728491951,0.005324369685588922
2017-09-26,0.9539346326895338,0.03316920179967773,0.012896165510764768
2017-09-27,0.28373719583062557,0.7115074381758664,0.004755365993484616
2017-09-28,0.45578123637527895,0.5395898519613175,0.004628911663380199
2017-09-29,0.7589493496241089,0.23253878926485652,0.008511861111011087
2017-10-02,0.24795982013194398,0.7469625715277851,0.005077608340247675
2017-10-03,0.6111618494568343,0.3825530017029559,0.006285148840186346
2017-10-04,0.4141568894646555,0.5809175822867588,0.004925528248562041
2017-10-05,0.5334991663784688,0.45648565698941557,0.01001517663209189
2017-10-06,0.237113433064948,0.7526393750876401,0.010247191847388367
2017-10-09,0.658083283316431,0.32427089854889296,0.017645818134652498
2017-10-10,0.10348984891597904,0.8907775971429919,0.0057325539410054225
2017-10-11,0.9366673649494691,0.0475123192063505,0.015820315844156906
2017-10-12,0.05414466766420063,0.9404132664259308,0.005442065909845024
2017-10-13,0.7115873696553503,0.2744139664319923,0.013998663912633841
2017-10-16,0.19904062158224034,0.7942448060905073,0.006714572327228788
2017-10-17,0.9266140541996146,0.05772529931551434,0.015660646484847482
2017-10-18,0.5906609655772297,0.39679242166518797,0.012546612757558749
2017-10-19,0.02290678792621518,0.9686176929873568,0.008475519086404662
2017-10-20,0.926386979624064,0.050898369987855026,0.022714650388057554
2017-10-23,0.13547336331564575,0.859122749831903,0.0054038868524279035
2017-10-24,0.7621574731091268,0.2295228761013794,0.008319650789470421
2017-10-25,0.40720155864926744,0.5880810608139219,0.004717380536787443
2017-10-26,0.4312461301592915,0.5637964326537013,0.004957437186983699
2017-10-27,0.6165759378518,0.3771307355583583,0.00629332658981833
2017-10-30,0.2267465792170439,0.7701703751446018,0.0030830456383310507
2017-10-31,0.9380878725734627,0.05098337115229548,0.010928756274218455
2017-11-01,2.2620424280596022e-08,0.9975471062441544,0.0024528711353981893
2017-11-02,0.6929234946141444,0.29037803260086686,0.016698472784965758
2017-11-03,0.9531683609237612,0.026528990759755008,0.02030264831646074
2017-11-06,7.922931525162269e-06,0.9983219762585429,0.001670100809909085
2017-11-07,0.9868840541854137,0.0006466270308211949,0.012469318783742092
2017-11-08,0.0028294257916454163,0.9956217012501694,0.0015488729581622594
2017-11-09,0.9517345964985442,0.037718757932578985,0.010546645568853864
2017-11-10,0.41094636474236407,0.5824842630780093,0.006569372179603614
2017-11-13,0.15471826911975625,0.8320803514792878,0.013201379400932947
2017-11-14,0.6145710186416793,0.3765116654637144,0.00891731589458335
2017-11-15,0.5895912619305681,0.40065049163799765,0.00975824643141127
2017-11-16,0.39661485367117705,0.5899530024024718,0.013432143926328258
2017-11-17,0.12396952757492875,0.8640999513227199,0.011930521102328262
2017-11-20,0.9763821651674115,1.8599444416022387e-05,0.023599235388149384
2017-11-21,0.06915027558089214,0.9217551263677356,0.009094598051349266
2017-11-22,0.560775795267289,0.43294101628971277,0.006283188442975158
2017-11-24,0.6947257287702632,0.2969497722699445,0.008324498959769479
2017-11-27,0.2882732678530173,0.7067408322779787,0.004985899868981203
2017-11-28,0.6741396825894188,0.31287966558281594,0.012980651827742471
2017-11-29,0.6451275610215126,0.33576805022631845,0.01910438875214623
2017-11-30,0.42702773955793627,0.5651330229493917,0.007839237492649379
2017-12-01,0.594788475460179,0.3973896446468271,0.007821879892971288
2017-12-04,0.24452200888906075,0.752227646560537,0.0032503445503795974
2017-12-05,0.9145722596620663,0.0748222658041245,0.010605474533786545
2017-12-06,0.34149595981244346,0.6540366815244287,0.004467358663105162
2017-12-07,0.5155594454750253,0.47812701920465434,0.006313535320297965
2017-12-08,0.4905585885223527,0.5040800772132545,0.005361334264370261
2017-12-11,0.4102866096365374,0.5853968385069122,0.00431655185652769
2017-12-12,0.6266438429803662,0.3659415202345154,0.007414636785095646
2017-12-13,0.23133449952607965,0.7602350882429677,0.008430412230929853
2017-12-14,0.579614922624588,0.4094527121042069,0.010932365271182146
2017-12-15,0.4160487775814582,0.5716774152993531,0.012273807119165725
2017-12-18,0.3790794517418429,0.6136091113959399,0.007311436862194361
2017-12-19,0.7328518569603858,0.255268746721333,0.011879396318258297
2017-12-20,0.18317217727686744,0.8120266888106102,0.0048011339124995
2017-12-21,0.7831571558208946,0.20639495161083973,0.010447892568242927
2017-12-22,0.09745993091317627,0.8941099535813989,0.008430115505402179
2017-12-26,0.666112362279004,0.3227680968216891,0.011119540899284054
2017-12-27,0.4140264837143305,0.5802147395393831,0.005758776746263745
2017-12-28,0.4851341995972819,0.5074266603910245,0.007439140011671079
2017-12-29,0.5466844951545088,0.4458651400880354,0.007450364757433346
2018-01-02,0.42282247533961564,0.5728102330800471,0.004367291580314576
2018-01-03,0.5755161149071465,0.41878509078978227,0.005698794303048537
2018-01-04,0.42727111407259283,0.5687237010685986,0.0040051848587855906
2018-01-05,0.5133494859434006,0.48199862122809356,0.0046518928284830525
2018-01-08,0.5065390408952243,0.48846979690502423,0.004991162199728815
2018-01-09,0.43424593247408355,0.5607769906956366,0.0049770768302573026
2018-01-10,0.5058060792627908,0.48900877258093767,0.005185148156249085
2018-01-11,0.47576557365735533,0.5185713248780817,0.0056631014645405955
2018-01-12,0.4310339968761842,0.5644688696742296,0.004497133449563883
2018-01-16,0.576941614563408,0.41771159390512663,0.005346791531443105
2018-01-17,0.30622338797927134,0.6903677873812493,0.003408824639457175
2018-01-18,0.8273003389409235,0.16217966006890264,0.010520000990151811
2018-01-19,0.14819716620114848,0.845785462025284,0.0060173717735454695
2018-01-22,0.6114854758505783,0.3794946913200543,0.009019832829345166
2018-01-23,0.5431231237042338,0.4437880868194582,0.013088789476285945
2018-01-24,0.00047822628682230505,0.9634825955594377,0.03603917815371778
2018-01-25,0.2305423540928926,0.7569327558374624,0.012524890069622544
2018-01-26,0.8758033234495151,0.10786256599983077,0.01633411055063172
2018-01-29,0.09699150633015848,0.9000455411246735,0.002962952545145465
2018-01-30,0.9833029689140714,0.0015967300640087464,0.015100301021897307
2018-01-31,0.0010669417871490893,0.9945411559952029,0.0043919022176255595
2018-02-01,0.8273630721267782,0.15890660870704013,0.013730319166159185
2018-02-02,0.9444843896238715,0.03817775887504035,0.01733785150106578
2018-02-05,0.10857613977173322,0.8844774752280463,0.006946385000198259
2018-02-06,0.5107622831751225,0.4810001829697487,0.008237533855106454
2018-02-07,0.7081981673489399,0.2785217723391027,0.013280060311935116
2018-02-08,0.042158007744962235,0.9541270819674225,0.0037149102875928637
2018-02-09,0.9353188700127013,0.0516377356368041,0.013043394350472186
2018-02-12,0.00032391664711061167,0.9965789277391377,0.00309715561372945
2018-02-13,0.9485586129028248,0.04009137152152898,0.011350015575623883
2018-02-14,0.016524263845782105,0.9811911086632417,0.002284627490953951
2018-02-15,0.9441837072632354,0.04674762899618808,0.009068663740554376
2018-02-16,0.14248938401000003,0.8555549027132844,0.001955713276693377
2018-02-20,0.8693217185888679,0.1193975777780389,0.0112807036330707
2018-02-21,0.008326505167189208,0.9872011902931856,0.004472304539602498
2018-02-22,0.7599530958814781,0.23220103521311206,0.007845868905387418
2018-02-23,0.4441551241750762,0.5503942452531289,0.005450630571772416
2018-02-26,0.32573372707440684,0.6680889639295923,0.0061773089959785395
2018-02-27,0.7776475336547153,0.20867067507840728,0.013681791266854986
2018-02-28,0.18348844974369424,0.8129818361517553,0.0035297141045280184
2018-03-01,0.8740964231299292,0.11459817718146888,0.011305399688579664
2018-03-02,0.028496876801821256,0.9670568251362408,0.004446298061915764
2018-03-05,0.8983158513317903,0.0828325243955031,0.018851624272684255
2018-03-06,8.649586876447775e-05,0.9966432748271671,0.0032702293040457403
2018-03-07,0.980287284024379,0.0004049866361480162,0.019307729339450297
2018-03-08,0.170841849455556,0.8202456473398243,0.008912503204597008
2018-03-09,0.3212292715901914,0.6679460021361308,0.010824726273655279
2018-03-12,0.8698356810421138,0.10804793205681798,0.022116386901045386
2018-03-13,0.04795923941010789,0.9389100239135132,0.013130736676356298
2018-03-14,0.8654980730354714,0.10881402807697974,0.025687898887526053
2018-03-15,0.24318734909551618,0.7501285671871146,0.006684083717346659
2018-03-16,0.6666108371701202,0.3238585971668079,0.00953056566304928
2018-03-19,0.2742761836311363,0.7216031476038798,0.004120668764961222
2018-03-20,0.7645211845018219,0.2259204751471471,0.009558340351008363
2018-03-21,0.07014988183568599,0.9229445775813073,0.0069055405829839935
2018-03-22,0.7854916707838531,0.1959029939030023,0.01860533531312191
2018-03-23,0.08351517170788325,0.9056461708643937,0.010838657427700253
2018-03-26,0.5379249811267864,0.44881115298034874,0.013263865892842246
2018-03-27,0.6912450664942851,0.2825571848371487,0.02619774866854388
2018-03-28,0.27013214175993455,0.7195190258327947,0.010348832407248564
2018-03-29,0.7497872466130282,0.23586976146770133,0.014342991919248335
2018-04-02,0.00014077391560754962,0.9956486507188279,0.0042105753655421714
2018-04-03,0.981039881187547,0.0023349585269115676,0.016625160285518928
2018-04-04,0.41749433053822044,0.5721118315189546,0.010393837942802386
2018-04-05,0.16760140546764338,0.8233109152551848,0.009087679277149523
2018-04-06,0.7480330904566125,0.24159394359605557,0.010372965947309748
2018-04-09,0.15160403381144424,0.8440781616105116,0.0043178045780221
2018-04-10,0.7879176896156463,0.20323021474923136,0.008852095635100227
2018-04-11,0.07215545070908173,0.9249626664223178,0.0028818828685783157
2018-04-12,0.9846867112438125,0.0017753031595538612,0.01353798559661144
2018-04-13,0.005785272738176646,0.9902511817967348,0.003963545465066721
2018-04-16,0.7401888738309732,0.24039826825606206,0.01941285791294302
2018-04-17,0.28975714158757804,0.679395128699264,0.030847729713136277
2018-04-18,0.6695340132519417,0.20096919677853822,0.12949678996949832
2018-04-19,0.37956992266430534,0.563773070147895,0.056657007187778045
2018-04-20,0.28480461265708773,0.6838672438169973,0.03132814352589359
2018-04-23,0.9332193168355452,0.004598452129822298,0.06218223103461096
2018-04-24,0.038294041747625844,0.9519187502004564,0.009787208051896293
2018-04-25,0.8544234078947185,0.13341948515090066,0.012157106954359481
2018-04-26,0.24944902096914487,0.7467163682000064,0.003834610830827445
2018-04-27,0.6630018377147039,0.32910698590028264,0.00789117638499238
2018-04-30,0.2636705836283419,0.7325974198692137,0.0037319965024232996
2018-05-01,0.8586252411568197,0.12884472285551002,0.01253003598764904
2018-05-02,0.016791235052284064,0.9772350326580812,0.005973732289613577
2018-05-03,0.7068119807761294,0.2857578256364199,0.007430193587429751
2018-05-04,0.4416986244295359,0.553587924257169,0.0047134513132741345
2018-05-07,0.49859833979239515,0.49622129066508514,0.005180369542498598
2018-05-08,0.4971846814034983,0.4975687671278856,0.005246551468594934
2018-05-09,0.43582496142576443,0.5583490697914717,0.005825968782742745
2018-05-10,0.4909514585627088,0.5032480110757168,0.005800530361553399
2018-05-11,0.6024286256122326,0.39089766864843734,0.006673705739309005
2018-05-14,0.201216730024023,0.793728086861237,0.005055183114719171
2018-05-15,0.943813555575748,0.03731511978056738,0.01887132464366348
2018-05-16,0.00871527534802691,0.982025012052866,0.00925971259908609
2018-05-17,0.7490303182514492,0.23953251384938845,0.011437167899141176
2018-05-18,0.38869963729087964,0.6038528703839086,0.007447492325190883
2018-05-21,0.46400177844243945,0.5253578416793294,0.010640379878210069
2018-05-22,0.39393540400598126,0.6002316730103701,0.005832922983627578
2018-05-23,0.7878926883154703,0.20144485352252936,0.010662458161979362
2018-05-24,0.02141207092960171,0.973123128785848,0.005464800284529509
2018-05-25,0.8407388068802187,0.14632692070262393,0.012934272417136291
2018-05-29,0.3814030986845211,0.6104406184867036,0.008156282828754215
2018-05-30,0.3003041763148282,0.6870752753118989,0.012620548373251725
2018-05-31,0.6412075015051285,0.34939136320032044,0.009401135294529748
2018-06-01,0.4424203976981575,0.5513297222847778,0.006249880017043413
2018-06-04,0.4183577787842375,0.5740397360771862,0.007602485138554969
2018-06-05,0.47594063929418723,0.5186212319801415,0.005438128725649848
2018-06-06,0.5914196347022744,0.40242371068455385,0.006156654613150387
2018-06-07,0.39652231784229924,0.598846339452877,0.004631342704802503
2018-06-08,0.6409203668269683,0.3495774881139075,0.009502145059102983
2018-06-11,0.2361259337095245,0.7484922769702937,0.015381789320160362
2018-06-12,0.56644439623155,0.3991694003596574,0.03438620340877127
2018-06-13,0.41010887406759905,0.5104083002858323,0.07948282564654711
2018-06-14,0.14113969860178024,0.5253499895469461,0.333510311851252
2018-06-15,0.5934377435868786,9.123454027839327e-08,0.4065621651785596
2018-06-18,0.16498263668043878,0.7044334560391186,0.13058390728042116
2018-06-19,0.5822418680484566,0.37783395172782885,0.03992418022369312
2018-06-20,0.38556397417249894,0.6028657526366046,0.011570273190874994
2018-06-21,0.5584254473368708,0.43304690914120525,0.008527643521902271
2018-06-22,0.3380696732222906,0.6579181196354805,0.004012207142207408
2018-06-25,0.7745855773258545,0.21722168891170093,0.00819273376242321
2018-06-26,0.28787068195414783,0.7080808137550209,0.0040485042908101464
2018-06-27,0.6295041821169228,0.3609922212130532,0.009503596670002785
2018-06-28,0.2791068658209551,0.7091974116069775,0.011695722572046173
2018-06-29,0.31515617369200355,0.6765252840767633,0.008318542231211793
2018-07-02,0.9586940294446235,0.02103004999351953,0.0202759205618357
2018-07-03,0.044587025046861975,0.9509405662261934,0.004472408726923352
2018-07-05,0.7867270273015549,0.20472621602566485,0.008546756672758941
2018-07-06,0.20406173933114763,0.7926405670538469,0.0032976936149841773
2018-07-09,0.7110323129707222,0.2817141481056655,0.007253538923590897
2018-07-10,0.27031807099416644,0.7258584116491112,0.0038235173567008488
2018-07-11,0.7678873543125422,0.21928439101640013,0.012828254671036193
2018-07-12,0.06173522748805828,0.9341307469306415,0.004134025581278984
2018-07-13,0.8940680498168933,0.09519702408041321,0.010734926102672142
2018-07-16,0.26522998606664244,0.7304021117984573,0.004367902134878978
2018-07-17,0.6976005181867087,0.2946689183479974,0.007730563465272518
2018-07-18,0.3307911195594499,0.6652705432792578,0.003938337161271102
2018-07-19,0.6559103820546511,0.3352098778197664,0.00887974012556108
2018-07-20,0.27362700826012326,0.7220228942768555,0.004350097463000006
2018-07-23,0.712665168928383,0.27948946979177414,0.007845361279821656
2018-07-24,0.30645272527658823,0.6887961659312165,0.004751108792173952
2018-07-25,0.55286017427433,0.44136514353679235,0.0057746821888563175
2018-07-26,0.4774532508472252,0.5171117281708781,0.005435020981875407
2018-07-27,0.47931492918468105,0.5158334158298088,0.004851654985489045
2018-07-30,0.5053450269927965,0.489708187243297,0.004946785763885362
2018-07-31,0.4395486808378705,0.5556130189415706,0.004838300220537918
2018-08-01,0.5218603476529357,0.47296085074906796,0.005178801597975484
2018-08-02,0.5081576290998462,0.48676056780925564,0.00508180309087726
2018-08-03,0.38791416326385836,0.6075248443259053,0.0045609924102155515
2018-08-06,0.6233542298824527,0.3704752859303152,0.006170484187211432
2018-08-07,0.4121814493697025,0.5833387362997926,0.004479814330484035
2018-08-08,0.5048055494805221,0.4893137862617501,0.00588066425770699
2018-08-09,0.5074927243049266,0.48393041799881936,0.00857685769623311
2018-08-10,0.32562768581936063,0.6614796790825681,0.01289263509805046
2018-08-13,0.9100323505575417,0.05468525286493113,0.03528239657750642
2018-08-14,0.01819571996479095,0.9618822507083323,0.01992202932685614
2018-08-15,0.8995040054081975,4.939180986400782e-07,0.10049550067368337
2018-08-16,0.00018730090220109416,0.9911003462246617,0.008712352873116374
2018-08-17,0.9293191570058416,0.05712982011716633,0.013551022876971337
2018-08-20,0.21889861475670996,0.7776146743890637,0.0034867108542053753
2018-08-21,0.6864110282293275,0.3069227304711634,0.006666241299488096
2018-08-22,0.26009732029687893,0.7367367696782615,0.0031659100248387097
2018-08-23,0.8663449281704476,0.12240858611031333,0.011246485719217998
2018-08-24,0.018655868801808684,0.974447374549136,0.006896756649034632
2018-08-27,0.6378189262448274,0.3533136667390996,0.00886740701605231
2018-08-28,0.4974099834810534,0.4967089545897526,0.005881061929173166
2018-08-29,0.4564549986725804,0.5385587526065218,0.004986248720876986
2018-08-30,0.8801765251112799,0.10964557966398855,0.010177895224710465
2018-08-31,0.10765315864420767,0.8890046087498727,0.003342232605898475
2018-09-04,0.9668525775149309,0.012240397632227366,0.020907024852820547
2018-09-05,0.15728148615868145,0.8361607261300708,0.0065577877112267665
2018-09-06,0.6459787662055324,0.3468493801258294,0.007171853668617141
2018-09-07,0.40899107346110364,0.5863789307396055,0.004629995799269972
2018-09-10,0.494718934355144,0.5004908486627955,0.004790216982039526
2018-09-11,0.5554896169137848,0.4385954498133427,0.005914933272851517
2018-09-12,0.2540408449477141,0.7410594964915791,0.0048996585606859095
2018-09-13,0.7583806698061246,0.2331403023428792,0.008479027850975304
2018-09-14,0.40234629486404205,0.5927255813607298,0.004928123775207265
2018-09-17,0.4454942257849258,0.5472093734379387,0.007296400777114449
2018-09-18,0.5359218635610145,0.45663153905886567,0.007446597380098967
2018-09-19,0.440494275394121,0.5526807776715872,0.006824946934270758
2018-09-20,0.4402704930172254,0.554897185238936,0.004832321743817495
2018-09-21,0.5628300716793415,0.43120403679869157,0.0059658915219457116
2018-09-24,0.47398820441646333,0.5207799760156702,0.005231819567845186
2018-09-25,0.42258421809141733,0.5701715355561221,0.007244246352439453
2018-09-26,0.5419455617517713,0.4516365314055828,0.006417906842624912
2018-09-27,0.6460491599572947,0.3453573608401068,0.008593479202577522
2018-09-28,3.089286115930621e-05,0.9891123528992652,0.010856754239554435
2018-10-01,0.9725658741506779,0.005712326125582369,0.021721799723718807
2018-10-02,0.009156741030077888,0.9843239361939744,0.006519322775926605
2018-10-03,0.6468463395303817,0.34506175357209623,0.008091906897500735
2018-10-04,0.4912021092149074,0.502505869967188,0.0062920208178832955
2018-10-05,0.2331720271089727,0.7625061302570185,0.004321842633987367
2018-10-08,0.9837871071708186,0.001356321890520465,0.014856570938639452
2018-10-09,0.01618757068381678,0.976925525812742,0.006886903503420036
2018-10-10,0.9048622117037988,0.07308650406646208,0.022051284229718006
2018-10-11,0.0023624487212095644,0.9904249614786835,0.007212589800085802
2018-10-12,0.6934206788137659,0.2974377066821248,0.009141614504088019
2018-10-15,0.36590460295709026,0.6295244934673734,0.004570903575515058
2018-10-16,0.577450412974576,0.4177419871719142,0.00480759985348873
2018-10-17,0.4418896969725362,0.5539284137334496,0.00418188929399309
2018-10-18,0.5710762787407636,0.4230578593990441,0.005865861860171162
2018-10-19,0.3179180812715512,0.676599845331977,0.005482073396450469
2018-10-22,0.7013513575687482,0.2865555662916626,0.012093076139568112
2018-10-23,0.1039506253288908,0.8833636222173964,0.01268575245369193
2018-10-24,0.5964010361952844,0.39108589728509796,0.012513066519596765
2018-10-25,0.5745304890730588,0.4168178528978929,0.008651658029027339
2018-10-26,0.13350223230936956,0.8602135073339809,0.006284260356628337
2018-10-29,0.9809492447099918,0.0016983776302798882,0.017352377659707263
2018-10-30,0.014747679195018163,0.981831859282219,0.0034204615227419314
2018-10-31,0.9759184436753249,0.009540046277785782,0.014541510046868359
2018-11-01,9.693527200852426e-07,0.9952285724634786,0.004770458183780325
2018-11-02,0.6364146468035373,0.3460829372547878,0.0175024159416538
2018-11-05,0.3186030110417956,0.6724712046620144,0.008925784296169054
2018-11-06,0.8230670635522502,0.1568205487665234,0.020112387681205414
2018-11-07,0.25814871904281683,0.7187298161411771,0.023121464815985093
2018-11-08,0.5612685045858673,0.3903648703900573,0.04836662502405426
2018-11-09,0.7405146909324509,0.21639689576842802,0.04308841329909993
2018-11-12,0.3506187547141505,0.6360511865204779,0.01333005876535048
2018-11-13,0.5267597846999631,0.46474116671513344,0.008499048584882235
2018-11-14,0.5164241090951003,0.47338603390429174,0.010189857000586803
2018-11-15,0.19808690627170086,0.7912353888909933,0.010677704837284573
2018-11-16,0.6903397626306323,0.3001788910643342,0.009481346305012156
2018-11-19,0.262411974202587,0.7328027393317331,0.004785286465658698
2018-11-20,0.8047857822662583,0.17893076481602438,0.0162834529176957
2018-11-21,0.00026900930360829607,0.9962205368340519,0.003510453862318443
2018-11-23,0.9834109350447154,0.0008732832037920948,0.015715781751470814
2018-11-26,0.1824519818894534,0.8129595604212085,0.004588457689316444
2018-11-27,0.8142207807414594,0.17248919891942333,0.01329002033909557
2018-11-28,0.06015042720568083,0.9269953138925509,0.01285425890174664
2018-11-29,0.5072612780610104,0.4727848071830675,0.019953914755900484
2018-11-30,0.927044199540194,0.03879407346248101,0.03416172699730332
2018-12-03,0.00022620534890338193,0.9811912188505876,0.01858257580048705
2018-12-04,0.17714007927747302,0.8115401759190721,0.011319744803433044
2018-12-06,0.9653606395843068,0.012410297542525033,0.022229062873146195
2018-12-07,0.003966149566929909,0.989948820848652,0.006085029584396246
2018-12-10,0.7625288581606027,0.2176899456795744,0.019781196159801118
2018-12-11,0.2224583756130975,0.7706565181996159,0.006885106187264847
2018-12-12,0.7147056530610855,0.27146426812998836,0.013830078808904429
2018-12-13,0.20350139906660422,0.7933665532914654,0.0031320476419086102
2018-12-14,0.9339370634479273,0.05504385132069027,0.011019085231360632
2018-12-17,0.036840063198470586,0.9598295059411798,0.0033304308603277974
2018-12-18,0.8433895961257409,0.14537414970892953,0.01123625416530741
2018-12-19,0.17613281373514186,0.8173714725752934,0.006495713689542772
2018-12-20,0.5126695863733659,0.4749826769460576,0.012347736680554664
2018-12-21,0.674701732866937,0.2999257343496221,0.025372532783418965
2018-12-24,0.1322320138166948,0.8327178745641125,0.03505011161917093
2018-12-26,0.3963391827721773,0.5390544903712904,0.06460632685651052
2018-12-27,0.4825257244275537,0.4980662661356265,0.01940800943679813
2018-12-28,0.5138660916308251,0.4759235961611548,0.010210312207998598
2018-12-31,0.48258329114072585,0.5105938557370858,0.0068228531221669764
2019-01-02,0.4705375847591682,0.5201625155465109,0.009299899694299387
2019-01-03,0.492336563591079,0.50116359507233,0.006499841336569322
2019-01-04,0.4979821621941933,0.49668838300701057,0.005329454798774582
2019-01-07,0.40389738651378043,0.590956976676762,0.005145636809436053
2019-01-08,0.541244386217935,0.45327139185921494,0.005484221922828499
2019-01-09,0.4084963662139582,0.5871848286596827,0.00431880512633754
2019-01-10,0.5540449268565526,0.4406442212443307,0.005310851899095437
2019-01-11,0.44422680692358585,0.5513055338458803,0.004467659230512447
2019-01-14,0.4953177181135036,0.5000191701513288,0.00466311173514651
2019-01-15,0.5089105002435436,0.486301810896773,0.0047876888596627
2019-01-16,0.4363850337423103,0.559329594368166,0.004285371889502885
2019-01-17,0.5763418796138663,0.417648418037566,0.006009702348546886
2019-01-18,0.4034284884201978,0.5916217875477583,0.004949724032023263
2019-01-22,0.5927430654494013,0.4006543621326006,0.006602572417977464
2019-01-23,0.31248172316478295,0.6832174518570207,0.004300824978175766
2019-01-24,0.7562136001883312,0.23257495373906553,0.011211446072582749
2019-01-25,0.011649437649828221,0.9743196264615337,0.014030935888617682
2019-01-28,0.5393387995039067,0.4470992991896132,0.01356190130645963
2019-01-29,0.4661394582225915,0.5272113357636725,0.0066492060137154745
2019-01-30,0.5357973148229636,0.4586195812409495,0.005583103936066638
2019-01-31,0.3650717754897967,0.629724102519084,0.005204121991098872
2019-02-01,0.7092827073641889,0.28337786996430603,0.007339422671484639
2019-02-04,0.3850091328245551,0.6109744912663913,0.0040163759090333755
2019-02-05,0.5044927234782691,0.4905156837447712,0.004991592776939297
2019-02-06,0.5128504499819894,0.48150523273077556,0.005644317287214808
2019-02-07,0.4939871276775641,0.49881722245555554,0.00719564986686022
2019-02-08,0.33471136666524426,0.6581781701495134,0.0071104631852221736
2019-02-11,0.6001268790669817,0.39143959753133867,0.00843352340165943
2019-02-12,0.5376873444572853,0.4562754177927428,0.006037237749951517
2019-02-13,0.32502430671921057,0.6708561209471718,0.004119572333597407
2019-02-14,0.8046428112733979,0.18409290419174634,0.011264284534835732
2019-02-15,0.013979142138348541,0.9788483243862074,0.007172533475423881
2019-02-19,0.7899181521940098,0.19248849080942065,0.01759335699654934
2019-02-20,0.1012516517130171,0.8939168288857106,0.004831519401252166
2019-02-21,0.9848782893163031,0.00012320020417824624,0.01499851047949836
2019-02-22,0.0159324942176078,0.9799508405376308,0.004116665244741291
2019-02-25,0.9141320069502916,0.07268063242656031,0.013187360623128202
2019-02-26,0.18677798482646846,0.8103357400608895,0.00288627511262214
2019-02-27,0.8531844310508813,0.13697631405136765,0.009839254897731058
2019-02-28,0.1844267475884726,0.8106915044506593,0.004881747960848316
2019-03-01,0.8396109510744376,0.13928417081430192,0.021104878111240715
2019-03-04,0.48540071939976254,0.5032663906650553,0.011332889935162283
2019-03-05,0.510387598162073,0.48218912242824824,0.007423279409658936
2019-03-06,0.3705449816454473,0.6250247959969331,0.004430222357599659
2019-03-07,0.7143195368356516,0.27678605211955254,0.008894411044775893
2019-03-08,0.010103975109255632,0.9840746435566603,0.005821381334064124
2019-03-11,0.9150952274169144,0.07066852952645356,0.01423624305661213
2019-03-12,0.20982058217417174,0.783639207301221,0.006540210524587159
2019-03-13,0.3969434581782842,0.5979735302480127,0.005083011573683252
2019-03-14,0.9516087616726656,0.03567962742617591,0.012711610901138577
2019-03-15,0.029165643570076668,0.9671508548180032,0.0036835016119002185
2019-03-18,0.7986484803610258,0.1924312275930129,0.008920292045941488
2019-03-19,0.19476682756656766,0.8018419057095717,0.003391266723840854
2019-03-20,0.8791813634060535,0.1048799624250859,0.015938674168840754
2019-03-21,0.003470138696218237,0.9803581353907025,0.016171725913059282
2019-03-22,0.7140523404526844,0.1774132330885619,0.10853442645873397
2019-03-25,0.003355323724441066,0.9481984183288732,0.04844625794666617
2019-03-26,0.8925182263784939,0.02225481248981827,0.08522696113166837
2019-03-27,0.20176006872756577,0.759635244220142,0.038604687052272914
2019-03-28,0.7474773676559615,0.1957870486820914,0.05673558366192766
2019-03-29,0.01970793234898893,0.9631769898793785,0.017115077771613068
2019-04-01,0.726599327744027,0.26153553392293877,0.011865138333014665
2019-04-02,0.34205063975249334,0.65328898449147,0.004660375756017016
2019-04-03,0.5734340673716666,0.4205115949429787,0.006054337685335098
2019-04-04,0.3935178976652847,0.6018704564089971,0.004611645925698432
2019-04-05,0.5982458296457045,0.3935934711923257,0.008160699161949954
2019-04-08,0.24855128554823017,0.7451741237396584,0.006274590712091563
2019-04-09,0.6981394137559874,0.29046082087994185,0.011399765364050945
2019-04-10,0.16904650986435746,0.8272695894874309,0.003683900648191945
2019-04-11,0.9848113630831797,0.00039786371819048753,0.014790773198610097
2019-04-12,0.04289664072668157,0.9511852409753073,0.005918118297991447
2019-04-15,0.6712285557707816,0.32141517847117906,0.007356265758019772
2019-04-16,0.4436893025590184,0.5514554696782427,0.004855227762719484
2019-04-17,0.4331994903038172,0.5619251604116159,0.0048753492845474405
2019-04-18,0.6006669712662972,0.3927708193753344,0.0065622093583490165
2019-04-22,0.25502317243207645,0.7421791794465543,0.00279764812135001
2019-04-23,0.9271181601320868,0.06309384003034223,0.009787999837551882
2019-04-24,0.004309797118992968,0.9931285942038331,0.0025616086771549198
2019-04-25,0.8777751834525743,0.1097844849572573,0.012440331590149477
2019-04-26,0.019819035764829376,0.9775580894857991,0.002622874749352867
2019-04-29,0.9705285458079932,0.018069776102177568,0.011401678089810807
2019-04-30,0.0861898629402351,0.9118927969714967,0.0019173400882495188
2019-05-01,0.9590589897635102,0.030267275799784416,0.010673734436686809
2019-05-02,0.5560536124625622,0.4358978908418729,0.008048496695546123
2019-05-03,0.00021436793143101356,0.988864846493904,0.010920785574646248
2019-05-06,0.8546998102968988,0.11872307085534876,0.026577118847733828
2019-05-07,0.19502686515778947,0.7981259832573623,0.00684715158482961
2019-05-08,0.709391991361475,0.28135959200187216,0.009248416636633977
2019-05-09,0.3394032415788239,0.6540966298343347,0.00650012858682265
2019-05-10,0.5223902917954937,0.464483407406865,0.013126300797622514
2019-05-13,0.40842404074381544,0.5858387356177611,0.005737223638404577
2019-05-14,0.6068944155123425,0.38641314133401955,0.006692443153619266
2019-05-15,0.2548514386580461,0.7423776011209655,0.002770960220969856
2019-05-16,0.9417355060350596,0.04887406599604538,0.009390427968876148
2019-05-17,0.4823041610586329,0.5117444717999069,0.005951367141441407
2019-05-20,0.4380374536824227,0.5556897067563976,0.006272839561160763
2019-05-21,0.4635539910419179,0.5314801528598274,0.004965856098235773
2019-05-22,0.5832454177745409,0.40963665590614157,0.007117926319298777
2019-05-23,0.23904361785884107,0.7531511588514579,0.007805223289682233
2019-05-24,0.6209651407809688,0.3687972632094408,0.01023759600957159
2019-05-28,0.8196299460781027,0.1658950941689678,0.014474959752910629
2019-05-29,0.08337068255857641,0.9091507293426164,0.007478588098788079
2019-05-30,0.6572347610600476,0.33273203744855334,0.010033201491380025
2019-05-31,0.41180093363952913,0.5800725297861874,0.008126536574264698
2019-06-03,0.3955983852274163,0.5969610537767832,0.007440560995781797
2019-06-04,0.544139467920289,0.450329923793223,0.005530608286469537
2019-06-05,0.42544662661650723,0.5704017934254935,0.004151579957980867
2019-06-06,0.6045028216835516,0.3893632350449486,0.006133943271481577
2019-06-07,0.2325715966455698,0.764397283048298,0.003031120306113893
2019-06-10,0.9866806939688987,3.460686480435223e-05,0.013284699166278812
2019-06-11,0.019928433692756615,0.9747441783161181,0.005327387991107182
2019-06-12,0.7789110821571148,0.20955949847870095,0.011529419364166047
2019-06-13,0.19625280211406068,0.796161822767587,0.007585375118334226
2019-06-14,0.6811478162435002,0.2971595038322882,0.02169267992419354
2019-06-17,0.29239208387574744,0.6832657107056082,0.02434220541862645
2019-06-18,0.4471007029301078,0.5384013836178906,0.014497913451983716
2019-06-19,0.7138274082835857,0.2681420101594303,0.018030581556966317
2019-06-20,0.002001018311095304,0.9744399934023722,0.02355898828651479
2019-06-21,0.9339696602757445,0.03743832098013065,0.028592018744107037
2019-06-24,0.1838138981913777,0.8092110112097183,0.006975090598886079
2019-06-25,0.6519423510177936,0.341033756706396,0.007023892275792522
2019-06-26,0.3992712184682521,0.59663808427152,0.004090697260210174
2019-06-27,0.5303639084021452,0.4643652918191397,0.005270799778697411
2019-06-28,0.4525792372670932,0.5430663101423262,0.004354452590562911
2019-07-01,0.5056589508543873,0.48949513321684635,0.004845915928748754
2019-07-02,0.5555709472543702,0.4386232201257183,0.005805832619893989
2019-07-03,0.2618961839636013,0.7348372387337541,0.003266577302627131
2019-07-05,0.9730464208642085,0.015601623493120493,0.011351955642653467
2019-07-08,0.13040949104935076,0.8657965659275126,0.003793943023119151
2019-07-09,0.6336094528898873,0.35669509207367195,0.009695455036423132
2019-07-10,0.33972709183285954,0.6562304417534,0.004042466413723068
2019-07-11,0.6908024353527015,0.30080565254687025,0.008391912100410948
2019-07-12,0.2370075062316614,0.7544070526668412,0.008585441101479964
2019-07-15,0.7377574933329036,0.22905776938729888,0.033184737279780094
2019-07-16,0.07309602059430384,0.8666692806401723,0.0602346987655068
2019-07-17,0.6629761754495239,0.2853983437067015,0.05162548084375737
2019-07-18,0.4123028098909198,0.5643691212214603,0.023328068887602662
2019-07-19,0.5010743499766421,0.4824486815060533,0.016476968517287447
2019-07-22,0.32423994716107335,0.6600346440088715,0.01572540883003798
2019-07-23,0.5975837710738762,0.39039004946945927,0.0120261794566473
2019-07-24,0.3073302311237534,0.6877134891650206,0.0049562797112088315
2019-07-25,0.813713260827123,0.17693015112717675,0.009356588045682925
2019-07-26,0.29339319208132325,0.7029892781210516,0.003617529797607899
2019-07-29,0.6207704053784001,0.37199963027596367,0.00722996434561902
2019-07-30,0.33510448308240626,0.6567931430268341,0.008102373890742136
2019-07-31,0.5406517796676371,0.44306909238397335,0.016279127948371996
2019-08-01,0.8616498059870084,0.11377707510541105,0.024573118907563172
2019-08-02,0.11248013114233213,0.8689954884991128,0.01852438035853762
2019-08-05,0.553975694079884,0.43614305036626316,0.009881255553835398
2019-08-06,0.6180229951611684,0.3704567608662898,0.011520243972524482
2019-08-07,1.0082216849064417e-08,0.9809281619587222,0.019071827959043414
2019-08-08,0.9692156521466703,0.0032268411868924818,0.027557506666419804
2019-08-09,0.3274686548970046,0.6615063088759956,0.011025036226982109
2019-08-12,0.35275811421835185,0.6399356369020117,0.007306248879618744
2019-08-13,0.7607757646353539,0.22809268662985027,0.011131548734777976
2019-08-14,0.0022539367137707437,0.9926510595267707,0.005095003759440811
2019-08-15,0.8627594787627678,0.12487827695340839,0.012362244283805994
2019-08-16,0.18846564903936722,0.8077454806303523,0.0037888703302627336
2019-08-19,0.8289123459179389,0.15710368485101334,0.013983969231029741
2019-08-20,0.056941433542545196,0.9313691581283204,0.011689408329116486
2019-08-21,0.4941584467358081,0.4818550350993518,0.023986518164821825
2019-08-22,0.6953605503039807,0.2740626336091867,0.030576816086814212
2019-08-23,0.0014933488700194734,0.9415464003928218,0.05696025073714038
2019-08-26,0.4514061556425519,0.30409467976494803,0.24449916459248178
2019-08-27,0.044797745659718856,0.6317013151031373,0.32350093923712564
2019-08-28,0.21370111040319337,0.5960119189785065,0.190286970618282
2019-08-29,0.5919034942638868,0.18697484993648564,0.22112165579960946
2019-08-30,0.029783960650214002,0.679063971066705,0.2911520682830627
2019-09-03,5.714951392724647e-07,0.017290138663601236,0.9827092898412411
2019-09-04,0.0007940133337657213,0.08212586543785842,0.9170801212283574
2019-09-05,0.0020322619508420167,5.6445995518254665e-06,0.9979620934495878
2019-09-06,0.0006561161521060771,0.003451471778115054,0.9958924120697604
2019-09-09,0.0025208834262099647,0.6976210050684122,0.29985811150535935
2019-09-10,0.4829694180310414,0.3962938366425873,0.1207367453263528
2019-09-11,0.4668768719799177,0.42986697622946873,0.10325615179059512
2019-09-12,0.14498370261294463,0.6800644384130826,0.17495185897395438
2019-09-13,0.46731647948572935,0.02945953473699806,0.5032239857772541
2019-09-16,0.0003421695368230575,0.7595029189258076,0.2401549115373511
2019-09-17,0.5187013455656615,0.3925749970075616,0.08872365742675851
2019-09-18,0.43960363629373267,0.4926820549136323,0.06771430879261663
2019-09-19,0.47110597884290195,0.4435797313265717,0.08531428983050798
2019-09-20,0.2178245586960462,0.576405051170066,0.20577039013386927
2019-09-23,2.652192486312021e-07,0.252003540569738,0.7479961942109952
2019-09-24,0.17789875459304852,0.08869694813564578,0.7334042972712874
2019-09-25,0.1962038001995378,0.054759871791338025,0.7490363280091059
2019-09-26,0.10889947368991418,0.19457822629785723,0.6965223000122102
2019-09-27,0.04158482073467006,0.19521796444481213,0.7631972148204993
2019-09-30,0.10440671415250376,0.00472940272926895,0.8908638831182086
2019-10-01,0.003216162672538783,0.5676449454817782,0.4291388918456645
2019-10-02,0.2202532490580796,0.5387708345283,0.24097591641360186
2019-10-03,0.5147520765595066,0.3991256789848804,0.08612224445559462
2019-10-04,0.372772973970863,0.6053579139395779,0.021869112089540736
2019-10-07,0.6004804840302608,0.3859247543904385,0.013594761579282367
2019-10-08,0.33001223642808963,0.6591919256406278,0.01079583793126418
2019-10-09,0.4538569001990275,0.5378165573173712,0.008326542483582982
2019-10-10,0.6250858504067056,0.36321017715033627,0.011703972442939907
2019-10-11,0.6305197950906675,0.3589074461440413,0.010572758765273069
2019-10-14,0.027087587367604807,0.9690126810670827,0.0038997315652943244
2019-10-15,0.9813698903003507,0.0035860584962495866,0.015044051203381514
2019-10-16,0.2855094380287999,0.7079509544171237,0.006539607554057954
2019-10-17,0.44706298850277193,0.5458220704634754,0.007114941033734331
2019-10-18,0.6218792006298506,0.3703576848035237,0.00776311456660737
2019-10-21,0.3488896681713,0.6449487298436365,0.0061616019850451575
2019-10-22,0.5556262319585501,0.4373177866018304,0.007055981439601057
2019-10-23,0.5056173237038211,0.4852355253786328,0.009147150917527503
2019-10-24,0.22402243739700298,0.7607307879954293,0.015246774607549267
2019-10-25,0.4656336703792196,0.5241296188514469,0.010236710769314991
2019-10-28,0.5517439290257018,0.4411537157261249,0.007102355248154899
2019-10-29,0.41803332259165493,0.577234292857758,0.004732384550568664
2019-10-30,0.5702519872499244,0.42382242827157246,0.00592558447848469
2019-10-31,0.3431516845156717,0.6519165328922613,0.004931782592048608
2019-11-01,0.6557997125393537,0.3365757057884048,0.0076245816722231765
2019-11-04,0.22335937555713814,0.7705927199220711,0.006047904520772493
2019-11-05,0.9673516332592692,0.006966987713531721,0.025681379027180783
2019-11-06,0.05826375672131377,0.9304655799267469,0.011270663351920958
2019-11-07,0.9447769729413302,0.0012896034970823372,0.0539334235615693
2019-11-08,0.38228772320740567,0.5928527603140964,0.024859516478479744
2019-11-11,0.4967629412773482,0.49282457127274076,0.010412487449892847
2019-11-12,0.5181345887643656,0.4723203408812805,0.009545070354335695
2019-11-13,0.29991012488800306,0.6895436964219113,0.010546178690067355
2019-11-14,0.583742868764312,0.4085830436987607,0.007674087536909006
2019-11-15,0.4347034553324344,0.5598017101688519,0.005494834498695471
2019-11-18,0.5344141472339284,0.4598310497066558,0.005754803059397493
2019-11-19,0.4108998983657131,0.5833818078200776,0.00571829381419099
2019-11-20,0.5069302866914401,0.4878755466641382,0.00519416664440338
2019-11-21,0.500754412810003,0.4939891782107675,0.0052564089792114
2019-11-22,0.46244891487268697,0.5317379305972405,0.005813154530054228
2019-11-25,0.4872878195293287,0.5034944272084838,0.009217753262169306
2019-11-26,0.28083991039649914,0.7131519790175923,0.0060081105858902865
2019-11-27,0.7344170867253177,0.2570089800041018,0.008573933270562398
2019-11-29,0.25452321520333204,0.7416677515688961,0.0038090332277537385
2019-12-02,0.7737712295806062,0.21390509964220858,0.012323670777167
2019-12-03,0.009265608195883204,0.9878041789705858,0.0029302128335128054
2019-12-04,0.9857977123693901,0.0007495633265406078,0.013452724304051183
2019-12-05,0.023012696563920697,0.974450287437917,0.002537015998144171
2019-12-06,0.9768777382683718,0.0017052751394786196,0.02141698659213132
2019-12-09,0.16220770515994787,0.8323865247340181,0.005405770106015819
2019-12-10,0.6550763857246581,0.3378521056184362,0.007071508656887323
2019-12-11,0.4163919151011231,0.5788700495485339,0.0047380353503245765
2019-12-12,0.5570204413669686,0.43631541007651925,0.006664148556493956
2019-12-13,0.4486984386229371,0.5462428155439255,0.005058745833119264
2019-12-16,0.4954378270768275,0.4989229827195635,0.005639190203590989
2019-12-17,0.49158080643139884,0.5027232520022118,0.005695941566371498
2019-12-18,0.48872999748619916,0.5050098869579551,0.006260115555828061
2019-12-19,0.431300764809455,0.5600230468155549,0.008676188374972242
2019-12-20,0.4782931744527738,0.5055653822369579,0.01614144331025065
2019-12-23,0.29297322424228006,0.6736663249799991,0.033360450777703096
2019-12-24,0.5430883590904797,0.4087737969815581,0.04813784392794429
2019-12-26,0.40653712585615237,0.5758985359001685,0.01756433824366122
2019-12-27,0.5011515296541822,0.48809583857176414,0.010752631774035569
2019-12-30,0.4498799871222954,0.5438256383018598,0.006294374575826964
2019-12-31,0.5632916083033233,0.4280711804142007,0.008637211282458033
2020-01-02,0.3134296489838095,0.6778529851416395,0.008717365874532985
2020-01-03,0.5461865094066557,0.44648572377412116,0.007327766819205304
2020-01-06,0.53371023158113,0.45845572767374804,0.007834040745104354
2020-01-07,0.2808331281354415,0.7065521544303585,0.012614717434182389
2020-01-08,0.7052170441911036,0.28003631976738125,0.01474663604149741
2020-01-09,0.5293277619392843,0.45544773655908755,0.015224501501610511
2020-01-10,0.14434956955385614,0.8424190931844628,0.01323133726166343
2020-01-13,0.6203922691780598,0.3679666887512984,0.01164104207062429
2020-01-14,0.8184572505736164,0.16516143398449795,0.016381315441867904
2020-01-15,0.002535042633311931,0.991699549583984,0.005765407782686371
2020-01-16,0.892121390871507,0.09203717994305409,0.015841429185421266
2020-01-17,0.03570452655144824,0.9617010082431617,0.002594465205372362
2020-01-21,0.9843495250214962,0.002227023111463947,0.013423451867021978
2020-01-22,0.10604821340967124,0.8891172887574696,0.0048344978328412995
2020-01-23,0.8090018006215133,0.17217422298427917,0.018823976394189736
2020-01-24,0.016456002403598062,0.956471970134867,0.027072027461517188
2020-01-27,0.4347521063934493,0.46265794704100915,0.10258994656552373
2020-01-28,0.8408486388434508,8.790483554351727e-05,0.1590634563209878
2020-01-29,0.24910070929791406,0.6113957739503577,0.1395035167517105
2020-01-30,0.058947376400918586,0.7310805912467186,0.2099720323523449
2020-01-31,0.4330954019174945,0.526215091739757,0.04068950634273058
2020-02-03,0.8125661088734395,0.14918789895184492,0.03824599217469771
2020-02-04,0.25647699293978277,0.7335748561514497,0.009948150908749615
2020-02-05,0.7090396667369183,0.27862563838778925,0.012334694875274572
2020-02-06,0.08901166791324155,0.9048866884262061,0.0061016436605343585
2020-02-07,0.9102974421916585,0.07575147615169832,0.01395108165662543
2020-02-10,0.08888788949486749,0.9085050762847299,0.0026070342203845954
2020-02-11,0.896420838821925,0.09396751930680018,0.009611641871256812
2020-02-12,0.45100374593719067,0.5426225223923958,0.0063737316703955365
2020-02-13,0.15920493442312947,0.8279839270150848,0.012811138561767759
2020-02-14,0.7857015924114191,0.18885843341815195,0.025439974170411245
2020-02-18,0.0033023175306745238,0.9626355171361319,0.034062165333175826
2020-02-19,0.5052017985209644,0.45510104817360125,0.03969715330541669
2020-02-20,0.4059821212380927,0.5507219206185472,0.043295958143342195
2020-02-21,0.4220781426489241,0.4638864872339935,0.11403537011706447
2020-02-24,0.02676496743634422,0.5968467109857202,0.3763883215779178
2020-02-25,0.2755756126237504,7.416720686726015e-07,0.7244236457041631
2020-02-26,0.08371385551252637,0.18627629309341998,0.7300098513940357
2020-02-27,0.02433982118448316,0.1479532191983852,0.8277069596171137
2020-02-28,4.17768980963545e-08,4.839431491635559e-15,0.9999999582230794
2020-03-02,5.093341567944092e-09,0.3627216614721259,0.6372783334345148
2020-03-03,0.16771233070993047,0.27965532687352,0.5526323424165318
2020-03-04,0.2528711463978409,0.551258184250516,0.19587066935162553
2020-03-05,0.40542904533996627,0.4810298746478878,0.11354108001212833
2020-03-06,0.4993278281850112,0.3700487276264884,0.13062344418848296
2020-03-09,0.7027157595332502,0.142088746486242,0.15519549398049046
2020-03-10,0.17786071944978782,0.6716443645372381,0.15049491601295673
2020-03-11,0.11109855641117879,0.4504182151522888,0.438483228436515
2020-03-12,0.06758863563381884,0.004024242920382345,0.9283871214457815
2020-03-13,5.808295466559271e-17,8.109219990726304e-17,0.9999999999999827
2020-03-16,4.88509729729086e-35,3.887753266563514e-35,0.9999999999999829
2020-03-17,1.3510751424030322e-11,0.017159927601834633,0.9828400723846377
2020-03-18,0.00019236765124093158,6.9657137982834e-06,0.9998006666349437
2020-03-19,4.148772054530557e-09,0.00484838930158876,0.9951516065496223
2020-03-20,3.7133559850169904e-05,0.028156545763820727,0.9718063206763121
2020-03-23,3.195626744372218e-13,1.3137020059370493e-07,0.9999998686294628
2020-03-24,6.909040532528594e-15,1.452308832970347e-08,0.9999999854768877
2020-03-25,4.3599749172251393e-11,0.0017825637480658634,0.9982174362083172
2020-03-26,0.0008337652292062275,0.002798417655582041,0.9963678171151945
2020-03-27,0.001968224271739005,0.05924471134960789,0.938787064378636
2020-03-30,0.04826874748116951,0.01119077348301963,0.9405404790357937
2020-03-31,0.018815033348450094,0.18147878657590272,0.7997061800756301
2020-04-01,0.02176497728264371,0.1443220732863288,0.8339129494310106
2020-04-02,1.5243503687809052e-07,0.002627814239247153,0.997372033325699
2020-04-03,0.0006740922772959105,0.02813786408527643,0.9711880436374107
2020-04-06,5.741582005198331e-06,0.003381423704287138,0.9966128347136908
2020-04-07,0.0007174228195928705,0.19032329713086213,0.8089592800495281
2020-04-08,0.14628380644881134,0.00706413709892525,0.8466520564522465
2020-04-09,2.629571722835727e-08,0.172360210254335,0.827639763449931
2020-04-13,0.16769182806121738,8.302125707311413e-06,0.8322998698130584
2020-04-14,4.109782869565109e-07,0.7771628148629264,0.2228367741587701
2020-04-15,0.7635340847021089,3.864838525583289e-07,0.23646552881402214
2020-04-16,0.00203495004097243,0.963947363713284,0.03401768624572723
2020-04-17,0.9490010271377601,0.0006538377913179828,0.05034513507090556
2020-04-20,1.4606885613580834e-05,0.9877538396087929,0.012231553505577484
2020-04-21,0.9476270533689605,1.5844898882707074e-10,0.052372946472574414
2020-04-22,5.548128803584757e-08,0.982439904129379,0.017560040389317008
2020-04-23,0.2558172310146506,0.7291770959010396,0.015005673084293812
2020-04-24,0.8772053885420819,0.10112494816301927,0.021669663294882804
2020-04-27,0.35544760898419464,0.6363947149608998,0.008157676054889504
2020-04-28,0.7121185194792725,0.2772658688877926,0.01061561163291892
2020-04-29,0.30498000956459226,0.6901516146131976,0.004868375822194193
2020-04-30,0.9781935403899042,0.007671205755558853,0.014135253854520892
2020-05-01,0.14941506896268608,0.8458192896698843,0.004765641367413496
2020-05-04,0.8638354253738199,0.12144310855764015,0.014721466068524024
2020-05-05,3.548131124950775e-05,0.9881591187980832,0.0118053998906515
2020-05-06,0.8011545042939958,0.13242049684378623,0.06642499886220217
2020-05-07,4.303924640997823e-06,0.939230415488864,0.06076528058647926
2020-05-08,0.307762992718964,0.6490537342912086,0.04318327298981155
2020-05-11,0.5666199177733557,0.39163904148723955,0.04174104073938899
2020-05-12,0.39916155677633625,0.5438474105125757,0.05699103271107227
2020-05-13,0.2860050361251806,0.5244497034322959,0.18954526044250786
2020-05-14,9.013274518321887e-05,0.33902507171604845,0.6608847955387525
2020-05-15,1.2967619704848564e-06,5.4639325690620486e-05,0.9999440639123228
2020-05-18,2.304872015933698e-05,0.15902155311359625,0.8409553981662282
2020-05-19,0.09773411381173269,0.0866549682827114,0.8156109179055397
2020-05-20,0.03510793485988446,0.3352955269145055,0.6295965382255939
2020-05-21,0.25254214300540934,0.0012189131470481387,0.7462389438475261
2020-05-22,0.0006920352937208074,0.6523625043796125,0.34694546032665025
2020-05-26,0.48659444522803985,0.2774249440512456,0.2359806107206981
2020-05-27,0.30316944187640055,0.5069347048422843,0.1898958532812988
2020-05-28,0.29588361486963805,0.4237273362913419,0.2803890488390036
2020-05-29,0.13555657370944033,0.28427238388818415,0.5801710424023591
2020-06-01,0.10291267804098864,0.33833174878674677,0.5587555731722482
2020-06-02,0.32737290008013464,0.012737024338424939,0.659890075581424
2020-06-03,0.08240520871980513,0.4279313763801122,0.4896634149000664
2020-06-04,0.1885098451071177,0.5270100522255557,0.2844801026673103
2020-06-05,0.6344114420589239,0.012665967933898003,0.3529225900071618
2020-06-08,0.002671592454735156,0.9144604772796223,0.0828679302656263
2020-06-09,0.7621804882939892,0.2041370507116454,0.033682460994349406
2020-06-10,0.42901953257079267,0.556875475306005,0.014104992123186486
2020-06-11,0.21597667642749474,0.7710183230794927,0.01300500049299671
2020-06-12,0.9060260095913685,0.07369643751858472,0.020277552890031022
2020-06-15,0.5449407353872341,0.43981627504729154,0.015242989565458444
2020-06-16,0.24907616358601067,0.7232076038989514,0.027716232515021956
2020-06-17,0.31004771599833897,0.6811212238311922,0.00883106017045289
2020-06-18,0.9169127256445668,0.06844903260710666,0.014638241748310831
2020-06-19,0.0008229297122590972,0.9947542561612857,0.0044228141264397065
2020-06-22,0.861917102269599,0.1293374180071999,0.008745479723185469
2020-06-23,0.1189934687026301,0.8786829895893691,0.00232354170798515
2020-06-24,0.979334110111268,0.005539284738863994,0.015126605149852054
2020-06-25,0.0127753611474637,0.9795675156477706,0.007657123204749981
2020-06-26,0.3002269101375075,0.6881411756199168,0.011631914242559863
2020-06-29,0.7794802801771454,0.20681091064046586,0.013708809182373011
2020-06-30,0.00047875613346275587,0.9874448703611878,0.012076373505333853
2020-07-01,0.9761395578391893,0.00017494922121701637,0.02368549293957832
2020-07-02,0.07646947460428799,0.9156583464995679,0.007872178896128913
2020-07-06,0.6293945027213245,0.3575291716044451,0.013076325674215227
2020-07-07,0.4806226732863366,0.5041296452601755,0.015247681453472649
2020-07-08,0.14750099253904048,0.8209585892387998,0.031540418222144394
2020-07-09,0.8116164630412331,0.1480850698863783,0.04029846707237339
2020-07-10,0.3981494690580105,0.5638196728036585,0.03803085813831596
2020-07-13,0.0007221089423372178,0.8525056655691204,0.14677222548852725
2020-07-14,0.840966966453251,0.004768593088639313,0.15426444045809473
2020-07-15,0.0319518945359092,0.9032921800872322,0.06475592537684341
2020-07-16,0.7875976532697819,0.10200766014553529,0.11039468658466775
2020-07-17,0.12017423234306747,0.7458818121626941,0.1339439554942235
2020-07-20,0.01276597933545681,0.2741047251671625,0.7131292954973657
2020-07-21,5.3677763577763625e-11,1.697916101931236e-05,0.999983020785288
2020-07-22,1.812269375135884e-14,4.9181314231883155e-09,0.9999999950818355
2020-07-23,4.963805648163061e-09,0.03380469164351169,0.9661953033926677
2020-07-24,0.002126058528003375,0.10247139817525627,0.8954025432967254
2020-07-27,1.8465197799157092e-11,4.3549027152996634e-05,0.9999564509543669
2020-07-28,3.8915177131906144e-05,0.04255453726390008,0.957406547558953
2020-07-29,0.0036461355018859395,0.12766570941536437,0.8686881550827349
2020-07-30,0.0008940174396409833,2.4538287614704366e-05,0.9990814442727295
2020-07-31,6.8203300927145945e-09,0.018228090681877383,0.9817719024977777
2020-08-03,0.0009950318131162997,0.09004696375651655,0.9089580044303524
2020-08-04,9.283185583273656e-12,1.487417151754027e-06,0.9999985125735502
2020-08-05,4.3171647480617656e-09,0.007333183902098215,0.9926668117807222
2020-08-06,8.067902171721104e-10,3.0368026188414276e-06,0.999996962390576
2020-08-07,4.160657587540907e-07,0.0001265948803946115,0.9998729890538318
2020-08-10,1.594672689712418e-17,2.6506099297085945e-05,0.999973493900688
2020-08-11,2.2004920318531832e-21,5.233043539634697e-35,0.999999999999985
2020-08-12,1.4529306733698714e-11,0.04351965196457179,0.9564803480208839
2020-08-13,4.216593232123898e-14,6.157155093486855e-07,0.9999993842844334
2020-08-14,1.490352613952918e-11,6.717894836142629e-13,0.9999999999844094
2020-08-17,7.13611787912005e-19,0.0013414128753038877,0.9986585871246809
2020-08-18,0.0003997464698499789,0.8232416450326919,0.17635860849744292
2020-08-19,0.7952792076019818,0.02747420650910916,0.17724658588889408
2020-08-20,0.23137622549397116,0.6908246503094149,0.07779912419659922
2020-08-21,0.6468373848344282,0.2801193893951761,0.07304322577038094
2020-08-24,0.24095833854484178,0.6861632092093499,0.07287845224579395
2020-08-25,0.6601499232638401,0.1417998144664457,0.1980502622696998
2020-08-26,1.0858762144954401e-06,0.6994442352370486,0.3005546788867228
2020-08-27,0.6585330051701995,0.0058942439588295795,0.33557275087095645
2020-08-28,0.011129956461059404,0.6923691067068105,0.29650093683211565
2020-08-31,0.04517492028672283,0.34762983806656383,0.6071952416466988
2020-09-01,0.0988676583240101,0.4109511608345324,0.49018118084144296
2020-09-02,0.40419105790375165,9.939718710109462e-05,0.5957095449091327
2020-09-03,0.21213508365057465,0.3619452450367503,0.4259196713126605
2020-09-04,0.37773768327372353,0.4064145854043246,0.21584773132193724
2020-09-08,0.1539236897145102,0.7380576203402052,0.10801868994527015
2020-09-09,0.6727918857510015,0.27580678006509923,0.05140133418388485
2020-09-10,0.14167343849800884,0.8422311862528937,0.016095375249083214
2020-09-11,0.8812223101063271,0.0893401702674324,0.029437519626226254
2020-09-14,0.05249257755488285,0.9334542121070283,0.014053210338074888
2020-09-15,0.7075991422498072,0.27012599551739014,0.02227486223278842
2020-09-16,0.27717468520927235,0.6937437704796618,0.029081544311051664
2020-09-17,0.6394298873486746,0.23528055419448063,0.12528955845683065
2020-09-18,0.03188330771368857,0.7372176675738332,0.2308990247124641
2020-09-21,1.0204114728148213e-14,1.8033299674766592e-22,0.9999999999999754
2020-09-22,3.522906455152728e-12,0.0854378602226665,0.9145621397737961
2020-09-23,7.355069733932993e-05,1.707362236963271e-06,0.9999247419404091
2020-09-24,1.7369520571553938e-05,0.27903468903498013,0.7209479414444337
2020-09-25,0.12386745501378678,0.18263213831620767,0.6935004066699909
2020-09-28,0.016326729115378885,0.14868492874021946,0.8349883421443868
2020-09-29,0.0013128967820494005,0.006561061471880095,0.9921260417460556
2020-09-30,0.0028582143635388787,6.147366349806363e-05,0.9970803119729481
2020-10-01,8.854178867186843e-06,0.25918015260651805,0.7408109932145999
2020-10-02,0.23360560641907965,0.23070502672361998,0.5356893668572855
2020-10-05,0.027571485995350833,0.6528764132447635,0.3195521007598708
2020-10-06,0.6350139063045375,0.0185582061866276,0.3464278875088201
2020-10-07,0.21927764198344113,0.4950245903189819,0.28569776769756206
2020-10-08,0.12395850923504563,0.44693323874362806,0.4291082520213114
2020-10-09,4.770860909555533e-06,0.10568306377519245,0.8943121653638829
2020-10-12,0.017956999919016357,0.302936932534344,0.6791060675466244
2020-10-13,0.24022208760251712,7.723061165519034e-06,0.7597701893363021
2020-10-14,0.005239049100607572,0.8120242967384699,0.1827366541609075
2020-10-15,0.5680893497742886,0.3789828233068824,0.05292782691881382
2020-10-16,0.5054205420264446,0.4628877677620727,0.031691690211467415
2020-10-19,0.11102985587103181,0.8727463173937461,0.016223826735206583
2020-10-20,0.7096135299914724,0.27282333320551516,0.017563136802997006
2020-10-21,0.22788601398732783,0.7642406214864715,0.007873364526185138
2020-10-22,0.855327961130662,0.122540037379328,0.022132001489994512
2020-10-23,0.2532076105391324,0.7331949839573525,0.013597405503499688
2020-10-26,0.6481077459212264,0.297442861566103,0.0544493925126549
2020-10-27,0.07337901254627124,0.7841350172045684,0.1424859702491449
2020-10-28,0.3654909167980491,9.666512389034935e-05,0.6344124180780447
2020-10-29,0.04903107155112239,0.5682856398847537,0.38268328856410805
2020-10-30,0.3166548437572871,0.3029062970641565,0.3804388591785407
2020-11-02,0.3494612630627665,0.23951496553107995,0.411023771406138
2020-11-03,0.11175487587406581,0.42613330108590697,0.4621118230400113
2020-11-04,0.14580703714450435,0.06958456442232795,0.7846083984331518
2020-11-05,5.925374034997845e-08,0.1247845816114704,0.8752153591347733
2020-11-06,0.001955288384624151,0.08874107394156158,0.9093036376737983
2020-11-09,4.551665941622467e-05,4.849910409816139e-17,0.9999544833405678
2020-11-10,2.559928203520348e-12,0.8910710150222889,0.10892898497513509
2020-11-11,0.7906857437332437,0.1359951088229614,0.07331914744377892
2020-11-12,0.31417059215333354,0.6563820360846956,0.029447371761954576
2020-11-13,0.46117368566893857,0.5067521470186365,0.03207416731240858
2020-11-16,0.3993347598877769,0.5916210559803278,0.009044184131878942
2020-11-17,0.6852423111558349,0.30381962164872817,0.010938067195420825
2020-11-18,0.1389134469816041,0.855128100662261,0.00595845235611883
2020-11-19,0.9724730396004158,0.004542380851062893,0.022984579548505045
2020-11-20,0.0027023353746787934,0.9821963297367888,0.015101334888516203
2020-11-23,0.8423008100720865,7.874352286443845e-05,0.15762044640503287
2020-11-24,0.5397996658802272,0.2876957295648616,0.172504604554895
2020-11-25,0.05513748322196036,0.673097435303949,0.27176508147407447
2020-11-27,0.12853330338788566,0.001043430442438092,0.8704232661696599
2020-11-30,0.00342067833960111,0.19655043394431448,0.8000288877160681
2020-12-01,3.1190793814374367e-10,0.003991426940248671,0.9960085727478267
2020-12-02,0.00313994825410371,0.4860006708048544,0.5108593809410256
2020-12-03,0.3595767656736104,0.37393186079760377,0.26649137352876956
2020-12-04,0.2995553024926172,0.4749246628642132,0.22552003464315343
2020-12-07,0.0660091335180859,0.670461441736104,0.26352942474579377
2020-12-08,0.3293854998229511,0.40167467293571574,0.26893982724131704
2020-12-09,0.5625892690464912,0.10636438271088364,0.331046348242609
2020-12-10,0.19014053259301614,0.6834759023233268,0.126383565083641
2020-12-11,0.5466262442337152,0.3478042172858826,0.10556953848038608
2020-12-14,0.2941848620253536,0.5644574419622327,0.14135769601239773
2020-12-15,0.0744218370010152,0.486984047951507,0.4385941150474618
2020-12-16,0.12746615702615063,0.19172960050180352,0.68080424247203
2020-12-17,0.03664800038874187,0.1084351241629819,0.8549168754482604
2020-12-18,0.09916529641461903,0.39668257456503014,0.5041521290203352
2020-12-21,0.20915575599661784,0.4013864798553136,0.389457764148053
2020-12-22,0.5513157742129133,0.019227913625797056,0.4294563121612741
2020-12-23,0.036227840045429706,0.7479735723155545,0.215798587639
2020-12-24,0.4675285974535118,0.3370681959373608,0.19540320660911173
2020-12-28,0.33094118389563437,0.4100052247736445,0.25905359133070566
2020-12-29,0.36391285483061536,0.40377582200583206,0.23231132316353703
2020-12-30,0.37317468706639845,0.39375195901614984,0.2330733539174362
2020-12-31,0.14744507137531923,0.5119806010983053,0.34057432752635974
2021-01-04,0.0113929810374732,0.16049265785043945,0.8281143611120718
2021-01-05,0.09079827056081592,0.20204590412772927,0.7071558253114392
2021-01-06,0.1444975937782513,0.09291749213096406,0.7625849140907691
2021-01-07,0.005463677733798302,0.2350692002827373,0.7594671219834488
2021-01-08,5.1943469113188115e-11,3.900673667087638e-26,0.9999999999480409
2021-01-11,1.5991629310204967e-14,0.742230263059445,0.25776973694052346
2021-01-12,0.5001881293516411,0.4233953684591023,0.07641650218924066
2021-01-13,0.5116134324602442,0.4321393162310091,0.056247251308730775
2021-01-14,0.3194192487848558,0.6121816203960727,0.06839913081905569
2021-01-15,0.8616317427077018,0.006010622251450653,0.13235763504083173
2021-01-19,0.01922263581517418,0.9431437240543046,0.0376336401305053
2021-01-20,0.8146691521373085,0.14344536028258698,0.04188548758008846
2021-01-21,0.28695521288569914,0.6989675995693544,0.014077187544930531
2021-01-22,0.5734685536941436,0.4070034429378026,0.019528003368037814
2021-01-25,0.484743210838021,0.48847929306405186,0.026777496097911104
2021-01-26,0.42002222374121245,0.5499292496333623,0.030048526625409175
2021-01-27,0.5003106899883983,0.4170525968291946,0.08263671318239099
2021-01-28,0.0012450679850203792,0.67987348118636,0.31888145082860353
2021-01-29,0.00012981399562298336,0.00037958523486818793,0.9994906007694928
2021-02-01,9.292449596810388e-21,1.0640733565967055e-17,0.999999999999984
2021-02-02,9.473499674827803e-26,1.4445728240152532e-28,0.999999999999984
2021-02-03,1.5173563850380747e-11,0.23149381415078849,0.768506185834022
2021-02-04,0.16239841327473697,0.05447037667539323,0.7831312100498539
2021-02-05,0.021427427859743328,0.2981471995681587,0.6804253725720819
2021-02-08,0.16679087717354665,0.46698760486660457,0.3662215179598326
2021-02-09,0.4234640662018627,0.41927548734562275,0.1572604464524983
2021-02-10,0.27311544148253863,0.6817016225829711,0.045182935934474165
2021-02-11,0.5786488575279805,0.4032428986315877,0.01810824384041577
2021-02-12,0.3859617869395643,0.6012838758385024,0.012754337221917277
2021-02-16,0.5614967545325651,0.42486676945012364,0.01363647601729526
2021-02-17,0.2737903187194531,0.7109297820647622,0.015279899215768831
2021-02-18,0.5749239533117924,0.39677779645368305,0.028298250234508705
2021-02-19,0.416914716022888,0.5370456986219655,0.04603958535513061
2021-02-22,0.2465575057371628,0.5825716842986616,0.17087080996415957
2021-02-23,0.6612851186443621,0.2024781784754752,0.13623670288014675
2021-02-24,0.38517328862213085,0.5098736049638127,0.10495310641404049
2021-02-25,0.16484461126565605,0.668957588849916,0.16619779988441222
2021-02-26,0.5948808748199601,0.001540509233178974,0.4035786159468451
2021-03-01,0.09720376450116149,0.7127685915821815,0.19002764391664106
2021-03-02,0.3254446709717986,0.5560103887471473,0.1185449402810383
2021-03-03,0.7366642367488865,0.09974022001700032,0.16359554323409714
2021-03-04,0.18644808265992338,0.6305112091202634,0.18304070821979734
2021-03-05,0.4197964193047288,0.4761196897792259,0.10408389091602946
2021-03-08,0.4571152239937554,0.4143076683255258,0.1285771076807028
2021-03-09,0.27045697729362617,0.47952325292274733,0.2500197697836106
2021-03-10,0.4409741840987925,0.4848627096891839,0.07416310621200771
2021-03-11,0.3857238015547619,0.5904956955018412,0.023780502943380907
2021-03-12,0.4892922250702382,0.4947979736014517,0.015909801328293977
2021-03-15,0.4330747043778441,0.5484790216867652,0.018446273935374742
2021-03-16,0.48921374726495137,0.49825910612287583,0.01252714661215679
2021-03-17,0.5239798707493357,0.4631935052968526,0.01282662395379581
2021-03-18,0.25287955314717003,0.7175769539280351,0.02954349292477884
2021-03-19,0.5365572011385433,0.4348598739431221,0.028582924918318618
2021-03-22,0.47019208461198825,0.47676361408147494,0.05304430130652088
2021-03-23,0.5009940147452211,0.4647607090557617,0.03424527619900127
2021-03-24,0.5181516777599747,0.4670997188413075,0.014748603398701878
2021-03-25,0.35414734711002444,0.6374441591627915,0.008408493727168195
2021-03-26,0.5517189516403251,0.43651595657832654,0.011765091781332561
2021-03-29,0.41936396613805044,0.5561447357937139,0.02449129806821992
2021-03-30,0.16572339054471988,0.7734106293486731,0.06086598010659132
2021-03-31,0.461145173050296,0.502300370868299,0.03655445608138905
2021-04-01,0.6867148664980283,0.2849113730589521,0.02837376044300403
2021-04-05,0.30576627905969833,0.6791056487799472,0.015128072160338792
2021-04-06,0.4497767273002319,0.5296323704683911,0.02059090223136143
2021-04-07,0.460992032086757,0.5302342768875061,0.008773691025721345
2021-04-08,0.5479169709874352,0.4414472941473977,0.010635734865151484
2021-04-09,0.4639486416380028,0.5184226769397084,0.017628681422273206
2021-04-12,0.42159688666386397,0.5326402749753039,0.045762838360816696
2021-04-13,0.10718008659082226,0.857302627348008,0.03551728606115426
2021-04-14,0.6554863298214506,0.32812650350277334,0.016387166675760585
2021-04-15,0.3836147061508116,0.6052628862826634,0.011122407566509538
2021-04-16,0.6623745243947597,0.32720707112051683,0.010418404484708193
2021-04-19,0.23233080543471388,0.7591935546338755,0.00847563993139531
2021-04-20,0.7687947234500078,0.2161695575652306,0.01503571898474617
2021-04-21,0.02034101811165315,0.9598856660767627,0.01977331581156873
2021-04-22,0.9485633739397948,0.02633368482590342,0.025102941234286462
2021-04-23,0.1396028825695332,0.8549487750401554,0.005448342390296118
2021-04-26,0.710439949510942,0.2813838032799477,0.008176247209095126
2021-04-27,0.27468889163582555,0.7214002941201973,0.003910814243961846
2021-04-28,0.8877528708592014,0.10171566473514669,0.01053146440563675
2021-04-29,0.19746844709557168,0.7995572353965281,0.002974317507885014
2021-04-30,0.8001647370566749,0.18783706602624498,0.011998196917064914
2021-05-03,1.1596382357749829e-07,0.9861336318005913,0.013866252235569969
2021-05-04,0.9527305012567752,0.01363422132377176,0.033635277419438066
2021-05-05,0.484320210423401,0.48979057757645295,0.025889212000130946
2021-05-06,0.0006102680202599453,0.955041036039283,0.04434869594044194
2021-05-07,0.8152851135563784,0.1618603039148688,0.022854582528737663
2021-05-10,0.33461755818134514,0.6570355026595399,0.008346939159099773
2021-05-11,0.5182627943543301,0.4733432350039864,0.008393970641668316
2021-05-12,0.6306051279913368,0.3569078339174424,0.012487038091205549
2021-05-13,0.3626989307249732,0.6165497534909768,0.020751315784034854
2021-05-14,0.4691958962891612,0.4512427549945626,0.07956134871626117
2021-05-17,0.10129050603048283,0.6381223379469196,0.2605871560225825
2021-05-18,0.4778331199192163,0.45792746011356245,0.06423941996720624
2021-05-19,0.5413360083154912,0.4296161205571058,0.02904787112738799
2021-05-20,0.2853858546702345,0.7059776649888069,0.008636480340943616
2021-05-21,0.9546524138348832,0.024310124221741194,0.021037461943360466
2021-05-24,0.013723327616693525,0.9800117028471859,0.00626496953610569
2021-05-25,0.6901100395280206,0.30208404637267616,0.007805914099288393
2021-05-26,0.4148679192892713,0.5805622308273004,0.004569849883413317
2021-05-27,0.5150804876765785,0.47957769728640803,0.0053418150369986235
2021-05-28,0.46479052988989816,0.529654697866531,0.005554772243556208
2021-06-01,0.5148641018586504,0.47492512854539526,0.010210769595939572
2021-06-02,0.2687157305396678,0.7260208398177107,0.005263429642606862
2021-06-03,0.9783946409236086,0.004549769248711094,0.017055589827665724
2021-06-04,0.014309573226924223,0.9781776489357722,0.007512777837289029
2021-06-07,0.5019060174262344,0.4911036346256716,0.006990347948079317
2021-06-08,0.7940603075045688,0.19514871084060723,0.010790981654809299
2021-06-09,0.12583184666861835,0.867474168111011,0.006693985220356052
2021-06-10,0.6266122952285604,0.3637073677242816,0.009680337047143566
2021-06-11,0.4794519575277166,0.5077055176313432,0.012842524840925964
2021-06-14,0.3830732295835995,0.5858641943153133,0.031062576101072947
2021-06-15,0.5738078075770034,0.3173215893890267,0.10887060303395538
2021-06-16,0.024587222273142306,0.7092372844596277,0.2661754932672153
2021-06-17,0.06879461675399098,3.2863794741867886e-15,0.931205383245991
2021-06-18,0.00254006676791931,0.7932663510486927,0.20419358218337308
2021-06-21,0.5683049752201929,0.37169050847886065,0.06000451630093148
2021-06-22,0.35341616840584084,0.6250995833567224,0.021484248237421656
2021-06-23,0.5267275611979019,0.45863315451531406,0.01463928428676899
2021-06-24,0.4294374062696552,0.5644156667867223,0.006146926943607451
2021-06-25,0.5666578712929826,0.4270891312902834,0.006252997416719072
2021-06-28,0.3633815071129097,0.6317510320698907,0.004867460817184829
2021-06-29,0.7750529960414524,0.21277512868146806,0.012171875277064741
2021-06-30,0.07763338979650805,0.9156705749632849,0.006696035240192362
2021-07-01,0.8510462457662907,0.13433698372714284,0.014616770506551458
2021-07-02,0.04200783302882545,0.9549469492690068,0.003045217702152819
2021-07-06,0.9499986366147574,0.03859224012733896,0.011409123257888917
2021-07-07,0.21891716670253328,0.7778887756619209,0.0031940576355311947
2021-07-08,0.6913210643698782,0.29979987555602616,0.008879060074080885
2021-07-09,0.2577314656558685,0.7368079511339,0.0054605832102168385
2021-07-12,0.6168929879035604,0.3764811357251295,0.006625876371295596
2021-07-13,0.37673267475812156,0.6188900176490271,0.004377307592836942
2021-07-14,0.6135529161522887,0.3779107688739024,0.00853631497379449
2021-07-15,0.24614415524967728,0.7426122996189617,0.01124354513134685
2021-07-16,0.9594982165736862,0.00036736999301300655,0.04013441343328685
2021-07-19,0.4956323701156723,0.4623722039359823,0.04199542594833143
2021-07-20,0.4596270407540185,0.5248842405737256,0.015488718672241886
2021-07-21,0.48862200790506743,0.5007635560977619,0.010614435997156776
2021-07-22,0.4584037720017011,0.5331063411144239,0.008489886883861127
2021-07-23,0.5812823060425725,0.40313062915495385,0.01558706480245989
2021-07-26,0.21414207855663567,0.7455338898251317,0.040324031618218924
2021-07-27,0.7974226782827445,0.030707992962381487,0.17186932875486016
2021-07-28,0.154902988709212,0.7143801035603619,0.1307169077304123
2021-07-29,0.005509851242391602,0.7603046366633006,0.23418551209429395
2021-07-30,0.7009057557414203,0.08811760104687688,0.21097664321168882
2021-08-02,0.2564959299964215,0.6522707312335979,0.09123333876996675
2021-08-03,0.4720232765593837,0.46943694007623027,0.05853978336437224
2021-08-04,0.5028007736755395,0.40896758182512205,0.08823164449932469
2021-08-05,0.04786493976778874,0.6803209536977799,0.2718141065344177
2021-08-06,0.026323243566472036,0.0015459247387511813,0.972130831694763
2021-08-09,0.00420667029773937,0.005927519105169322,0.9898658105970773
2021-08-10,0.004198177021458517,0.6765221971304385,0.3192796258480889
2021-08-11,0.37740284563966947,0.5504843421454421,0.0721128122148744
2021-08-12,0.7852471775633141,0.14093182951094768,0.07382099292572425
2021-08-13,0.016578180488557533,0.9464226372772762,0.036999182234152314
2021-08-16,0.6925871283235054,0.29089237143368113,0.01652050024279935
2021-08-17,0.36678467894521916,0.6262921705486104,0.006923150506156411
2021-08-18,0.5408826247717109,0.4488328452121711,0.010284530016103716
2021-08-19,0.30890864483453206,0.6858762966876216,0.00521505847783205
2021-08-20,0.7592862485406336,0.22982755683585399,0.01088619462349828
2021-08-23,0.017545954780851802,0.973380842216771,0.009073203002363247
2021-08-24,0.7596525629542082,0.22680603833621016,0.013541398709567738
2021-08-25,0.2628318888496873,0.7328060414459171,0.0043620697043817306
2021-08-26,0.8105280744424384,0.1786591585669847,0.0108127669905632
2021-08-27,0.01819134385592418,0.9756373395826253,0.006171316561436628
2021-08-30,0.8147730660127398,0.1753009525940335,0.009925981393213077
2021-08-31,0.4184449627712402,0.575841707460935,0.005713329767811054
2021-09-01,0.29222385664655187,0.6999998957184204,0.007776247635014241
2021-09-02,0.9154057513378201,0.06315639989541272,0.021437848766753816
2021-09-03,1.4863632105859e-05,0.9852435997074758,0.014741536660404883
2021-09-07,0.9549057815832751,0.019168305684390163,0.02592591273232114
2021-09-08,0.4403813239153283,0.5428131587759755,0.016805517308682443
2021-09-09,0.3122786638983092,0.6795149787812392,0.008206357320437844
2021-09-10,0.7341569213952976,0.2553249765380973,0.010518102066591145
2021-09-13,0.42422526735210886,0.5681504024733932,0.007624330174483869
2021-09-14,0.5472805908747846,0.43590586750608734,0.01681354161911399
2021-09-15,0.24409777521911982,0.7127233428949012,0.043178881885964755
2021-09-16,0.84906240268418,3.415247903394564e-05,0.15090344483677184
2021-09-17,0.3227527376934551,0.5822136178857287,0.09503364442080205
2021-09-20,0.6643771083508602,0.2652864440864074,0.07033644756271791
2021-09-21,0.12203699586221767,0.8242552198258999,0.05370778431186793
2021-09-22,0.5093142533585431,0.4417828173655882,0.048902929275854184
2021-09-23,0.7332288610790646,0.21072171230427142,0.05604942661664944
2021-09-24,0.31081249828341057,0.6293526888331101,0.059834812883464816
2021-09-27,0.15153606124801017,0.6478275660221269,0.20063637272984852
2021-09-28,0.16028165734734343,0.3539237175500016,0.4857946251026407
2021-09-29,0.18468512028128448,0.007250457737404484,0.8080644219812968
2021-09-30,2.3718192756107305e-05,0.7110174287679331,0.28895885303929664
2021-10-01,0.4549706717788896,0.38057281882571514,0.1644565093953811
2021-10-04,0.3712276250889293,0.5875815655639967,0.041190809347059994
2021-10-05,0.5113164277074758,0.47545289140499525,0.013230680887514931
2021-10-06,0.4625642552840428,0.5308086073493533,0.006627137366589959
2021-10-07,0.4735601595298863,0.5210969931381416,0.005342847331958246
2021-10-08,0.5246732838062296,0.4698034411843383,0.0055232750094182945
2021-10-11,0.3972055230237786,0.5972468657696073,0.00554761120660027
2021-10-12,0.6505941788952456,0.3356588031213717,0.013747017983368878
2021-10-13,0.015966236918156285,0.9586367863636263,0.025396976718203578
2021-10-14,0.7287775904628954,0.25208742774188975,0.019134981795201074
2021-10-15,0.354294535385318,0.635350242003359,0.010355222611309136
2021-10-18,0.6277738026295632,0.3502372366678341,0.021988960702588864
2021-10-19,0.015543310427063643,0.9370578634722064,0.047398826100716204
2021-10-20,0.7243332645350615,0.21641811200224634,0.05924862346267817
2021-10-21,0.5556890769309722,0.4064127908801687,0.03789813218884524
2021-10-22,0.33625981091079216,0.6445435784053649,0.019196610683828885
2021-10-25,0.5000101417382801,0.4814653461249611,0.01852451213674483
2021-10-26,0.6991130459796913,0.26738128637307096,0.0335056676472238
2021-10-27,0.36826168545633103,0.6096710316733729,0.02206728287028243
2021-10-28,0.30097548679341707,0.6864106107889388,0.012613902417630295
2021-10-29,0.6134657239978212,0.37189030045495614,0.01464397554720895
2021-11-01,0.2665298707064475,0.7153135785912369,0.018156550702301807
2021-11-02,0.8296963920935584,0.10234982093072544,0.0679537869757026
2021-11-03,0.3789687835941072,0.5629940381206258,0.05803717828525351
2021-11-04,0.00010381407864924434,0.9293168496502006,0.07057933627113663
2021-11-05,0.6136995901561365,0.3440444172518415,0.04225599259200855
2021-11-08,0.38944494648418393,0.5750430389783815,0.035512014537421206
2021-11-09,0.8270871656314472,0.11996278839796233,0.05295004597057693
2021-11-10,0.002071445228629325,0.9300387448180246,0.06788980995333249
2021-11-11,0.7753108360102613,0.11089630265160592,0.11379286133811928
2021-11-12,0.272593418812178,0.6975419669195653,0.029864614268243033
2021-11-15,0.5330238267770065,0.4533691609268103,0.013607012296169566
2021-11-16,0.47417157663545967,0.5162417863566214,0.00958663700790539
2021-11-17,0.4038593768923577,0.5797208899121691,0.016419733195459633
2021-11-18,0.6086438488988335,0.34926723696896067,0.04208891413219233
2021-11-19,0.31183960812217304,0.6108078175524938,0.07735257432531983
2021-11-22,0.2745827930032543,0.37779961593461936,0.347617591062113
2021-11-23,0.3839133502911014,0.031173299718935524,0.5849133499899495
2021-11-24,0.020194248441680506,0.7330196926339009,0.24678605892440486
2021-11-26,0.6679737879381139,0.06412659252969342,0.26789961953217895
2021-11-29,0.10496385282011522,0.8115726833228858,0.08346346385698537
2021-11-30,0.5472177966418101,0.419275927852711,0.03350627550546525
2021-12-01,0.5386854371601928,0.4275606022077118,0.033753960632082
2021-12-02,0.5002537641579367,0.486241947209505,0.013504288632544773
2021-12-03,0.35613590435769016,0.6367818597041569,0.007082235938139271
2021-12-06,0.6711518842495244,0.3184298746915597,0.010418241058902178
2021-12-07,0.2235679432221883,0.7682958239676506,0.008136232810147396
2021-12-08,0.6589966824629219,0.32825608510934634,0.012747232427717964
2021-12-09,0.46282934948913484,0.5213097058894814,0.01586094462136974
2021-12-10,0.4358661066244491,0.548852962379429,0.015280930996107861
2021-12-13,0.3741274619823066,0.603320720745864,0.02255181727181553
2021-12-14,0.7898570044526617,0.15626304217804055,0.05387995336928363
2021-12-15,0.24219266835794742,0.6884651593845322,0.06934217225750658
2021-12-16,5.680637265662853e-07,0.8506818195816557,0.14931761235460403
2021-12-17,0.10988184823284118,0.8601159168725032,0.030002234894641988
2021-12-20,0.8751820599758382,0.09294631514974716,0.031871624874401164
2021-12-21,0.0682834275657521,0.9180188162222287,0.013697756212005701
2021-12-22,0.5866878919352675,0.3946229004716103,0.01868920759310871
2021-12-23,0.26995170412447916,0.7229837979615581,0.007064497913949332
2021-12-27,0.6962317456779201,0.2953503945308468,0.008417859791219607
2021-12-28,0.16820767640373302,0.827916812237756,0.003875511358497683
2021-12-29,0.9596547929103167,0.024772317580138682,0.015572889509531075
2021-12-30,0.07833027410112514,0.9124070163032435,0.00926270959561779
2021-12-31,0.2655456874583145,0.7159881204480121,0.01846619209365982
2022-01-03,0.9628734415698786,0.0003523562651939529,0.036774202164913894
2022-01-04,0.0011865204810562557,0.9798851035808455,0.01892837593808488
2022-01-05,0.3980800955704864,0.5748047619431462,0.027115142486354032
2022-01-06,0.9469770651988916,2.8392264771710203e-08,0.053022906408830284
2022-01-07,0.03673421857597138,0.9491515090437339,0.014114272380281314
2022-01-10,0.7649768967098292,0.2181612469464307,0.016861856343726743
2022-01-11,0.20170442780534165,0.7856065487491771,0.012689023445467943
2022-01-12,0.6397460474470864,0.3309914229446022,0.029262529608298015
2022-01-13,0.24909182943199698,0.7148655659533749,0.03604260461461474
2022-01-14,0.8407256049462951,0.055471801522184935,0.10380259353150667
2022-01-18,1.3107064935999322e-09,0.9264864320543347,0.07351356663494552
2022-01-19,0.1807745610973585,0.13560905818485108,0.683616380717777
2022-01-20,0.0286366897947381,0.45656859409042816,0.5147947161148202
2022-01-21,0.4522332570869941,0.03414774639752087,0.5136189965154716
2022-01-24,0.16647763860536785,0.3902360869390108,0.44328627445560786
2022-01-25,0.27904655798523925,0.3680440689309958,0.35290937308375164
2022-01-26,0.11081727711602549,0.5051867389009205,0.38399598398304063
2022-01-27,0.34342181298014407,0.00030631370105323576,0.6562718733187894
2022-01-28,0.11054573739149785,0.5089430434975015,0.3805112191109875
2022-01-31,0.3843666369539619,0.5389123167858035,0.07672104626022155
2022-02-01,0.5467197779121082,0.42039955451655026,0.032880667571328466
2022-02-02,0.38483708854928006,0.5994806180665656,0.015682293384141066
2022-02-03,0.5810248560638316,0.38649986662788915,0.032475277308266076
2022-02-04,0.5047758611235696,0.46026769376971854,0.03495644510669863
2022-02-07,0.045047225424861864,0.8740188387756486,0.08093393579947611
2022-02-08,0.5116453633699802,0.46464695375536225,0.023707682874644385
2022-02-09,0.5707541341409175,0.41504218683701305,0.014203679022056222
2022-02-10,0.2520885572047881,0.7351743469374674,0.012737095857731286
2022-02-11,0.7338614641696863,0.24048041186884195,0.02565812396145843
2022-02-14,0.03138613304686397,0.91657638325274,0.052037483700382865
2022-02-15,0.9062667541273141,0.007520931630166269,0.08621231424250647
2022-02-16,0.05873279658274034,0.912112119874705,0.029155083542541545
2022-02-17,0.6818900924352889,0.27759130269225313,0.0405186048724448
2022-02-18,0.40058521836544686,0.5624162053820866,0.03699857625245346
2022-02-22,0.40789670797014915,0.5023382818085211,0.08976501022131664
2022-02-23,0.5148259867875011,0.3301463358081696,0.15502767740431617
2022-02-24,0.1295677556378941,0.6020731479503603,0.2683590964117325
2022-02-25,0.4459664270377889,0.00101521044206405,0.5530183625201339
2022-02-28,0.0002422701628314261,0.4882772859902861,0.5114804438468694
2022-03-01,1.0893553764013042e-07,0.0035799022249410456,0.9964199888395082
2022-03-02,0.003249696294019638,0.03443694517124689,0.9623133585347204
2022-03-03,0.01588344889360336,0.11300904347336035,0.8711075076330232
2022-03-04,0.003858376650925126,0.05211761763841095,0.9440240057106508
2022-03-07,0.003000662110947682,0.13047158936476047,0.8665277485242787
2022-03-08,6.507639025868576e-08,0.0010410872169024472,0.9989588477066943
2022-03-09,5.6033160871571906e-05,2.192478196756932e-09,0.999943964646637
2022-03-10,1.0403506641931048e-07,0.2812064239622579,0.7187934720026624
2022-03-11,0.08410301234725709,0.3092970152224066,0.6065999724303232
2022-03-14,0.2506429953702006,0.021655559877303745,0.7277014447524826
2022-03-15,0.076745365458266,0.33129580941404474,0.5919588251276761
2022-03-16,0.20158682203460768,0.15474606504708563,0.6436671129182936
2022-03-17,0.0001297295864718247,0.6025229015115807,0.3973473689019344
2022-03-18,0.5875692972322574,0.007118977577960341,0.40531172518976954
2022-03-21,0.024005457848772456,0.7645770529016276,0.21141748924958711
2022-03-22,0.6794693825023176,0.06762104359726419,0.25290957390040564
2022-03-23,0.05413480927157511,0.7143916565145585,0.23147353421385353
2022-03-24,0.1657129925378163,0.3104423467182233,0.5238446607439476
2022-03-25,0.35563495711104415,0.20374753947703395,0.44061750341190914
2022-03-28,0.16349057636728137,0.4561552018583326,0.3803542217743732
2022-03-29,0.3777874727061452,0.18965883510579937,0.43255369218804285
2022-03-30,0.06132807311472262,0.7661743923497841,0.17249753453548075
2022-03-31,0.23014457312886658,0.7400136579046337,0.029841768966487325
2022-04-01,0.8059873115599397,0.16441334404042923,0.02959934439961851
2022-04-04,0.3664992202671367,0.6207707715818495,0.012730008151001473
2022-04-05,0.33647230759844704,0.6549653348983532,0.008562357503187429
2022-04-06,0.6232134115257326,0.3642862999148858,0.012500288559369053
2022-04-07,0.209507932352418,0.7766894979088077,0.013802569738761625
2022-04-08,0.6058299231591956,0.37372026308078343,0.020449813760008494
2022-04-11,0.3810631176701278,0.5849399125605182,0.033996969769341426
2022-04-12,0.0011653352845940692,0.8853032153757017,0.11353144933969195
2022-04-13,0.39706391722131557,0.5799974993701982,0.022938583408473906
2022-04-14,0.7823172763091129,0.1961111928974252,0.021571530793449558
2022-04-18,0.0024117326632130845,0.9880090622648281,0.009579205071946654
2022-04-19,0.9695942475818653,0.0003825952110864783,0.03002315720703591
2022-04-20,0.21136939372659078,0.7772062657979396,0.011424340475457161
2022-04-21,0.9578286827096888,0.01797627209274727,0.024195045197551557
2022-04-22,0.20345787324379913,0.7868930845306563,0.009649042225532076
2022-04-25,0.858567298942146,0.11163196747477663,0.029800733583064773
2022-04-26,0.21358173909015926,0.7794313291655263,0.0069869317443018225
2022-04-27,0.6160353316973055,0.3764727723395523,0.007491895963129496
2022-04-28,0.4270573900912692,0.5657305719516879,0.007212037957030671
2022-04-29,0.4532843020204969,0.5388869925690195,0.00782870541047119
2022-05-02,0.5867843804982814,0.39808850034864407,0.015127119153062203
2022-05-03,0.37896253504770266,0.6054444860912517,0.015592978861033432
2022-05-04,0.544770498835021,0.40654055517442106,0.04868894599054584
2022-05-05,0.25057685846643213,0.7192328700343461,0.030190271499209796
2022-05-06,0.4323659814088734,0.5376996546050373,0.02993436398607734
2022-05-09,0.7120759730596006,0.22514739168098435,0.06277663525940314
2022-05-10,0.5509722251887201,0.38812972223409564,0.06089805257717257
2022-05-11,0.09462944388170325,0.8639857551450852,0.041384800973199715
2022-05-12,0.8944074963174907,0.0015757354583461768,0.10401676822415135
2022-05-13,0.11014030834228349,0.8262725258104727,0.0635871658472322
2022-05-16,0.2720462453808615,0.6128021218935447,0.1151516327255823
2022-05-17,0.42978626318267144,0.5470142882057837,0.023199448611533332
2022-05-18,0.6596909235385379,0.3233192139506185,0.01698986251083189
2022-05-19,0.1326771557046133,0.8600853806472444,0.007237463648130865
2022-05-20,0.7802911748333405,0.20906915797138184,0.01063966719526638
2022-05-23,0.5640830868936801,0.4279128494056495,0.008004063700659121
2022-05-24,0.1168501410871953,0.8753579097381936,0.007791949174599475
2022-05-25,0.8258022946235769,0.16324925563784812,0.010948449738563291
2022-05-26,0.3839475067376369,0.6103086782378243,0.005743815024527071
2022-05-27,0.3383904847174942,0.6569778620231999,0.004631653259294017
2022-05-31,0.9586685301094237,0.026942290105283685,0.014389179785280762
2022-06-01,0.003032787915067451,0.9900975677974447,0.006869644287476271
2022-06-02,0.35468971204210215,0.6354406973448075,0.00986959061307881
2022-06-03,0.9573638656005389,0.023325760587488014,0.019310373811961518
2022-06-06,0.007464525085579769,0.9882255908686658,0.00430988404574304
2022-06-07,0.7868567270687203,0.20508733388551834,0.008055939045750037
2022-06-08,0.2097513559246794,0.7874817592768976,0.0027668847984116587
2022-06-09,0.8386936503211266,0.1522969369441299,0.009009412734731928
2022-06-10,0.00246663904472374,0.9952272552135926,0.0023061057416721665
2022-06-13,0.979198125306746,0.004798999480463163,0.016002875212779228
2022-06-14,0.6408601010945819,0.34389864188892155,0.015241257016485016
2022-06-15,0.002965164658159867,0.9612110988580987,0.035823736483729926
2022-06-16,0.4418621575313341,0.4793285868058396,0.07880925566281495
2022-06-17,0.7660763182722812,0.10922551770949883,0.12469816401820877
2022-06-21,0.01817153856066435,0.9458873239782581,0.03594113746106618
2022-06-22,0.9480933916520762,0.00015998024236917169,0.051746628105543396
2022-06-23,0.24207474999317188,0.7226589735570613,0.03526627644975558
2022-06-24,0.6282439418308026,0.3241657905694017,0.047590267599784575
2022-06-27,0.2073537585811456,0.7635951721084057,0.029051069310437383
2022-06-28,0.8887097972284377,0.030476787032094933,0.0808134157394559
2022-06-29,0.10048782488190758,0.8193421108495337,0.08017006426854725
2022-06-30,0.6418947958938279,0.026869574003977235,0.3312356301021834
2022-07-01,0.348723740540013,0.2818911168910634,0.36938514256891225
2022-07-05,0.40533079291489793,0.3135555585536778,0.28111364853141285
2022-07-06,0.22108073362380534,0.7096495731806798,0.0692696931955034
2022-07-07,0.5673917084805303,0.4129047184770446,0.01970357304241368
2022-07-08,0.4797138655230597,0.5102900965884214,0.009996037888507538
2022-07-11,0.42513106265287226,0.5639795599347607,0.010889377412355714
2022-07-12,0.5879707760558444,0.3834653585602834,0.028563865383861027
2022-07-13,0.06228483333910063,0.8513167676417643,0.0863983990191241
2022-07-14,0.7108673714359616,1.4824707669744354e-07,0.2891324803169507
2022-07-15,0.01594815764969539,0.9229742745200844,0.061077567830209414
2022-07-18,0.7875183105560382,0.17799560378352466,0.03448608566042631
2022-07-19,0.22010455736940152,0.7686252827335256,0.011270159897061887
2022-07-20,0.6341082513098039,0.35634380809217747,0.009547940598007667
2022-07-21,0.3742352504364009,0.6170615315450233,0.008703218018564845
2022-07-22,0.4708069282329521,0.49516180162526846,0.03403127014176853
2022-07-25,0.33224271059839583,0.5615759959360606,0.10618129346553279
2022-07-26,0.22062816558570694,0.561795035587703,0.2175767988265791
2022-07-27,0.03933262237590974,0.5917977555127454,0.36886962211133384
2022-07-28,7.653035851252523e-09,0.00012121211104138067,0.9998787802359116
2022-07-29,8.95838395141335e-05,0.6831160872678672,0.316794328892607
2022-08-01,0.5079507158395773,0.41016842712937474,0.08188085703103651
2022-08-02,0.48887143578892206,0.4748579557789908,0.036270608432075496
2022-08-03,0.276065211984865,0.7036043232440278,0.02033046477109557
2022-08-04,0.4912151236243003,0.48822430897407465,0.020560567401613404
2022-08-05,0.6007449402347353,0.3555791106182134,0.04367594914703962
2022-08-08,0.0037412453684822333,0.8365113356812568,0.1597474189502493
2022-08-09,0.7392177407346057,0.18201584024704312,0.07876641901833978
2022-08-10,0.14842835692498105,0.8419423971707061,0.009629245904301555
2022-08-11,0.957841220019533,0.01985921415808858,0.022299565822367168
2022-08-12,0.0003786446432102148,0.9968714951489409,0.0027498602078376575
2022-08-15,0.9799867210995589,0.006498623330747158,0.013514655569682626
2022-08-16,0.2639623619050688,0.7293089638893778,0.0067286742055421254
2022-08-17,0.47647446379314995,0.5055927382577015,0.017932797949137408
2022-08-18,0.5386112654998185,0.44927935798259916,0.012109376517571059
2022-08-19,0.3236267828582699,0.6665973520213312,0.009775865120387743
2022-08-22,0.6119819991568795,0.38021649473529473,0.007801506107814723
2022-08-23,0.3252203235811387,0.6706955416340152,0.004084134784835072
2022-08-24,0.7243757139843364,0.2667325568892164,0.008891729126436269
2022-08-25,0.04903613306651024,0.9448612761208711,0.006102590812607757
2022-08-26,0.9545052933081104,0.023854904005151882,0.021639802686726974
2022-08-29,0.17270606882734144,0.8118780349257244,0.015415896246923255
2022-08-30,0.6250906957881004,0.284231697537858,0.09067760667403088
2022-08-31,0.10749589389365889,0.8333864295111937,0.05911767659513681
2022-09-01,0.6998087645865493,0.2645336394591108,0.035657595954329185
2022-09-02,0.20175934494881007,0.7726602590318438,0.02558039601933549
2022-09-06,0.526816440933043,0.42708700524777604,0.04609655381917016
2022-09-07,0.27037425939064785,0.652114176153397,0.0775115644559444
2022-09-08,0.5306433544228897,0.30120830174603425,0.1681483438310653
2022-09-09,0.06340217099415511,0.5924350878658182,0.3441627411400158
2022-09-12,2.040755832552495e-06,0.0277920377034613,0.9722059215406955
2022-09-13,0.022455354204148254,0.24380874912652634,0.7337358966693147
2022-09-14,0.12930848871631606,0.7317569752632334,0.1389345360204397
2022-09-15,0.739429715228056,0.158336585680457,0.10223369909147623
2022-09-16,0.21465715788031203,0.752933923382612,0.032408918737065154
2022-09-19,0.48802822745490326,0.500624338408937,0.011347434136148872
2022-09-20,0.6550245712034873,0.3308143308480415,0.014161097948460367
2022-09-21,0.02388932365953942,0.9521626041028781,0.023948072237571616
2022-09-22,0.40781792035518677,0.572103054768937,0.020079024875865336
2022-09-23,0.971283025337789,0.0007619575360837263,0.027955017126116623
2022-09-26,0.42623700976618906,0.5552975190048536,0.018465471228946546
2022-09-27,0.7083941231094851,0.2691133548527083,0.022492522037795677
2022-09-28,0.012309500304909909,0.958457176375198,0.029233323319881224
2022-09-29,0.8884929061998361,0.0065463057485853115,0.10496078805156767
2022-09-30,1.4713061725532496e-05,0.896620571935183,0.10336471500308071
2022-10-03,4.644031207678668e-11,2.4672314874479386e-07,0.9999997532304001
2022-10-04,1.0138414176981152e-07,0.5611221174499385,0.4388777811659089
2022-10-05,0.5064578612809882,0.022824320550429947,0.4707178181685711
2022-10-06,0.032779209406676314,0.5639174290698191,0.40330336152349383
2022-10-07,0.25490191632566345,0.16087121599598211,0.5842268676783436
2022-10-10,0.19216459777875936,0.11575212562957371,0.6920832765916561
2022-10-11,0.07003421877212056,0.3621699387472792,0.5677958424805895
2022-10-12,0.33239554377944797,0.005777855245286847,0.6618266009752544
2022-10-13,0.04416406947627182,0.39931614480968974,0.5565197857140276
2022-10-14,0.35027272085246347,0.00018711779114050138,0.649540161356385
2022-10-17,0.0003910858591154814,0.8107394251455673,0.18886948899530615
2022-10-18,0.6520331448605892,0.2744672592697428,0.07349959586965712
2022-10-19,0.4758390203462346,0.48292557323413066,0.0412354064196238
2022-10-20,0.17557830698636692,0.7918723871756782,0.032549305837943854
2022-10-21,0.627071307608738,0.354998910765915,0.017929781625336056
2022-10-24,0.4078419032365439,0.5839277091777952,0.008230387585649847
2022-10-25,0.435236834313845,0.560189954192746,0.004573211493397989
2022-10-26,0.6568592519868799,0.3351286364461696,0.00801211156693946
2022-10-27,0.1905568196364883,0.7981053290904264,0.011337851273074243
2022-10-28,0.884944510864618,0.06489516133885835,0.05016032779651271
2022-10-31,0.05686060405256738,0.8973696716652788,0.045769724282143084
2022-11-01,0.0006332759252249132,0.8920397703836801,0.10732695369108435
2022-11-02,0.708967572981898,0.1292662136962564,0.16176621332183486
2022-11-03,0.12652265004279606,0.6909325364186324,0.18254481353856056
2022-11-04,2.2496681507420077e-07,0.22239553236236623,0.7776042426708075
2022-11-07,0.17624399043854663,0.4135043495335822,0.41025166002786007
2022-11-08,0.2853670663118172,0.4296902758018099,0.2849426578863618
2022-11-09,0.3965274219946575,0.5019855857270626,0.10148699227826898
2022-11-10,0.37298786113292387,0.5749728488060203,0.052039290061044796
2022-11-11,0.6301577007657941,0.25746548552456283,0.11237681370963193
2022-11-14,0.030191189611765486,0.8176055795040734,0.15220323088414978
2022-11-15,0.7799140816063981,0.0014740031597748613,0.2186119152338158
2022-11-16,0.0874185843319826,0.8521370148658653,0.06044440080214079
2022-11-17,0.8998306915199812,0.0209251643545022,0.07924414412550551
2022-11-18,0.1320635511599197,0.8448641373970311,0.023072311443038056
2022-11-21,0.6649524904077255,0.3225068215520334,0.012540688040229724
2022-11-22,0.33389650038193924,0.6608620148020089,0.005241484816040553
2022-11-23,0.6490090319943691,0.3428455940017251,0.008145374003894541
2022-11-25,0.2014753396528348,0.7913620778199237,0.007162582527230272
2022-11-28,0.9600818552308137,0.009389230700884078,0.03052891406829107
2022-11-29,0.005999805416552027,0.9692273576314345,0.02477283695200236
2022-11-30,0.45028693431830163,0.320889809640832,0.2288232560408553
2022-12-01,0.009450073916247578,0.47604765916050196,0.5145022669232395
2022-12-02,0.061790271122685994,0.7459971665463324,0.19221256233097075
2022-12-05,0.7788696947880307,0.0009129603755464064,0.22021734483641192
2022-12-06,0.364598706193027,0.4843617984628552,0.15103949534410688
2022-12-07,0.07487243345334922,0.8170082957964997,0.10811927075014016
2022-12-08,0.6384746826154016,0.27113408402833916,0.09039123335624831
2022-12-09,0.2446098252877885,0.684935722326328,0.07045445238587258
2022-12-12,0.7857112641500735,0.15030316680660338,0.06398556904331215
2022-12-13,0.16603860396267422,0.800067759724919,0.03389363631239595
2022-12-14,0.3252577570028202,0.653011644292167,0.021730598705001714
2022-12-15,0.9546015317563847,0.0007964124726751272,0.04460205577092906
2022-12-16,0.07809371380370103,0.8984378970011919,0.023468389195095897
2022-12-19,0.7374231774956971,0.1734787669302376,0.08909805557405401
2022-12-20,4.864673638457237e-05,0.8240177532243512,0.1759336000392529
2022-12-21,0.4842458103186694,0.427238885453857,0.08851530422746233
2022-12-22,0.8461283759833128,0.05370232254601429,0.10016930147066162
2022-12-23,0.06906074124995519,0.8903828767772556,0.04055638197277804
2022-12-27,0.2988337725807788,0.6883924817016536,0.01277374571755639
2022-12-28,0.9437260189831808,0.03752444581817643,0.01874953519863156
2022-12-29,0.015054861634017548,0.9823666602163097,0.002578478149661289
2022-12-30,0.9728181642172867,0.014693352017377698,0.012488483765324378
2023-01-03,0.016676148812590958,0.9801810253749508,0.0031428258124468473
2023-01-04,0.8568788625636476,0.12987461144799417,0.013246525988346925
2023-01-05,0.9027233577379606,0.08157334684474844,0.015703295417279512
2023-01-06,0.01392903740131268,0.9832305821586685,0.0028403804400072945
2023-01-09,0.9557110775034086,0.03329065928813561,0.010998263208444489
2023-01-10,0.17709845610554545,0.8193150935155122,0.0035864503789309566
2023-01-11,0.7943422939530026,0.19014321883584837,0.015514487211137632
2023-01-12,0.06750431491402671,0.9184570667501287,0.01403861833583331
2023-01-13,0.5331057115644986,0.43928658529770037,0.02760770313778975
2023-01-17,0.6032650860818776,0.36979963599668264,0.026935277921428406
2023-01-18,0.675915634196081,0.2895035107331235,0.034580855070784164
2023-01-19,0.26351658502115893,0.7211082142026418,0.015375200776187875
2023-01-20,0.44174133287470607,0.5493339697087726,0.008924697416510332
2023-01-23,0.7351086888551063,0.24945736871918445,0.015433942425698156
2023-01-24,0.25251741612985557,0.742097993115052,0.005384590755081643
2023-01-25,0.6812728923041053,0.31055439955663855,0.008172708139245175
2023-01-26,0.26803735508369075,0.7268306435461684,0.005132001370129868
2023-01-27,0.825922294830278,0.15566352339045694,0.01841418177925419
2023-01-30,0.23415739629270058,0.7561384534132385,0.009704150294049991
2023-01-31,0.4724640435153429,0.5097422057953719,0.017793750689274232
2023-02-01,0.683060415756119,0.2738251593544623,0.043114424889407935
2023-02-02,0.1549302707426482,0.8087228858512879,0.03634684340605308
2023-02-03,0.8806345865963742,5.35732910103418e-06,0.1193600560745138
2023-02-06,0.14035952518675146,0.8285525938639163,0.031087880949321182
2023-02-07,0.7253193780408097,0.25441799120177716,0.020262630757402228
2023-02-08,0.14921668318113562,0.8440601753494253,0.006723141469428189
2023-02-09,0.8569670461875514,0.12967925921531875,0.01335369459711902
2023-02-10,0.27947521483268606,0.7151501714415588,0.005374613725744424
2023-02-13,0.5881189527094758,0.3983218936918875,0.01355915359862587
2023-02-14,0.3531338737375404,0.64178819526321,0.0050779309992388345
2023-02-15,0.6908760980733604,0.30053805239839015,0.008585849528238654
2023-02-16,0.2591613139878045,0.7357498609211385,0.005088825091046247
2023-02-17,0.6668283875379752,0.3233557472186685,0.0098158652433454
2023-02-21,0.25600810732941404,0.7335596574353332,0.010432235235241834
2023-02-22,0.6815578471338701,0.2982609325411383,0.02018122032498059
2023-02-23,0.39315062190765854,0.5760573289271764,0.03079204916515401
2023-02-24,0.4219485850339713,0.5440416770286862,0.03400973793733167
2023-02-27,0.6250659220163948,0.3450781846713105,0.02985589331228391
2023-02-28,0.19505192228393223,0.7850013608252817,0.019946716890775283
2023-03-01,0.5781617754742621,0.41103806718124264,0.010800157344484473
2023-03-02,0.5262713742961899,0.46217234177093997,0.011556283932859502
2023-03-03,0.28420339716643384,0.6902566711686074,0.025539931664947835
2023-03-06,0.4835129015121699,0.44443414010493143,0.0720529583828878
2023-03-07,0.8665851472971391,0.0011447504622506975,0.13227010224059932
2023-03-08,0.20209788662214972,0.7143587655171151,0.0835433478607242
2023-03-09,0.6036458668888035,0.2715631858924529,0.12479094721873249
2023-03-10,0.016418336611456724,0.7338484424780711,0.24973322091046102
2023-03-13,2.0683081648281414e-08,0.008990118866318847,0.9910098604505885
2023-03-14,0.004604220617081247,0.731823664457243,0.2635721149256649
2023-03-15,0.5420116855146929,0.340015232867935,0.11797308161736136
2023-03-16,0.3394827834851385,0.5721290717367501,0.08838814477810063
2023-03-17,0.008825226599761335,0.8892172972873009,0.10195747611292713
2023-03-20,0.5956585016311254,0.3716043837105729,0.03273711465829097
2023-03-21,0.46679510767337096,0.5130170696258007,0.020187822700817613
2023-03-22,0.3590678092271705,0.6218244384746836,0.019107752298135237
2023-03-23,0.6185444707451241,0.3406752119584727,0.040780317296392615
2023-03-24,0.31661063258135863,0.669949900060328,0.013439467358302822
2023-03-27,0.6719121554508788,0.31443884958291696,0.013648994966193657
2023-03-28,0.2719049566551931,0.7193680358690169,0.00872700747577929
2023-03-29,0.6060346757529905,0.37873180564799613,0.015233518599002556
2023-03-30,0.35765113230999157,0.6117828801163663,0.030565987573631485
2023-03-31,0.4001545533391693,0.5629460555675042,0.036899391093315685
2023-04-03,0.599601471194459,0.32582503157736736,0.07457349722816309
2023-04-04,0.00011902941943802908,0.8114873332811435,0.18839363729940786
2023-04-05,0.6343442914056909,0.29344637747399394,0.0722093311203044
2023-04-06,0.30753283787563973,0.6773689854539894,0.015098176670360302
2023-04-10,0.6795949004471501,0.308173297506096,0.012231802046743453
2023-04-11,0.15512215613723213,0.8382593715975075,0.006618472265250011
2023-04-12,0.7244531602971858,0.2667527638515365,0.00879407585126747
2023-04-13,0.29090059000347224,0.7032408818662017,0.005858528130315871
2023-04-14,0.8567457418168107,0.13143766763202783,0.011816590551151218
2023-04-17,0.30768374100956475,0.6854816697337137,0.006834589256711184
2023-04-18,0.4623724863357242,0.5285351369308635,0.009092376733402078
2023-04-19,0.5040101348548544,0.4875712163959412,0.00841864874919408
2023-04-20,0.34606546849465186,0.6493093393528443,0.0046251921524933575
2023-04-21,0.7786178823599883,0.21008936991961077,0.011292747720390564
2023-04-24,0.10385726243379506,0.8935597830427646,0.002582954523430139
2023-04-25,0.9560405397085868,0.034018255424658195,0.00994120486674478
2023-04-26,0.26380670670888007,0.7329417150178351,0.0032515782732745664
2023-04-27,0.6489752287637154,0.34478093882394223,0.006243832412332246
2023-04-28,0.32041691000484934,0.6762004345186872,0.0033826554764534453
2023-05-01,0.7232059646021877,0.26792939648103986,0.008864638916762466
2023-05-02,0.0888512565892173,0.9053137818911712,0.005834961519601462
2023-05-03,0.8667383241703401,0.11950770962464694,0.013753966205002808
2023-05-04,0.013627522090755009,0.9780445143147313,0.008327963594503433
2023-05-05,0.948969370026211,0.03232031757583916,0.018710312397939743
2023-05-08,0.25428433216150054,0.734029188428516,0.011686479409973274
2023-05-09,0.5191469440974654,0.4176069325614285,0.06324612334109583
2023-05-10,0.2719708499326857,0.5532319099577963,0.1747972401095077
2023-05-11,0.6073924606345463,5.139685754589804e-05,0.39255614250789767
2023-05-12,0.3316160216265499,0.4381812839245532,0.230202694448887
2023-05-15,0.18507923419300162,0.7859323470584797,0.028988418748508712
2023-05-16,0.9184145444053818,0.04904619173669448,0.03253926385791387
2023-05-17,0.12489429041629375,0.869531979165713,0.005573730417983753
2023-05-18,0.855423658571895,0.1332714059376649,0.011304935490430537
2023-05-19,0.014912013948722899,0.9816049766897565,0.003483009361510872
2023-05-22,0.9219714342221595,0.0663281087428602,0.011700457034970467
2023-05-23,0.29785868833339446,0.6963951531175832,0.0057461585490125
2023-05-24,0.48830202652897453,0.5001115871841982,0.011586386286817362
2023-05-25,0.6960837093405433,0.28770495536331203,0.01621133529613468
2023-05-26,0.00040259845830830943,0.9916158854153352,0.007981516126346677
2023-05-30,0.9562053163047208,0.014176123860351966,0.02961855983491746
2023-05-31,0.0031154458613172355,0.9817203663880858,0.01516418775058704
2023-06-01,0.3855737065552592,0.5652770846620749,0.04914920878265585
2023-06-02,0.7688636076200442,0.13661564039957716,0.0945207519803686
2023-06-05,0.5017710100773713,0.4468675532563508,0.05136143666626799
2023-06-06,0.2741833263353734,0.7126322707738723,0.013184402890744209
2023-06-07,0.8188116792865597,0.1617278738577528,0.01946044685567755
2023-06-08,3.1774203653313033e-06,0.9815243150572798,0.018472507522345277
2023-06-09,0.1291530664668675,0.8483715485889235,0.022475384944199334
2023-06-12,0.9466738348922512,0.022956212254112242,0.03036995285362675
2023-06-13,0.470764826915985,0.5083732859810571,0.020861887102947937
2023-06-14,0.02179617615202804,0.9686113160577962,0.009592507790165763
2023-06-15,0.9799627533372897,0.0011872639911378793,0.018849982671562307
2023-06-16,0.004312919603487294,0.9882646519883141,0.007422428408188184
2023-06-20,0.9414915172753467,5.914485601173965e-07,0.058507891276082656
2023-06-21,0.5325254634490496,0.4106669764554496,0.05680756009549054
2023-06-22,0.2560860847166508,0.7252786389615455,0.018635276321793615
2023-06-23,0.7372885420861656,0.24457184446356783,0.018139613450256453
2023-06-26,0.07095576292545155,0.9135537842417542,0.015490452832784328
2023-06-27,0.7115593950676325,0.2785884424749095,0.009852162457448122
2023-06-28,0.32112548066451757,0.6749142689240961,0.003960250411376296
2023-06-29,0.6686995622825397,0.3232420616518186,0.008058376065631825
2023-06-30,0.22637832639355357,0.769681691688734,0.003939981917702579
2023-07-03,0.7911530999612895,0.19967664075316557,0.009170259285535193
2023-07-05,0.012484845420350848,0.9833683201061894,0.004146834473449832
2023-07-06,0.9828325123360102,0.0003288102343288124,0.016838677429651058
2023-07-07,0.025677443861492275,0.9686357886271708,0.005686767511327244
2023-07-10,0.6564172395442335,0.33135947601442767,0.012223284441329068
2023-07-11,0.5904804671876221,0.393840488081113,0.015679044731255136
2023-07-12,0.00020616180637767466,0.9442156944471808,0.055578143746431684
2023-07-13,0.6303076538334331,0.3166804606150584,0.053011885551498765
2023-07-14,0.40982173764473095,0.5644920802203366,0.0256861821349229
2023-07-17,0.45325093142194534,0.5352901208286448,0.011458947749400195
2023-07-18,0.551368394315357,0.4381404828496696,0.01049112283496395
2023-07-19,0.30928094266345785,0.6852507046909286,0.0054683526456041276
2023-07-20,0.7293934398148169,0.2615505304215605,0.009056029763613152
2023-07-21,0.30992148565122785,0.6856703534451756,0.0044081609035872575
2023-07-24,0.6450499879024038,0.3432524870637207,0.011697525033866103
2023-07-25,0.23250204939603492,0.7539325888583198,0.013565361745635697
2023-07-26,0.36624783320241,0.6206165337947402,0.013135633002840034
2023-07-27,0.9535561111123387,0.012005105372306231,0.0344387835153454
2023-07-28,0.24293669018306382,0.727060774625406,0.030002535191520418
2023-07-31,0.07632671352735299,0.8950025890018023,0.028670697470834856
2023-08-01,0.9594207614523522,0.00037412040937875364,0.040205118138259
2023-08-02,0.266732435196314,0.7109877468509175,0.022279817952758445
2023-08-03,0.63338569926767,0.35052227737968206,0.016092023352637833
2023-08-04,0.23861246357789365,0.7530403289307033,0.008347207491392988
2023-08-07,0.9135340243352512,0.05773469080886171,0.028731284855876872
2023-08-08,0.14146224643054553,0.8457756159377969,0.012762137631647491
2023-08-09,0.7936491095431664,0.187524765371157,0.01882612508566651
2023-08-10,0.2622171722597304,0.7314521777850629,0.0063306499551966
2023-08-11,0.5891552740225958,0.4046112630063257,0.006233462971068522
2023-08-14,0.44346074839351146,0.5520576981527567,0.004481553453721891
2023-08-15,0.48083926271325145,0.5140803894317302,0.005080347855008483
2023-08-16,0.5158756039965176,0.47741112830102445,0.006713267702448002
2023-08-17,0.35335586021952564,0.6376322907002746,0.009011849080189644
2023-08-18,0.696430706912908,0.2842416995115222,0.01932759357555957
2023-08-21,0.004257604280803089,0.9443319485746535,0.051410447144533564
2023-08-22,0.6553938825793645,0.2650686813973251,0.07953743602330046
2023-08-23,2.3950251152730018e-05,0.9139319037107752,0.08604414603806221
2023-08-24,0.6363347104366325,0.3086346557567435,0.05503063380661419
2023-08-25,0.32224379508941076,0.6653065023478256,0.012449702562753571
2023-08-28,0.6576787278133247,0.3312623791110635,0.011058893075601407
2023-08-29,0.19523756448697083,0.7945114570992676,0.010250978413751147
2023-08-30,0.6658069519397573,0.32587940724022135,0.008313640820011304
2023-08-31,0.5432065153496503,0.44937114252604743,0.007422342124292107
2023-09-01,0.22492569287704023,0.7704772072484243,0.004597099874525466
2023-09-05,0.9723959599192776,0.01105355711315902,0.016550482967553334
2023-09-06,0.35526874336343706,0.6361816854032446,0.00854957123330866
2023-09-07,0.7342678194195216,0.25622151205254706,0.009510668527921696
2023-09-08,0.39231978616448016,0.6028003197921082,0.004879894043401738
2023-09-11,0.4901514620827628,0.5029992751118612,0.006849262805366148
2023-09-12,0.4328350292325685,0.5617321569656126,0.005432813801808965
2023-09-13,0.5640016044421342,0.428688255961809,0.007310139596046937
2023-09-14,0.5991739206147031,0.3913068633090507,0.00951921607623648
2023-09-15,0.03346869381868757,0.9498451602930118,0.016686145888290517
2023-09-18,0.5441577735826668,0.44202109823785307,0.013821128179470326
2023-09-19,0.6763032389101258,0.3024185241595916,0.02127823693027284
2023-09-20,0.0019086920984458136,0.9849687009310182,0.01312260697052615
2023-09-21,0.8319693325458261,0.13169199954026214,0.03633866791390202
2023-09-22,0.1023958315693918,0.8902223307528656,0.007381837677732765
2023-09-25,0.9460724305490471,0.03292182160877691,0.021005747842166106
2023-09-26,0.29797787979963897,0.6866617940238581,0.01536032617649324
2023-09-27,0.5102365495893258,0.42300972189286484,0.06675372851779952
2023-09-28,0.45578181691536385,0.45459010466677174,0.08962807841785475
2023-09-29,0.24070257535839665,0.518876669404984,0.24042075523660966
2023-10-02,0.534492973341898,0.0008831948494573947,0.4646238318086347
2023-10-03,0.1156726023979293,0.690287228703285,0.19404016889877587
2023-10-04,0.46806413502607946,0.41652721903511253,0.11540864593879811
2023-10-05,0.5076831007926143,0.3929005223495787,0.09941637685779717
2023-10-06,0.003713556886314433,0.8620125101254842,0.1342739329881915
2023-10-09,0.4484453935198108,0.5170111045600654,0.03454350192011385
2023-10-10,0.5803544401785541,0.4035621897765338,0.016083370044902397
2023-10-11,0.27360724254084257,0.7162166915405153,0.010176065918632432
2023-10-12,0.7264451845450226,0.24902339183770936,0.024531423617258404
2023-10-13,2.0326879758988356e-07,0.9633417539417171,0.03665804278947589
2023-10-16,0.9036213118100959,0.060534647683796426,0.035844040506098254
2023-10-17,0.19210103507246473,0.7919484798036848,0.01595048512384089
2023-10-18,0.5387119614424701,0.45082586209272896,0.010462176464791336
2023-10-19,0.5954780256292187,0.39436497575271195,0.010156998618059673
2023-10-20,0.05903147747942894,0.9304192873386528,0.010549235181908695
2023-10-23,0.953426151685588,0.028441938249857374,0.018131910064544864
2023-10-24,0.2001429761961834,0.7958918643447227,0.00396515945908405
2023-10-25,0.6973523313681276,0.29558854103340015,0.007059127598462495
2023-10-26,0.2495471263841196,0.7475964059445922,0.0028564676712786105
2023-10-27,0.787110924052233,0.20419337373597438,0.008695702211782974
2023-10-30,0.00028655902168634665,0.9934477188382597,0.006265722140044422
2023-10-31,0.9685690209461615,0.00022237123180210736,0.031208607822026814
2023-11-01,0.1536405747982945,0.8331458391062427,0.013213586095453355
2023-11-02,0.9201990193369195,0.036008738692116044,0.04379224197095493
2023-11-03,0.09861522978854148,0.8729069636702641,0.02847780654118485
2023-11-06,0.31357093311701323,0.6119406725442315,0.0744883943387458
2023-11-07,0.9006800516987836,5.1667478792115674e-05,0.0992682808224151
2023-11-08,0.03788454920210156,0.8803426981116497,0.08177275268623954
2023-11-09,0.15925458237487503,0.8067317839998666,0.03401363362524916
2023-11-10,0.9471437649566553,1.1079815893946056e-06,0.05285512706174632
2023-11-13,0.28026648452206027,0.6743017382251555,0.04543177725277518
2023-11-14,0.01658202185267322,0.8907684159927889,0.09264956215452909
2023-11-15,0.2213574449248666,0.6707287448755184,0.10791381019960627
2023-11-16,0.4360728297758907,0.5123513187138573,0.051575851510243235
2023-11-17,0.5953968739672496,0.3745938300372642,0.030009295995477483
2023-11-20,0.6636892941310779,0.3072963681423758,0.029014337726537547
2023-11-21,0.048914803493858246,0.9388913811363874,0.012193815369745915
2023-11-22,0.7693145473954894,0.21471507725498126,0.015970375349520772
2023-11-23,0.451015343028561,0.5334801673622991,0.015504489609131474
2023-11-24,0.19489148239301296,0.7391457495353211,0.06596276807165746
2023-11-27,0.5034553809010313,0.4694360913633672,0.02710852773559294
2023-11-28,0.49594765395435114,0.4918221961278482,0.012230149917792043
2023-11-29,0.41057410465703315,0.5799656781852575,0.009460217157700731
2023-11-30,0.6480535006024345,0.32977945716588536,0.02216704223167141
2023-12-01,0.20598232626671675,0.7781139884730685,0.01590368526020611
2023-12-04,0.9393106509456276,0.0002085745523686282,0.06048077450199494
2023-12-05,0.24604746435031605,0.7231271943940396,0.030825341255635522
2023-12-06,0.6895168999269911,0.27400367910554757,0.0364794209674526
2023-12-07,0.1604236339202353,0.8104728394714604,0.029103526608295335
2023-12-08,0.9168434410174748,0.007815026726026289,0.0753415322564901
2023-12-11,0.33961962551182445,0.6082296209762728,0.05215075351189403
2023-12-12,0.5763543115249058,0.3443265461063416,0.07931914236874382
2023-12-13,0.21319258434059918,0.6136941433566536,0.17311327230273832
2023-12-14,3.5587950821320818e-09,0.4024824697035062,0.5975175267376897
2023-12-15,0.35038365672387517,0.31133408319300576,0.33828226008311
2023-12-18,0.3060647934743497,0.6089662083116559,0.08496899821398547
2023-12-19,0.5259172167632896,0.4399694282313835,0.03411335500531791
2023-12-20,0.3763143304178068,0.6012079143029192,0.0224777552792651
2023-12-21,0.5246631429152449,0.4652540158666947,0.01008284121805162
2023-12-22,0.47607735874976587,0.5177240156955866,0.006198625554638761
2023-12-26,0.4586394079126766,0.534537517314532,0.006823074772782575
2023-12-27,0.4793975557457164,0.5143032684848028,0.006299175769472264
2023-12-28,0.4429585535070937,0.5509190039608772,0.0061224425320205045
2023-12-29,0.8711495746677633,0.11588091727617864,0.012969508056049687
2024-01-02,0.11148148687209915,0.8789180671741817,0.009600445953710828
2024-01-03,0.9330890836723849,0.0011364292067975663,0.06577448712080938
2024-01-04,0.10760902896118495,0.8765422378651949,0.015848733173612007
2024-01-05,0.740540173263526,0.24746197697058353,0.011997849765882232
2024-01-08,0.2658568249398975,0.7302631761051432,0.0038799989549510227
2024-01-09,0.7310491438335416,0.25913329387229567,0.00981756229415431
2024-01-10,0.23192893568036657,0.7585751176340336,0.009495946685591342
2024-01-11,0.7946525577644454,0.15720718228558053,0.0481402599499656
2024-01-12,0.0001466443078648947,0.950001734005873,0.04985162168625382
2024-01-16,0.5024557460069514,0.3786091374590397,0.11893511653400057
2024-01-17,0.4354617085832921,0.4781442749818749,0.08639401643482465
2024-01-18,0.3796531708789131,0.5833649564595199,0.03698187266155867
2024-01-19,0.4127341470874398,0.5629129416356414,0.02435291127691068
2024-01-22,0.6490755639980138,0.30894575068551305,0.04197868531646523
2024-01-23,0.24116825176610684,0.7362060637252446,0.022625684508640907
2024-01-24,0.5273558309974559,0.4431547480680552,0.029489420934481175
2024-01-25,0.3213556662900942,0.6700261367857774,0.008618196924120705
2024-01-26,0.7194893844213737,0.2691741719036476,0.01133644367497083
2024-01-29,0.04022060721939809,0.9517234958657713,0.008055896914822981
2024-01-30,0.7873724246887189,0.20238718346331214,0.010240391847961324
2024-01-31,0.383032075132107,0.6120662501292774,0.004901674738608026
2024-02-01,0.42426241836562917,0.5718281446684198,0.003909436965943492
2024-02-02,0.73863730967166,0.2533469747419182,0.008015715586414071
2024-02-05,0.3978415367300573,0.595901076574645,0.006257386695290195
2024-02-06,0.4584284118366543,0.5364433665230329,0.005128221640305108
2024-02-07,0.683262093944681,0.3084057058450225,0.008332200210288937
2024-02-08,0.09592341579243037,0.8971607803090537,0.006915803898508398
2024-02-09,0.8193967164811093,0.169522111595308,0.011081171923575139
2024-02-12,0.10350045482166462,0.8908699446130854,0.005629600565242297
2024-02-13,0.9655766001601711,0.006547505013877749,0.027875894825943742
2024-02-14,0.0890940354113226,0.8885557934284797,0.02235017116019049
2024-02-15,0.3175719750393946,0.5557037497402042,0.1267242752203941
2024-02-16,0.030538781288362214,0.9218365007057808,0.04762471800585005
2024-02-20,0.942132634438037,0.0018308473694033886,0.05603651819255279
2024-02-21,0.13521940843615685,0.8519933163746394,0.01278727518919705
2024-02-22,0.8247071218802209,0.1625187888869516,0.012774089232820762
2024-02-23,0.06322118836736308,0.934188873925393,0.002589937707237285
2024-02-26,0.9867820747020054,0.00067383333527599,0.012544091962712115
2024-02-27,0.14343451237125482,0.8516459075689004,0.004919580059838568
2024-02-28,0.8069019873952766,0.172927238103505,0.020170774501212234
2024-02-29,0.0897843473981052,0.8786454637215467,0.031570188880341826
2024-03-01,0.3699427703718268,0.48851088891172906,0.141546340716438
2024-03-04,0.08120715546559804,0.7407785749389986,0.17801426959539718
2024-03-05,0.6686146687662657,0.2091144444841439,0.1222708867495842
2024-03-06,0.13620640967350825,0.813402964404981,0.05039062592150474
2024-03-07,0.6073914377601248,0.37826248855218836,0.014346073687680743
2024-03-08,0.49027049845717674,0.5011697257924277,0.008559775750389504
2024-03-11,0.3031310102979634,0.6878933786119472,0.008975611090083184
2024-03-12,0.8580604545866205,0.11853497537234083,0.023404570041032413
2024-03-13,0.00034467176310933083,0.9734917309284505,0.02616359730843383
2024-03-14,0.750577547545933,0.2229889950506012,0.02643345740345937
2024-03-15,0.12706038832863498,0.8620267611586057,0.01091285051275303
2024-03-18,0.7417625680459176,0.24941677279524857,0.008820659158827404
2024-03-19,0.31188889088786215,0.684938000481514,0.0031731086306172663
2024-03-20,0.629455239828957,0.3657481612984903,0.004796598872546195
2024-03-21,0.36891612686399616,0.6279679617534264,0.0031159113825709886
2024-03-22,0.625074487945661,0.36935315283339165,0.00557235922094094
2024-03-25,0.2767994132069052,0.7190557894331344,0.004144797359954049
2024-03-26,0.82948373944879,0.15522313649390082,0.015293124057302796
2024-03-27,0.1589283421922377,0.8204931926390377,0.02057846516871839
2024-03-28,0.5690938918899977,0.314881450168746,0.11602465794125019
2024-04-01,0.1418130786498732,0.6005776276166704,0.2576092937334502
2024-04-02,0.0003173888192604488,0.183955597208425,0.8157270139723085
2024-04-03,0.002229351588212661,0.04153683664752141,0.9562338117642598
2024-04-04,0.022249370257231477,0.7553111817112965,0.22243944803146573
2024-04-05,0.5818151421118074,0.3368066503871977,0.08137820750098852
2024-04-08,0.4395786418458112,0.5272806707133911,0.03314068744079138
2024-04-09,0.4840603344558049,0.5016761445840248,0.014263520960164004
2024-04-10,0.5140587506485885,0.4687002067842682,0.017241042567136947
2024-04-11,0.3848510478007756,0.6066958480835398,0.008453104115678392
2024-04-12,0.6122691084962112,0.37541171122346817,0.012319180280314554
2024-04-15,0.2484630841143866,0.7392253873839996,0.012311528501607546
2024-04-16,0.8411211765299675,0.14504255425479357,0.013836269215232636
2024-04-17,0.2729955426291842,0.7206018530134555,0.006402604357354198
2024-04-18,0.7221760074085272,0.2530863819996632,0.02473761059180353
2024-04-19,0.010647958397818052,0.9131042747309581,0.07624776687121754
2024-04-22,0.7026547538070272,3.6694157492517065e-13,0.29734524619259967
2024-04-23,0.15846864359938884,0.7606664800769518,0.08086487632365323
2024-04-24,0.6241478020136504,0.35161145983587966,0.02424073815046378
2024-04-25,0.34290928764828166,0.6512717490448764,0.005818963306835782
2024-04-26,0.6601344632219096,0.3327941279559554,0.007071408822128771
2024-04-29,0.20375510379338,0.7894985825523188,0.006746313654295026
2024-04-30,0.9581541943718602,0.00479137381213161,0.037054431816001765
2024-05-01,0.3390665098095274,0.64380273051014,0.0171307596803262
2024-05-02,0.39627805772195224,0.5967747635854266,0.006947178692614798
2024-05-03,0.7752617337557193,0.2087267221469059,0.016011544097368643
2024-05-06,8.184659268723567e-06,0.9671217363862955,0.03287007895442952
2024-05-07,0.57581533631235,0.38226326960488693,0.04192139408275647
2024-05-08,0.5600125354043312,0.40171333960041883,0.038274124995243436
2024-05-09,0.021618585460672763,0.8988151245139858,0.07956629002533491
2024-05-10,0.4101938871381542,0.5322474555267274,0.05755865733511197
2024-05-13,0.537530946505457,0.39196712322015115,0.07050193027438567
2024-05-14,0.17055792341608894,0.6545239878729746,0.17491808871093012
2024-05-15,0.030830514813170097,0.2941587690674157,0.6750107161194077
2024-05-16,0.011920694507865646,0.2362555366106219,0.7518237688815059
2024-05-17,1.4627986061379073e-07,0.0032118421968094536,0.9967880115233234
2024-05-20,4.7886382710869155e-06,0.005196680858520868,0.9947985305032016
2024-05-21,0.004182212076431632,0.012815708741872538,0.9830020791816891
2024-05-22,0.004852280947201362,0.04000141474331011,0.9551463043094819
2024-05-23,0.02270231952636163,0.0004241453737831258,0.9768735350998488
2024-05-24,0.0009484561625085982,0.07055136670387233,0.9285001771336127
2024-05-28,5.370547639926327e-10,0.0016758030141720693,0.9983241964487668
2024-05-29,2.2980580958868195e-05,0.11029970580143109,0.8896773136176037
2024-05-30,0.016439012405013425,8.684412959961797e-05,0.9834741434653809
2024-05-31,0.007835928710831587,0.00041214300678102454,0.9917519282823816
2024-06-03,0.00013921278660256409,0.1078353615462917,0.8920254256670995
2024-06-04,0.033388405801887365,3.3807376868197994e-06,0.9666082134604198
2024-06-05,9.543817606258486e-05,0.11458343258736878,0.8853211292365627
2024-06-06,9.60289691122008e-07,0.007432580804898054,0.992566458905405
2024-06-07,0.003040903948813161,9.707938168020419e-12,0.9969590960414729
2024-06-10,4.580770736489717e-06,0.6445892066949236,0.35540621253433397
2024-06-11,0.6061904868863383,0.005607498199644866,0.3882020149140111
2024-06-12,0.0001878351370996952,0.720857621351506,0.2789545435113885
2024-06-13,0.6713302952040501,5.1448540161594604e-06,0.3286645599419279
2024-06-14,0.006268170847232987,0.878729984065199,0.11500184508756241
2024-06-17,0.6518754996407968,0.25636768651267083,0.09175681384652663
2024-06-18,0.34760363442078135,0.5467556205310867,0.10564074504812634
2024-06-20,9.225066580456666e-07,0.6383371182395733,0.36166195925376293
2024-06-21,0.621463502231674,1.8532479093387096e-07,0.3785363124435295
2024-06-24,0.12411644479464057,0.7203547026963851,0.15552885250896895
2024-06-25,0.7972317600458505,0.03817050090543512,0.16459773904870925
2024-06-26,0.07515617024404751,0.8931600479402075,0.03168378181573988
2024-06-27,0.7789880190091408,0.19785477277397356,0.02315720821688061
2024-06-28,0.15112572949042177,0.8351857062452968,0.01368856426427642
2024-07-01,0.48267818547185287,0.5036089058279483,0.01371290870019366
2024-07-02,0.6430261348957337,0.335096556203562,0.02187730890069953
2024-07-03,4.382347178869115e-06,0.9300506510864776,0.06994496656633892
2024-07-05,0.02051423443524185,0.9502077060457804,0.029278059518972843
2024-07-08,0.9594544358166786,5.1688393701603745e-06,0.04054039534394631
2024-07-09,0.005150109089106182,0.9822687202953229,0.012581170615565945
2024-07-10,0.9133031703727528,0.06918477800565287,0.01751205162158926
2024-07-11,0.0023082639556472264,0.995168541932678,0.002523194111669783
2024-07-12,0.9859363657419608,0.001192403103161301,0.012871231154872787
2024-07-15,0.6784515475020634,0.30959321243947874,0.011955240058452665
2024-07-16,0.0028668364060205004,0.9812990693921759,0.015834094201798474
2024-07-17,0.9373663757472355,7.928365177499399e-09,0.06263361632439415
2024-07-18,0.06353893691022373,0.8834992088467143,0.05296185424305707
2024-07-19,0.8219543523040374,0.03300927288015572,0.1450363748158021
2024-07-22,0.17290275893960322,0.7528708834774817,0.07422635758291028
2024-07-23,0.6385263073345239,0.2637224236471873,0.097751269018284
2024-07-24,0.07535090463699333,0.7497195419725287,0.17492955339047306
2024-07-25,0.2831722274923184,4.466044613367093e-05,0.7167831120615429
2024-07-26,0.04426847079465783,0.697455720004118,0.258275809201219
2024-07-29,0.6103993683993159,0.17550553000387697,0.21409510159680215
2024-07-30,0.029155667743802276,0.7669298617390985,0.20391447051709422
2024-07-31,0.32066721518165053,0.5062093152333038,0.17312346958504046
2024-08-01,0.6675780856055319,0.09441411181622605,0.238007802578237
2024-08-02,0.08565367244663086,0.6284890452118874,0.28585728234147667
2024-08-05,0.27503490619682186,0.0003503611993893815,0.7246147326037837
2024-08-06,0.022728903052121618,0.8415081993494905,0.13576289759838286
2024-08-07,0.7610755719899706,0.14400186846660312,0.09492255954342148
2024-08-08,0.006304040869836827,0.9487852911681848,0.04491066796197362
2024-08-09,0.8373695434384593,0.12213364160584159,0.04049681495569408
2024-08-12,0.045360853391971656,0.9279223342982915,0.02671681230973184
2024-08-13,0.8214370075514983,0.11186440425496562,0.06669858819353092
2024-08-14,0.4662693038161145,0.45138349328473415,0.08234720289914621
2024-08-15,2.566401260984955e-07,0.7813327516063577,0.21866699175351112
2024-08-16,0.45855038743510634,0.42661187553403634,0.11483773703085216
2024-08-19,0.1662593647546066,0.804360909736638,0.029379725508750447
2024-08-20,0.6915409606232601,0.2932329206685456,0.01522611870818924
2024-08-21,0.22020757255069046,0.7760997997666644,0.003692627682640182
2024-08-22,0.9154288219058542,0.07122738806459485,0.013343790029546039
2024-08-23,0.00496929804617479,0.9866252370908343,0.00840546486298598
2024-08-26,0.6445189057235083,0.33708046827278365,0.01840062600370296
2024-08-27,0.21887446520377427,0.7757177239830408,0.0054078108131798645
2024-08-28,0.9715794942834013,0.009355286603010866,0.019065219113582926
2024-08-29,0.0007241046975418652,0.9936672762100401,0.005608619092413059
2024-08-30,0.9583239681994046,7.718893838600474e-05,0.041598842862204416
2024-09-03,0.8910859684757108,0.05952333855234483,0.04939069297193925
2024-09-04,0.28359016083969474,0.683304330555007,0.03310550860529301
2024-09-05,0.04203445663019605,0.9405352284570384,0.017430314912760453
2024-09-06,0.9691496205652397,6.50914814081929e-07,0.030849728519940937
2024-09-09,7.788842042063431e-05,0.988466340609188,0.011455770970386255
2024-09-10,0.7740266256190991,0.16577451645045202,0.06019885793044388
2024-09-11,0.15229178297824203,0.7620760814648762,0.08563213555687693
2024-09-12,6.066003429259304e-06,0.5911252829864904,0.4088686510100752
2024-09-13,0.03784692595434224,0.57000672447223,0.39214634957342265
2024-09-16,0.4642304297234821,0.3726176078236372,0.16315196245287564
2024-09-17,0.3291130585566488,0.6157605046577371,0.05512643678560896
2024-09-18,0.6653556243309519,0.27739095191354385,0.05725342375549933
2024-09-19,0.010141048850596789,0.9333298968931502,0.05652905425624817
2024-09-20,0.3857522400540998,0.5906838752092929,0.023563884736602383
2024-09-23,0.8212040332018421,0.14519229827503743,0.033603668523115596
2024-09-24,5.861665432231915e-06,0.9673143678390604,0.03267977049550225
2024-09-25,0.9276919085015907,0.035268781218610996,0.03703931027979297
2024-09-26,0.05094626507212531,0.9430991271653562,0.005954607762513264
2024-09-27,0.9471614347651492,0.034342829261494325,0.01849573597335122
2024-09-30,0.536968884297794,0.4483133198450514,0.01471779585714907
2024-10-01,0.03935804382006913,0.9333053885023535,0.027336567677571883
2024-10-02,0.672830284083177,0.25921910737424353,0.06795060854257393
2024-10-03,0.15568010501725016,0.7497920190672959,0.09452787591544837
2024-10-04,0.4695111049964331,0.41405363159642766,0.11643526340713367
2024-10-07,0.24127631587632994,0.5932462858539531,0.16547739826971147
2024-10-08,0.6936525262130265,4.754105648333281e-08,0.3063474262459116
2024-10-09,0.07871447659844019,0.7078847326874108,0.2134007907141435
2024-10-10,0.008336887154774118,0.8567178549884773,0.1349452578567431
2024-10-11,0.11498231536249515,0.8449424304221257,0.0400752542153738
2024-10-14,0.9231058918707028,0.025521039062673726,0.05137306906661834
2024-10-15,0.013637905985388223,0.9583591560811638,0.028002937933442894
2024-10-16,0.5027651520009947,0.4183136692930966,0.07892117870590382
2024-10-17,0.46492441178451616,0.4032927277462615,0.13178286046921722
2024-10-18,1.7294209176026145e-08,0.6099543819216005,0.39004560078418515
2024-10-21,0.04010422797602881,0.27006922150205653,0.6898265505219092
2024-10-22,0.0016388449700537547,0.676794596960949,0.3215665580689919
2024-10-23,0.668029201954746,3.637102355950818e-05,0.33193442702168924
2024-10-24,0.2649731680910964,0.5865824102198925,0.1484444216890058
2024-10-25,0.48401467913982965,0.4577135448900861,0.058271775970079126
2024-10-28,0.4314081276746338,0.5215782072882514,0.04701366503710966
2024-10-29,0.24204951131811,0.6875960698623543,0.07035441881953067
2024-10-30,0.7016895658945704,0.15684988313814513,0.14146055096727947
2024-10-31,0.8168833910842856,0.0014361367340158524,0.18168047218169348
2024-11-01,0.13863519769629407,0.8105293759155726,0.05083542638812855
2024-11-04,0.7485107614164529,0.21623932390000375,0.0352499146835384
2024-11-05,0.15928083320066638,0.8167125237607654,0.024006643038563077
2024-11-06,0.9545547251092498,2.3356133149105956e-05,0.04542191875759631
2024-11-07,0.015363760973501856,0.9714898543413398,0.013146384685153393
2024-11-08,0.847630283328022,0.11688532255268236,0.03548439411929085
2024-11-11,0.31062273600133916,0.6489979921472592,0.04037927185139733
2024-11-12,0.36514351292233166,0.6180286150602823,0.01682787201738152
2024-11-13,0.6018960493605722,0.388024176031538,0.01007977460788537
2024-11-14,0.29463278102807045,0.699918119392083,0.005449099579842151
2024-11-15,0.8130951946161706,0.16968238199614352,0.017222423387681353
2024-11-18,0.016997264963006423,0.9666509865933854,0.016351748443603868
2024-11-19,0.7254047740128053,0.2578322300012417,0.016762995985948548
2024-11-20,0.33586501184186635,0.6542449032825058,0.009890084875623529
2024-11-21,0.6622376295491013,0.3111587345370416,0.02660363591385278
2024-11-22,0.07809279121353734,0.8414434541150884,0.08046375467137004
2024-11-25,0.7887573378429271,2.349796735653587e-06,0.21124031236033283
2024-11-26,0.01893159238667183,0.9406283007188051,0.04044010689451893
2024-11-27,0.8898257198166963,0.06174153382824801,0.04843274635505137
2024-11-29,0.02227199031263614,0.9632746678270784,0.014453341860281315
2024-12-02,0.862062453608271,0.10888906187441005,0.029048484517314805
2024-12-03,0.022391984516371633,0.9515473955577177,0.026060619925906445
2024-12-04,0.46951504085082935,0.4968747179729521,0.033610241176214264
2024-12-05,0.8271383905785725,0.1243052891336668,0.048556320287756236
2024-12-06,0.3452256036759009,0.6016405945780285,0.05313380174606611
2024-12-09,0.0008496833036891749,0.6979123913450483,0.301237925351258
2024-12-10,0.36881308077023056,0.4740892688735361,0.15709765035622883
2024-12-11,0.2491534547974509,0.6659091915436359,0.08493735365890875
2024-12-12,0.8765054232746861,1.2983261335986069e-05,0.12348159346397358
2024-12-13,0.6547672247375215,0.24062792639400002,0.10460484886847375
2024-12-16,0.2523485066342948,0.7096392975704653,0.03801219579523504
2024-12-17,0.7129191460132623,0.242379020997008,0.04470183298972487
2024-12-18,0.09433579680276453,0.8370741880849574,0.06859001511227332
2024-12-19,0.7272136932441381,7.105271985168676e-05,0.27271525403600566
2024-12-20,0.00875317246363148,0.8864854402807121,0.10476138725565191
2024-12-23,0.4622809695723665,0.4944065168900491,0.04331251353757992
2024-12-24,0.48626384079226875,0.4966165830376744,0.01711957617005241
2024-12-26,0.335847069098562,0.6590468232220742,0.005106107679359386
2024-12-27,0.8271755236762954,0.16087789619952877,0.011946580124171095
2024-12-30,0.2612587412043298,0.7290291532383187,0.009712105557346657
2024-12-31,0.7792729004326181,0.20419248348218375,0.016534616085193292
2025-01-02,0.0001005875392103937,0.9784243730849106,0.021475039375873944
2025-01-03,0.8238290571380998,0.151852425362951,0.024318517498944238
2025-01-06,0.03805166217592487,0.9450575652120157,0.016890772612054468
2025-01-07,0.5514890576327424,0.41597958388096706,0.03253135848628574
2025-01-08,0.2863032790967731,0.6798535440043723,0.03384317689884991
2025-01-09,0.37580310093465275,0.5744240797388576,0.049772819326485036
2025-01-10,0.14046259188517862,0.8159008807015532,0.04363652741326367
2025-01-13,0.9312386424257374,4.4665146471791354e-05,0.06871669242778639
2025-01-14,0.600564966365618,0.3333498267869248,0.06608520684745291
2025-01-15,2.24298759833854e-05,0.8914766906872662,0.108500879436746
2025-01-16,0.23331862703147624,0.7330422629117631,0.033639110056756266
2025-01-17,0.940669218731202,0.009657201372689729,0.04967357989610388
2025-01-21,0.25553541626303394,0.7043709578747925,0.040093625862169205
2025-01-22,0.3863693715355975,0.6013397613358268,0.012290867128571524
2025-01-23,0.9424687603197085,0.03541963164710783,0.022111608033179297
2025-01-24,0.013893055215609417,0.9787060787651861,0.00740086601920033
2025-01-27,0.9677356743382466,3.9168720913049965e-06,0.03226040878965799
2025-01-28,7.216618031266356e-06,0.9725598439331677,0.027432939448796868
2025-01-29,0.3881158606872995,0.3340364299598492,0.27784770935284747
2025-01-30,0.004036460826975344,0.6527680070528608,0.34319553212015996
2025-01-31,0.5568515001561329,0.22054637265131155,0.22260212719255162
2025-02-03,0.11439333123006909,0.819500881107921,0.06610578766200609
2025-02-04,0.6326517738829821,0.34766480637534364,0.01968341974167034
2025-02-05,0.4394713661508665,0.5528172942320695,0.007711339617060229
2025-02-06,0.5264886251821553,0.46669662886535185,0.006814745952489029
2025-02-07,0.5639944703660213,0.4297720757944842,0.006233453839490856
2025-02-10,0.2514082093963514,0.7451628807119021,0.0034289098917430747
2025-02-11,0.8817787809355928,0.10838602017502352,0.00983519888938017
2025-02-12,0.033800698629120544,0.9624957959523043,0.00370350541857165
2025-02-13,0.8783933762331116,0.11317876234206696,0.008427861424817832
2025-02-14,0.4635425220868479,0.5306868825876243,0.005770595325524404
2025-02-18,0.13618610065526826,0.8473681568204516,0.016445742524276843
2025-02-19,0.9007872143127438,0.07982030094003285,0.01939248474721995
2025-02-20,0.062363435783592505,0.9336467881224654,0.0039897760939386975
2025-02-21,0.9441485305910233,0.03853470035355932,0.01731676905541384
2025-02-24,0.10514719859470106,0.8830616296627732,0.011791171742522158
2025-02-25,0.9328371265317736,0.008309653408523524,0.05885322005969941
2025-02-26,0.0027930530274582702,0.9807237621357061,0.01648318483683227
2025-02-27,0.7769626406249615,0.19302933577438164,0.030008023600653723
2025-02-28,0.6789357918987334,0.2894333662574022,0.031630841843861585
2025-03-03,0.0023260945540902692,0.9859117531413784,0.011762152304528511
2025-03-04,0.8998549023760802,0.07825297046577546,0.021892127158141393
2025-03-05,0.011716197459673044,0.9702413846775146,0.01804241786280937
2025-03-06,0.6160278442970593,0.37480435389406586,0.009167801808872101
2025-03-07,0.7245817754867071,0.2621996116237369,0.013218612889553083
2025-03-10,0.6033651437946137,0.38163898298074245,0.014995873224641269
2025-03-11,0.006154610621566287,0.9491261213797918,0.044719267998639206
2025-03-12,0.609085283321673,0.2632549647391479,0.1276597519391762
2025-03-13,0.19932587032829446,0.7121119328476958,0.08856219682400683
2025-03-14,0.4685454654011855,0.5175094687925269,0.013945065806284716
2025-03-17,0.6606486993729721,0.32968621353784955,0.009665087089175406
2025-03-18,0.09485230256723004,0.9006301877572088,0.004517509675558183
2025-03-19,0.9709296437138818,0.01836913321579318,0.010701223070322362
2025-03-20,0.22586999265186672,0.7710231085738605,0.003106898774270034
2025-03-21,0.6483673187517254,0.3413684191487867,0.010264262099485255
2025-03-24,0.5582508970885514,0.428677262637952,0.013071840273493942
2025-03-25,0.04114084145019195,0.9171526417899465,0.04170651675985876
2025-03-26,0.6726703798696099,0.2792501220505788,0.04807949807980857
2025-03-27,0.03159538107157429,0.9367216633402011,0.0316829555882215
2025-03-28,0.8900853252522083,0.07582272004535696,0.03409195470243173
2025-03-31,0.16016944402470862,0.8243203625719879,0.015510193403300405
2025-04-01,0.7344967691656281,0.19592917752500968,0.06957405330935934
2025-04-02,0.015227209376747944,0.8230240001401999,0.16174879048304935
2025-04-03,8.845448927607495e-10,4.771030932366204e-26,0.9999999991154526
2025-04-04,2.4355394391118136e-17,9.086851701824511e-14,0.9999999999999066
2025-04-07,4.6561090094112157e-10,0.5462990981395347,0.4537009013948519
2025-04-08,0.31745149532332095,0.5765225289169302,0.1060259757597465
2025-04-09,0.7494786160327992,0.15074527385534958,0.09977611011184886
2025-04-10,0.15656095227149971,0.7819963309562434,0.061442716772254755
2025-04-11,0.6795514775952451,0.177417656916014,0.14303086548873845
2025-04-14,0.22474127257138637,0.7460641203124313,0.029194607116180327
2025-04-15,0.725747219563843,0.25054971838649426,0.02370306204966066
2025-04-16,0.22607617496981866,0.7590135412448198,0.014910283785359498
2025-04-17,0.8489842401171497,0.12576899649078105,0.025246763392067252
2025-04-21,0.32418903285439604,0.6581535627798251,0.017657404365777007
2025-04-22,0.5501928838612765,0.39468315221887207,0.05512396391984928
2025-04-23,0.540644413488001,0.3722386656231194,0.08711692088887739
2025-04-24,0.35343204457699906,0.6187670714742609,0.027800883948737743
2025-04-25,0.4623304272148578,0.518231798513997,0.019437774271142922
2025-04-28,0.569586740340738,0.4191065946361402,0.011306665023119524
2025-04-29,0.2819604384389772,0.7100998524903783,0.007939709070642143
2025-04-30,0.9352310059151081,0.042520681802842214,0.022248312282047253
2025-05-01,0.25486066582886385,0.7355124513268658,0.00962688284426794
2025-05-02,0.5978544189233025,0.37552812805797947,0.02661745301871578
2025-05-05,0.23743511975886297,0.7100205460743109,0.052544334166824
2025-05-06,0.014860122263536961,0.9605622161186896,0.0245776616177713
2025-05-07,0.9632576576508963,0.0009978315776712268,0.03574451077143045
2025-05-08,0.2737503579057891,0.7116812695224851,0.014568372571723602
2025-05-09,0.3335475085412764,0.6532229771575004,0.013229514301220952
2025-05-12,0.6732408198819808,0.3093392673898813,0.01741991272813567
2025-05-13,0.07450994274529939,0.9211590347509966,0.004331022503702032
2025-05-14,0.985451138193683,0.0006755500338346516,0.013873311772480383
2025-05-15,0.05790571373492957,0.9384467928182549,0.0036474934468134212
2025-05-16,0.855215180871723,0.1338188045537822,0.010966014574492818
2025-05-19,0.4389637937026679,0.5524438198854464,0.00859238641188385
2025-05-20,0.2425716689195237,0.7264378400480503,0.030990491032424013
2025-05-21,0.30016198149682444,0.6885002164318806,0.011337802071293134
2025-05-22,0.8998949244743956,0.08366563027619578,0.016439445249407037
2025-05-23,0.18025199844037795,0.8137434386046273,0.0060045629549931295
2025-05-26,0.6305073590721918,0.36291544213060406,0.006577198797202529
2025-05-27,0.47162715121871884,0.5229272337209021,0.005445615060377357
2025-05-28,0.5767817618130453,0.4147003786982218,0.008517859488731124
2025-05-29,0.25442929252347873,0.729489996389004,0.01608071108751534
2025-05-30,0.859035938816683,0.07317715299280149,0.06778690819051383
2025-06-02,1.754351883968022e-07,0.9007871834109257,0.09921264115388417
2025-06-03,0.5740165475817541,0.33323783392062073,0.09274561849762342
2025-06-04,0.36218258079301896,0.5336459701454965,0.10417144906148282
2025-06-05,0.02609727331584947,0.6528486516142641,0.32105407506988476
2025-06-06,0.41729940026601314,0.45554841810774993,0.1271521816262351
2025-06-09,0.4825551595053816,0.4519217105480221,0.0655231299465947
2025-06-10,0.5303556362674263,0.4369931231812942,0.03265124055127777
2025-06-11,0.2963779563985528,0.680360354640411,0.023261688961034505
2025-06-12,0.49435219294769017,0.49373837732476866,0.011909429727539398
2025-06-13,0.48769582370802833,0.5001537022435508,0.012150474048418904
2025-06-16,0.5409734823125941,0.4337073672851096,0.02531915040229456
2025-06-17,0.19921703423151144,0.7003019508117587,0.10048101495672807
2025-06-18,0.4440246537611396,0.49839249829687704,0.057582847941981534
2025-06-20,0.9061939047715799,0.013611006337809045,0.08019508889060895
2025-06-23,0.08936897347438816,0.8898222998485148,0.020808726677094862
2025-06-24,0.9563612021545062,0.010354243630284622,0.03328455421520703
2025-06-25,0.07574416253632439,0.911365762367235,0.012890075096438474
2025-06-26,0.4418444609732136,0.551941866460962,0.006213672565821977
2025-06-27,0.9374515655402509,0.05066862900867642,0.011879805451070369
2025-06-30,0.21081654741732458,0.7840352028663624,0.005148249716310825
2025-07-01,0.4924198926941872,0.4983840735437613,0.009196033762049338
2025-07-02,0.512063524790434,0.47935964253189334,0.008576832677670267
2025-07-03,0.461361622984047,0.5285561826718141,0.010082194344136423
2025-07-04,0.5002730997845665,0.4928147266783077,0.006912173537123441
2025-07-07,0.5137771394865356,0.47808757323639267,0.00813528727706953
2025-07-08,0.38424094533614767,0.5986531464363996,0.01710590822745074
2025-07-09,0.5961502225074933,0.34171705146529036,0.06213272602721431
2025-07-10,0.004984761291204554,0.7678048157828306,0.22721042292596283
2025-07-11,0.00011382600876497879,0.11960128840957802,0.880284885581655
2025-07-14,0.10296749526716434,0.38208986830735764,0.514942636425476
2025-07-15,0.37808263956423893,0.3762935647413208,0.2456237956944382
2025-07-16,0.4910666563191767,0.39235613325383395,0.11657721042698727
2025-07-17,0.28608951748827915,0.6873993722155655,0.02651111029615316
2025-07-18,0.6778382387172746,0.30439097548334926,0.017770785799374196
2025-07-21,0.15747250274772417,0.8294512068019769,0.013076290450296752
2025-07-22,0.6268584921670441,0.36498343198244054,0.008158075850513419
2025-07-23,0.46487127019409,0.5296002539381945,0.005528475867713369
2025-07-24,0.33822152364965125,0.6576741333753886,0.004104342974958276
2025-07-25,0.9861609532568383,0.0018589699820322878,0.011980076761127549
2025-07-28,0.15799518156695203,0.8373394698584107,0.004665348574635611
2025-07-29,0.5411837130503735,0.44385107263262596,0.014965214316998857
2025-07-30,0.5895009413402901,0.3797705912451232,0.030728467414585
2025-07-31,0.33894888590870004,0.5887191684113942,0.07233194567990411
2025-08-01,0.6943252844282228,0.26586308826741717,0.03981162730435824
2025-08-04,0.32211973731038207,0.6629041132660372,0.01497614942357918
2025-08-05,0.6250520736495895,0.35867844330191356,0.016269483048495275
2025-08-06,0.3511215758914377,0.6414108908150832,0.007467533293477572
2025-08-07,0.6155537354519613,0.36636948076715337,0.018076783780883583
2025-08-08,0.08244091383759097,0.9068849993807611,0.01067408678164639
2025-08-11,0.9662302724295947,0.013929805595383258,0.019839921975020464
2025-08-12,0.39321495365869946,0.5950794689816284,0.011705577359670575
2025-08-13,0.09021511476788624,0.900639949251287,0.009144935980825507
2025-08-14,0.9462495929995811,0.03263416556560352,0.02111624143481418
2025-08-15,0.42049175997232907,0.5696995703723068,0.009808669655363051
2025-08-18,0.2895757255925375,0.7044862866161985,0.005937987791262898
2025-08-19,0.9448508791153246,0.03791606051532865,0.01723306036934561
2025-08-20,0.024015115644896425,0.9702314903022722,0.005753394052830584
2025-08-21,0.8589280074085077,0.11429434714984593,0.026777645441645417
2025-08-22,0.020224112200298926,0.9610523858357553,0.01872350196394487
2025-08-25,0.7466586812707916,0.1855610017625616,0.06778031696664565
2025-08-26,0.316470467883242,0.6554622822353685,0.028067249881388517
2025-08-27,0.5385802061603604,0.4195730480114543,0.04184674582818437
2025-08-28,0.32652021937506237,0.5775916290629924,0.09588815156194425
2025-08-29,0.08586240906904573,0.5288230796698036,0.38531451126114974
2025-09-02,0.3357441278873258,0.204907859762395,0.4593480123502783
2025-09-03,0.12452338401720295,0.8275997100330186,0.04787690594977747
2025-09-04,0.8904513723185783,0.06687716294105353,0.04267146474036715
2025-09-05,0.44504393407137127,0.5353889962707163,0.019567069657911475
2025-09-08,0.28407925942240986,0.7107971563191234,0.005123584258465862
2025-09-09,0.9270741486994246,0.06037172595024276,0.012554125350331713
2025-09-10,0.134565196155843,0.8600012516526441,0.005433552191512186
2025-09-11,0.6376357673515091,0.3499838895427535,0.012380343105736555
2025-09-12,0.4561012912695569,0.5306393501180806,0.013259358612361568
2025-09-15,0.5877699149510558,0.4037804928174374,0.008449592231506133
2025-09-16,0.2683893827240291,0.726305583482277,0.005305033793692827
2025-09-17,0.9401010187333898,0.04084899524571532,0.019049986020894263
2025-09-18,0.32812532951541423,0.6544736902710264,0.017400980213558667
2025-09-19,0.0006468108556478858,0.9066891765206648,0.09266401262368637
2025-09-22,0.6407001211789037,0.12078385524089799,0.2385160235801974
2025-09-23,0.06634034237522562,0.8524230716683612,0.08123658595641234
2025-09-24,0.7998164115583551,0.0942534284000685,0.10593016004157557
2025-09-25,2.354120887341483e-05,0.8938478947124215,0.10612856407870419
2025-09-26,0.46681724901309557,0.15515040983649767,0.3780323411504061
2025-09-29,0.1010156747655315,0.8292645504013909,0.06971977483307708
2025-09-30,0.8401180842764404,0.08915151217571468,0.07073040354784443
2025-10-01,0.0027730298930856248,0.9479056585074055,0.04932131159950816
2025-10-02,0.8796546608991658,8.860197204708525e-05,0.12025673712878648
2025-10-03,2.4076190363500934e-05,0.8900450293800348,0.10993089442960101
2025-10-06,0.26255955219702226,0.5674706315230212,0.1699698162799559
2025-10-07,0.6987504965873438,0.06206456220996792,0.2391849412026877
2025-10-08,2.4231384564026913e-05,0.7268359027991942,0.2731398658162412
2025-10-09,0.5444391544106288,3.6765675979336516e-05,0.45552407991339117
2025-10-10,0.0129922899078618,0.5481665832294508,0.438841126862687
2025-10-13,1.0820495334852956e-11,1.4831160666228307e-05,0.9999851688285128
2025-10-14,9.12522883035754e-06,0.12776832193452478,0.8722225528366446
2025-10-15,0.019362919375121673,0.08184849920675893,0.898788581418119
2025-10-16,2.596593824810053e-05,0.017169344531109056,0.9828046895306425
2025-10-17,4.1899928224095534e-05,3.258845999242803e-13,0.9999581000714497
2025-10-20,1.7604921889598876e-09,0.05129077380632263,0.9487092244331848
2025-10-21,1.0048705302459656e-06,1.975930404191981e-14,0.9999989951294498
2025-10-22,2.1249428929934919e-07,0.16018708024426892,0.8398127072614415
2025-10-23,0.050767967962903886,0.09590453297150495,0.8533274990655911
2025-10-24,0.02420386300332395,0.1913486004959754,0.7844475365007004
2025-10-27,0.076736154504543,0.001740438905259159,0.9215234065901976
2025-10-28,0.0073145464658329,0.5833127497400646,0.4093727037941023
2025-10-29,0.47433926431101364,0.17517868589547858,0.3504820497935075
2025-10-30,0.16225024107329056,0.6644676670996397,0.17328209182706952
2025-10-31,0.6440655321589134,0.27686886241720887,0.07906560542387751
2025-11-03,0.22048138623013416,0.7626510185958593,0.016867595174006423
2025-11-04,0.8646208854756894,0.10646023825247018,0.0289188762718403
2025-11-05,0.04865999467402972,0.9260816777921398,0.02525832753383022
2025-11-06,0.7440256914918103,0.183905846111918,0.07206846239627138
2025-11-07,0.1565445757131247,0.7191597088623491,0.12429571542452583
2025-11-10,1.7033338773492908e-07,0.23118728828227553,0.7688125413843366
2025-11-11,0.0055387623015064075,0.18412469449816132,0.810336543200332
2025-11-12,2.2650814284747238e-09,0.003201642025681743,0.9967983557092366
2025-11-13,0.0013540704633458365,0.057517672319605834,0.9411282572170481
2025-11-14,0.03917421903835542,1.7989499827634847e-07,0.9608256010666462
2025-11-17,0.0013153530743362197,0.7811150304202774,0.2175696165053861
2025-11-18,0.7088210575709271,0.12382019269505072,0.1673587497340218
2025-11-19,0.020994258440351774,0.9310180077544434,0.0479877338052043
2025-11-20,0.8744779952627563,0.05249444436589413,0.07302756037134936
2025-11-21,0.4317008014655383,0.5007484397988577,0.0675507587356034
2025-11-24,0.1533652849746786,0.6698110867642454,0.1768236282610755
2025-11-25,0.12510499040179893,0.4446687122250852,0.43022629737311535
2025-11-26,3.342508574732868e-06,0.11269942271438381,0.8872972347770411
2025-11-28,9.835417792542157e-11,2.117447995505143e-06,0.9999978824536502
2025-12-01,4.728601334973087e-09,0.1745054732592872,0.8254945220121115
2025-12-02,0.15915143130680637,0.21189134091930953,0.6289572277738842
2025-12-03,0.10221780236533273,0.49363221071274044,0.40414998692192694
2025-12-04,0.4412265420398318,0.07904881826760257,0.4797246396925657
2025-12-05,0.0001789379687166541,0.5038750314423261,0.4959460305889573
2025-12-08,0.14896714347012688,0.1082588331193706,0.7427740234105026
2025-12-09,9.808419878896151e-06,0.09881792182582796,0.9011722697542929
2025-12-10,0.01017082955432554,0.1177603909745697,0.8720687794711046
2025-12-11,2.8888192433024705e-08,0.0012345350144163094,0.9987654360973912
2025-12-12,0.0011071321269834965,1.7617118395554112e-08,0.9988928502558979
2025-12-15,1.2975803736814866e-09,0.16062843762256557,0.8393715610798541
2025-12-16,0.018057322817249255,0.03720729329739654,0.9447353838853543
2025-12-17,5.59012895216514e-13,0.00978235357709097,0.9902176464223499
2025-12-18,0.00818364968967393,2.587945200143476e-05,0.9917904708583246
2025-12-19,2.2526054853683278e-08,0.046914792022234204,0.953085185451711
2025-12-22,0.003877373069089649,0.07024734216799794,0.9258752847629124
2025-12-23,0.0016451818381569008,0.005138475265327569,0.9932163428965156
2025-12-24,0.0002510871084175762,0.08805299504835426,0.9116959178432282
2025-12-26,5.2536117488720363e-17,4.482992467015778e-09,0.9999999955170076
2025-12-29,7.208697346704877e-18,1.2970013471678063e-25,1.0
2025-12-30,5.005761072927158e-44,1.0898970930894338e-13,0.999999999999891
2025-12-31,1.365702120974282e-21,2.3242884129697346e-25,0.9999999999999999
2026-01-02,4.742492780286552e-12,0.08677187341105667,0.9132281265842007
2026-01-05,1.1220784696904368e-16,2.365768023811994e-09,0.9999999976342319
2026-01-06,5.551528727454626e-17,4.669509305165705e-08,0.9999999533049069
2026-01-07,4.169705948590804e-10,1.3157217163180433e-06,0.9999986838613131
2026-01-08,1.9307414365144192e-08,0.0021705325478025388,0.997829448144783
2026-01-09,3.2772921398012097e-13,1.800981449174549e-05,0.9999819901851806
2026-01-12,2.8499456101291993e-15,2.597601609431326e-11,0.9999999999740212
