date,p_regime_0,p_regime_1,p_regime_2
2010-04-29,0.009310954816101452,0.9151975073821407,0.07549153780183343
2010-04-30,0.6518661327772373,0.23643884485827918,0.11169502236455933
2010-05-03,0.0744327452661467,0.8149330364203317,0.11063421831359754
2010-05-04,0.779182400570786,8.432586516180044e-10,0.22081759858603095
2010-05-05,0.6529943087574297,0.1303508265640509,0.21665486467859496
2010-05-06,0.03955736628687833,0.7267816822011784,0.23366095151201866
2010-05-07,1.5565041763937708e-09,0.20663600522222916,0.7933639932213421
2010-05-10,0.11107791427794468,0.10064544702726158,0.7882766386948694
2010-05-11,5.439131724948285e-06,0.15403323404679023,0.8459613268215604
2010-05-12,0.03989765165144393,0.44710202006337507,0.5130003282852564
2010-05-13,0.395735371496718,0.21335920373612305,0.3909054247672344
2010-05-14,0.18503967774011934,0.500334979547846,0.31462534271211007
2010-05-17,0.5485347819470524,0.061487096166198116,0.3899781218868249
2010-05-18,8.958696129992996e-05,0.6178292913349333,0.3820811217038422
2010-05-19,0.011022475430326835,1.1661004750840536e-07,0.9889774079597011
2010-05-20,0.006557542248792456,0.020978069760869144,0.9724643879904141
2010-05-21,0.023887212430833724,0.11327588041403353,0.8628369071552084
2010-05-24,0.003845361987719755,0.2916532735598318,0.7045013644525241
2010-05-25,0.26692075824047784,0.07129800383119946,0.6617812379283983
2010-05-26,0.0017705617727376193,0.42654667558004533,0.5716827626472926
2010-05-27,0.2799008139052313,0.5912759353383211,0.128823250756523
2010-05-28,0.5684355715317949,0.34079091963202285,0.09077350883625777
2010-06-01,0.17508511077740027,0.7269874152061081,0.09792747401656714
2010-06-02,0.6299255902431803,0.13723267979345968,0.2328417299634356
2010-06-03,0.19252873200049594,0.5192658718636651,0.2882053961359145
2010-06-04,0.4339866370741647,0.0784889957442843,0.48752436718162645
2010-06-07,1.2991219766999007e-10,0.552709209111667,0.44729079075849626
2010-06-08,0.10730254632277704,0.8168325209001925,0.07586493277710563
2010-06-09,0.9124543417873211,0.003175309025875253,0.08437034918687876
2010-06-10,0.15551494202358787,0.8198325399683428,0.024652518008144296
2010-06-11,0.7713823362730376,0.20892682673179389,0.019690836995243183
2010-06-14,0.43926351781706924,0.5496528977128923,0.011083584470113192
2010-06-15,0.31022447623785426,0.681652625836517,0.008122897925703573
2010-06-16,0.9158461726704438,0.05819431963999709,0.02595950768963371
2010-06-17,0.00590990314073495,0.9720066204648768,0.022083476394462655
2010-06-18,0.1834346680251684,0.7778681937368846,0.03869713823802172
2010-06-21,0.9507873772954029,0.0011203407537818744,0.04809228195089018
2010-06-22,0.006909068637255772,0.97977039843736,0.013320532925459032
2010-06-23,0.964570361608441,5.060003915894295e-07,0.03542913239124201
2010-06-24,8.012771749657742e-05,0.9781608498990301,0.021759022383548113
2010-06-25,0.11593177134634171,0.7841205273932708,0.0999477012604624
2010-06-28,0.8190766875899159,3.4294492570634184e-05,0.18088901791758838
2010-06-29,0.1588747648456162,0.6731811104357841,0.16794412471867445
2010-06-30,0.0039050573246992956,0.402216325270922,0.5938786174044534
2010-07-01,0.02698229629853075,6.703634049578793e-13,0.9730177037008734
2010-07-02,0.011650798481064083,0.5685711948927225,0.4197780066262877
2010-07-06,0.4515008523466392,0.4157353991407604,0.13276374851267472
2010-07-07,0.29589482399174005,0.6849031726072541,0.019202003401080168
2010-07-08,0.8174493966188938,0.16335469152269824,0.01919591185848203
2010-07-09,0.06060250770745853,0.9353557624963326,0.004041729796283001
2010-07-12,0.9259264226665099,0.06157654584753207,0.012497031486032022
2010-07-13,0.023248795673824048,0.9735573655996596,0.003193838726590351
2010-07-14,0.8596526285106384,0.12764399410062058,0.012703377388814992
2010-07-15,0.11992536032175197,0.8751319316219158,0.004942708056406288
2010-07-16,0.970176644585467,6.047324547975258e-05,0.029762882169127088
2010-07-19,0.7105518165679267,0.2647126449541534,0.024735538477993563
2010-07-20,0.15677879408524234,0.8315638271842858,0.011657378730545568
2010-07-21,0.6701558749436928,0.30961386520725537,0.020230259849125656
2010-07-22,0.18158819907999696,0.8118744203690823,0.0065373805509945215
2010-07-23,0.8016102167336135,0.18590229532226263,0.012487487944197522
2010-07-26,0.1527368766532192,0.8409646796522948,0.006298443694559562
2010-07-27,0.9655973284708198,0.00022074915498605528,0.034181922374267336
2010-07-28,0.43052317530187134,0.5492063612909304,0.020270463407271476
2010-07-29,0.6086855642569361,0.3699121096566211,0.02140232608651605
2010-07-30,0.03350903901533332,0.9380260177101484,0.028464943274591745
2010-08-02,0.450330873607046,0.523450482844406,0.026218643548621242
2010-08-03,0.5551334599879818,0.4328817715978233,0.011984768414268113
2010-08-04,0.44480476666905167,0.5490494454148737,0.006145787916147956
2010-08-05,0.572971777953256,0.42072768469681177,0.006300537350005311
2010-08-06,0.3000802020277024,0.6967493009715987,0.0031704970007721323
2010-08-09,0.8272014411260036,0.16462593798452013,0.008172620889549516
2010-08-10,0.33057549977285633,0.6657730166644167,0.0036514835627999747
2010-08-11,0.6546095272575245,0.336599775902494,0.008790696840054726
2010-08-12,0.07795079413115634,0.9127591711616887,0.009290034707228167
2010-08-13,0.677046854474566,0.3070588018087886,0.015894343716718558
2010-08-16,0.24393210479810798,0.7441067026199931,0.011961192581972039
2010-08-17,0.3979573562001185,0.595611217175376,0.006431426624578661
2010-08-18,0.834010720268099,0.15502316996707832,0.01096610976489593
2010-08-19,0.19331455132439157,0.8024070642218483,0.004278384453833503
2010-08-20,0.8755279867312492,0.10347520516223889,0.020996808106585097
2010-08-23,0.4412794705466639,0.5387163480008688,0.020004181452540817
2010-08-24,0.027149865017922485,0.8542508774394288,0.11859925754272209
2010-08-25,0.004785530425862673,0.7234357253434566,0.27177874423075443
2010-08-26,0.6443971453261192,0.2209655857268986,0.13463726894705588
2010-08-27,0.26258006482884955,0.7074085610988785,0.030011374072345606
2010-08-30,0.696841730154298,0.2799201688624981,0.023238100983277957
2010-08-31,0.10040837195022413,0.8816209512486097,0.017970676801240367
2010-09-01,0.7531339566595843,0.22248935575606443,0.024376687584425495
2010-09-02,0.27460411546174357,0.7057035048390167,0.0196923796993139
2010-09-03,0.41414342747986277,0.5498020698792687,0.036054502640942565
2010-09-07,0.566373829512217,0.41807504741097345,0.015551123076883467
2010-09-08,0.39312420061345454,0.6011507970881093,0.005725002298510156
2010-09-09,0.6131561129252554,0.3802790112437165,0.006564875831101917
2010-09-10,0.4605295201676616,0.5346827890237251,0.004787690808687105
2010-09-13,0.41987991665595287,0.5745631329126614,0.0055569504314595545
2010-09-14,0.5570640179356314,0.43620693530504345,0.0067290467593989056
2010-09-15,0.37037523104929443,0.621484462075899,0.008140306874880333
2010-09-16,0.5360926893264034,0.45560683095162074,0.008300479722049552
2010-09-17,0.45667154498352464,0.5358941572271012,0.007434297789448071
2010-09-20,0.4247397367786064,0.5635022572636853,0.011758005957781885
2010-09-21,0.660638211260498,0.30611515996644295,0.033246628773132655
2010-09-22,0.11040010597505447,0.8667917629830477,0.022808131041971377
2010-09-23,0.43779763888886175,0.5457844598671779,0.016417901244033646
2010-09-24,0.5027234166616568,0.49039333138521146,0.0068832519532052005
2010-09-27,0.47050633178250806,0.5245359952418611,0.004957672975704231
2010-09-28,0.4947236257083671,0.49975557331820103,0.00552080097350534
2010-09-29,0.43271615668722957,0.5622972239811659,0.004986619331678019
2010-09-30,0.6865870932407119,0.3059481031336399,0.007464803625721611
2010-10-01,0.26360840176163547,0.7311113145769913,0.0052802836614466355
2010-10-04,0.7231696672755736,0.2596393294010459,0.017191003323453826
2010-10-05,0.012809898809162902,0.9588732485801458,0.02831685261076468
2010-10-06,0.2987515623812103,0.6894813944916169,0.011767043127246132
2010-10-07,0.977975244481225,0.0008356330077916117,0.021189122511056577
2010-10-08,7.736974827755221e-05,0.9924150483377885,0.007507581914007137
2010-10-11,0.25836359363959793,0.7278875556208375,0.013748850739637799
2010-10-12,0.936242729675664,0.03966482754770298,0.024092442776706392
2010-10-13,2.5989846002225215e-06,0.9873411307901642,0.012656270225308868
2010-10-14,0.3042911156332465,0.6585467000398515,0.03716218432697499
2010-10-15,0.6666838248792802,0.30095656881237287,0.03235960630842006
2010-10-18,0.18184426646758842,0.8058567636058942,0.012298969926590488
2010-10-19,0.9428921242812572,0.021397091659549946,0.035710784059265824
2010-10-20,0.379146411312514,0.5940229278984441,0.026830660789114936
2010-10-21,0.9422227135006174,0.004763710124282299,0.05301357637517341
2010-10-22,0.23982020331164217,0.729409872409493,0.030769924278937953
2010-10-25,0.44907952008918633,0.49035819705730127,0.06056228285358551
2010-10-26,0.10335547835175883,0.8279441349978034,0.068700386650511
2010-10-27,0.8722887023231026,0.026528888517205744,0.1011824091597647
2010-10-28,0.07205455300264411,0.8412257270031308,0.08671971999429809
2010-10-29,0.07134183353134088,0.5456686227879782,0.38298954368075383
2010-11-01,0.43474450930554076,0.1893041772625137,0.3759513134320185
2010-11-02,0.03001089052815022,0.563301811536698,0.4066872979352247
2010-11-03,0.11666620989899092,0.020944945356363123,0.862388844744719
2010-11-04,1.0549738172771077e-12,0.11319507435444175,0.8868049256445761
2010-11-05,9.523273132544104e-06,0.011175204968622558,0.9888152717583176
2010-11-08,2.2564057004968425e-06,0.0017588040588460774,0.9982389395355262
2010-11-09,7.783648524386574e-13,2.8239928246874743e-07,0.9999997176000119
2010-11-10,1.8186186559513377e-10,1.8953678328591641e-16,0.9999999998182104
2010-11-11,2.530101588740953e-10,0.05374208182808263,0.9462579179189797
2010-11-12,0.00026498541331838464,1.0011577138801328e-08,0.999735004575177
2010-11-15,9.210387804679557e-06,0.19823912320410084,0.8017516664081669
2010-11-16,0.12567184735861794,0.0036737071971402863,0.8706544454443143
2010-11-17,0.0013730957070183793,0.19758287980671407,0.8010440244863402
2010-11-18,0.0001411507677121157,0.007343412897646191,0.9925154363347142
2010-11-19,0.0034286530773125186,0.6020922576756825,0.3944790892470777
2010-11-22,0.44839660543944715,0.2662914084411101,0.2853119861195155
2010-11-23,0.17715747930912243,0.6036592342765745,0.21918328641437582
2010-11-24,0.2215301619715347,0.554214155903198,0.22425568212533992
2010-11-26,0.6304788537836813,0.01974974898058758,0.3497713972358038
2010-11-29,0.0012646218971154556,0.6812901605860519,0.31744521751690546
2010-11-30,0.00018427707787603038,0.26063211547804216,0.7391836074441545
2010-12-01,0.15626870504577453,0.6227738963313872,0.22095739862291067
2010-12-02,0.5622204500511804,0.2878596159658745,0.14991993398301753
2010-12-03,0.1239672568143846,0.7341446495543287,0.14188809363135924
2010-12-06,0.45853103030150644,0.30014300674037686,0.2413259629581892
2010-12-07,0.05541773208396363,0.673579945640572,0.27100232227553694
2010-12-08,0.41689774728252116,1.2090113321505166e-08,0.583102240627438
2010-12-09,5.947123462786707e-06,0.9037540683247808,0.09623998455182882
2010-12-10,0.8626099752030897,0.018139825990109444,0.11925019880687318
2010-12-13,2.9364626289969634e-06,0.9491213582057917,0.050875705331651616
2010-12-14,0.08713614840282402,0.8702054907912363,0.04265836080601213
2010-12-15,0.7743628030327542,0.16758930518845339,0.058047891778865
2010-12-16,0.7880938121636424,0.1546899902298169,0.05721619760661333
2010-12-17,0.02401517521127419,0.9572365436023094,0.018748281186488955
2010-12-20,0.64810524385913,0.33445977470656263,0.017434981434379743
2010-12-21,0.3775349759540964,0.6155949649638051,0.006870059082170817
2010-12-22,0.5590707027634192,0.4314421449156818,0.009487152320971373
2010-12-23,0.39124993639870975,0.6006479236684129,0.008102139932949535
2010-12-27,0.7118808676747868,0.2677640671235884,0.020355065201696904
2010-12-28,8.976480187128445e-06,0.946273635336175,0.05371738818371008
2010-12-29,0.38462722899317614,0.5931671289327256,0.02220564207417028
2010-12-30,0.8054454437865363,0.165360762598684,0.029193793614851943
2010-12-31,0.1344385752405704,0.8375843330558573,0.02797709170364458
2011-01-03,0.2868339437060812,0.6287178517803395,0.08444820451365165
2011-01-04,0.8269219828234021,1.5382457870545968e-09,0.17307801563842434
2011-01-05,0.20314967994231747,0.7284851763682952,0.06836514368945946
2011-01-06,0.5026458905475959,0.4569714247440191,0.040382684708457406
2011-01-07,0.4751367019835178,0.47539102826362667,0.04947226975292793
2011-01-10,0.4620613731719302,0.4672182457826193,0.07072038104552295
2011-01-11,0.07442032474046958,0.7239207733226539,0.20165890193694902
2011-01-12,0.47975178415249436,0.2063367845986356,0.31391143124894216
2011-01-13,0.0338304119133709,0.5202703707718547,0.4458992173148467
2011-01-14,0.14533305786969178,0.014762562252739662,0.839904379877641
2011-01-18,0.002657855223787841,0.2525774567470265,0.7447646880292582
2011-01-19,0.04784935689153989,0.13476811105624137,0.8173825320522914
2011-01-20,0.08131413834254106,0.001707530400641846,0.9169783312568897
2011-01-21,0.04404486223567966,0.43102574199434374,0.5249293957700492
2011-01-24,0.24601457855980893,0.5589473409210375,0.19503808051922625
2011-01-25,0.6146661373737983,0.18852891420743997,0.19680494841883428
2011-01-26,0.0999003603332265,0.8030046009580313,0.09709503870881502
2011-01-27,0.7058075197203307,0.17190507953696657,0.12228740074277532
2011-01-28,0.00022824659739213992,0.8333762460544797,0.16639550734820108
2011-01-31,0.611677476608214,0.32435866232474336,0.06396386106711559
2011-02-01,0.24453749332037206,0.7404821800284154,0.01498032665128543
2011-02-02,0.8425723302663114,0.13236958486560277,0.025058084868158654
2011-02-03,0.0020024956107610407,0.9739352154647287,0.024062288924583154
2011-02-04,0.36011246158281784,0.5682280477585755,0.07165949065867958
2011-02-07,0.5611894359089086,0.35910221877234316,0.07970834531882114
2011-02-08,0.006863790076164237,0.8774239404098911,0.11571226951401753
2011-02-09,0.7703522310455254,0.16890126651144594,0.06074650244310127
2011-02-10,0.20762258954972848,0.779429439902292,0.012947970548052396
2011-02-11,0.7775978654733594,0.20354781762956556,0.018854316897147855
2011-02-14,0.02816154663799029,0.95024298126674,0.021595472095342662
2011-02-15,0.4907220266185787,0.48149952029849574,0.02777845308299852
2011-02-16,0.6160789223195078,0.3418645506213454,0.04205652705921971
2011-02-17,0.004885588915070298,0.8677121584577725,0.1274022526272301
2011-02-18,0.5767138273264429,0.23834548359364421,0.18494068907998573
2011-02-22,0.21792385802337422,0.6543727220331411,0.12770341994355744
2011-02-23,0.4538397294990718,0.49215830377236575,0.054001966728635484
2011-02-24,0.4858776692276456,0.484099094722784,0.03002323604964341
2011-02-25,0.6362815366028022,0.32666109458320364,0.03705736881406709
2011-02-28,0.01080733767349263,0.9011883635800568,0.08800429874652343
2011-03-01,0.4715770717280161,0.3699611848527905,0.15846174341926605
2011-03-02,0.21631299460040884,0.7340447559385473,0.049642249461116394
2011-03-03,0.8911851266125183,0.04247865176510646,0.06633622162244804
2011-03-04,0.00013644999532934742,0.9549596011437878,0.04490394886095553
2011-03-07,0.208840898306672,0.7498459412013315,0.04131316049206919
2011-03-08,0.7683127343414782,0.19724550234079716,0.034441763317797344
2011-03-09,0.04318052558728951,0.9480603767565249,0.008759097656258525
2011-03-10,0.9722707461418159,0.00016651308723826798,0.02756274077101867
2011-03-11,1.9961867924790866e-05,0.9847728828467446,0.015207155285403296
2011-03-14,0.7197415672334665,0.14276387606033136,0.13749455670627503
2011-03-15,0.8455586795645416,5.8009213413495105e-09,0.15444131463461006
2011-03-16,3.1763902010260566e-05,0.9774018970517844,0.02256633904627818
2011-03-17,0.9473475606126859,0.00879934787031,0.04385309151707678
2011-03-18,0.0001526305818769522,0.9698235467314384,0.030023822686757237
2011-03-21,0.31718093442098977,0.43764091990864856,0.24517814567043428
2011-03-22,0.2838895468332832,0.5026599433020456,0.2134505098647439
2011-03-23,0.010548727804672609,0.7248333876778449,0.2646178845175552
2011-03-24,0.36489969877681233,0.5612819251810124,0.07381837604224789
2011-03-25,0.5681265389833784,0.39324460354047874,0.03862885747621556
2011-03-28,0.32643054383059383,0.6609664534260336,0.012603002743445111
2011-03-29,0.7006767928254165,0.2819106993646016,0.017412507810054507
2011-03-30,0.12988582820139374,0.8553283319984141,0.014785839800264954
2011-03-31,0.4337231026930532,0.5546128385272483,0.011664058779771147
2011-04-01,0.7710728401539717,0.21198732902320155,0.016939830822899314
2011-04-04,0.0013814602617121601,0.9818548910493349,0.016763648689025495
2011-04-05,0.65945312986276,0.282301935223498,0.05824493491381438
2011-04-06,0.2925097354442121,0.6780537261423321,0.029436538413528137
2011-04-07,0.5539052568375163,0.40123846752924974,0.04485627563330608
2011-04-08,0.011369969743344721,0.9204075025473294,0.06822252770939796
2011-04-11,0.31914733570826037,0.5872343334782075,0.09361833081360403
2011-04-12,0.8467354799604657,0.029188131557736915,0.12407638848186926
2011-04-13,0.12693251381058288,0.7599268438076484,0.11314064238184049
2011-04-14,0.001326887987081104,0.42851597031556643,0.5701571416974243
2011-04-15,0.09428987250249557,0.2810420287456053,0.6246680987519708
2011-04-18,0.05651957203150224,0.4349662279233463,0.5085142000452232
2011-04-19,0.15535192044341053,0.3386849468947628,0.5059631326618983
2011-04-20,0.16476428555937633,0.3038391895717343,0.531396524868961
2011-04-21,0.0016309185561236036,0.23063484070670465,0.7677342407372432
2011-04-25,0.004653256263688942,0.12856216693922362,0.8667845767971588
2011-04-26,0.07583007168041125,7.767649024043477e-11,0.9241699282419835
2011-04-27,1.0886940425399445e-05,0.18553081362284352,0.8144582994368023
2011-04-28,0.003201947254478656,0.029977252070941904,0.9668208006746505
2011-04-29,6.936942639688277e-05,0.02573460753552985,0.9741960230381442
2011-05-02,7.622774340636139e-06,6.0089605574739304e-12,0.9999923772197213
2011-05-03,1.2975925859017594e-16,2.408886634558688e-13,0.99999999999983
2011-05-04,9.544754981214045e-20,4.2917112882276696e-13,0.9999999999996417
2011-05-05,1.2916642623520434e-14,4.747899830934357e-11,0.9999999999525788
2011-05-06,3.386172840471093e-08,0.016276433958206306,0.9837235321801361
2011-05-09,1.518272797421035e-08,1.0321450570838977e-05,0.999989663366772
2011-05-10,4.838720154319815e-09,0.00025964405798344,0.9997403511033671
2011-05-11,9.010777431910254e-11,3.2838102098088615e-14,0.9999999999099303
2011-05-12,1.899085321509574e-05,0.01982321276687502,0.9801577963799809
2011-05-13,0.001928247544623693,0.0719291067633825,0.9261426456920647
2011-05-16,0.006107782470844188,0.005911284237483253,0.9879809332917435
2011-05-17,0.00040421721926055287,0.027165043701232662,0.9724307390795779
2011-05-18,1.956538669367039e-06,0.004122015455640251,0.9958760280057614
2011-05-19,0.0037551696730245563,0.26147013737928737,0.7347746929477589
2011-05-20,0.18090581719008345,0.19408718632537864,0.6250069964846086
2011-05-23,0.058670501376387525,0.31281080746694984,0.6285186911567334
2011-05-24,0.0007765821933530308,0.08802823021658415,0.9111951875901336
2011-05-25,0.00023279894132851808,0.022256395184865677,0.9775108058738765
2011-05-26,0.021434932872849612,0.0872810842221071,0.891283982905114
2011-05-27,0.061989185936558326,0.24123251715500327,0.696778296908509
2011-05-31,0.08754144807657499,0.21086513597472428,0.7015934159487712
2011-06-01,0.02498934339545686,0.10842037802565528,0.8665902785789582
2011-06-02,0.03075316578837142,0.0026636856026420754,0.9665831486090569
2011-06-03,0.02181903240290405,0.21078228022671663,0.7673986873704498
2011-06-06,0.0812579922331747,0.43001516592806066,0.4887268418388352
2011-06-07,0.24053246923831878,0.49888204680628023,0.26058548395547143
2011-06-08,0.5549417827438915,0.14986025342710393,0.29519796382907504
2011-06-09,5.701813818555776e-06,0.650570814250298,0.3494234839359539
2011-06-10,0.0135317191455165,0.0004619973899597646,0.9860062834645942
2011-06-13,0.0026943698332748253,0.0023676399695725294,0.9949379901972233
2011-06-14,0.00011109878188835431,0.5467187879538093,0.4531701132643733
2011-06-15,0.1098454418516461,0.7675644211633285,0.12259013698509638
2011-06-16,0.5181861428735695,0.44277198102659754,0.03904187609990416
2011-06-17,0.4505395303634252,0.5302214772600508,0.019238992376595137
2011-06-20,0.4076937322516162,0.56508226223345,0.027224005515004656
2011-06-21,0.5593470730785597,0.3810021340230678,0.05965079289844339
2011-06-22,0.0370386336124468,0.7442958137710941,0.21866555261653
2011-06-23,0.2922840883515133,1.8048647827623442e-07,0.7077157311620794
2011-06-24,0.032693155556559134,0.28170901793969405,0.6855978265038178
2011-06-27,0.08314878315872719,0.01736432832160576,0.8994868885197381
2011-06-28,0.044298212991326344,0.14384838171965297,0.8118534052890917
2011-06-29,0.0016564094376067045,0.17579638481049303,0.8225472057519712
2011-06-30,0.061891104698819935,0.1573524998525811,0.7807563954486697
2011-07-01,0.1541754895212201,0.0002448126428129811,0.8455796978360376
2011-07-05,6.701642606098809e-13,0.23867832350664805,0.7613216764927523
2011-07-06,0.033671439326331744,0.4702749297542109,0.49605363091952787
2011-07-07,0.32633841853613643,0.21897824096303475,0.45468334050089937
2011-07-08,0.07552169648028179,0.5192868095863991,0.4051914939333897
2011-07-11,0.47940152731511887,0.014140829422027122,0.5064576432629244
2011-07-12,0.0039940179614627435,0.49606213127723453,0.4999438507613732
2011-07-13,3.057453747501967e-11,0.004021227848467115,0.9959787721210288
2011-07-14,0.0006331523803222368,0.22637155997950054,0.7729952876402476
2011-07-15,0.07290965151914308,0.15164621752684376,0.7754441309540835
2011-07-18,0.003425294011628833,0.09663681799229251,0.8999378879961494
2011-07-19,0.06660960962272525,0.13870808741918397,0.7946823029581614
2011-07-20,0.11520848174304413,0.07516139240905131,0.8096301258479751
2011-07-21,0.05303865907285523,0.1882518276353819,0.7587095132918332
2011-07-22,0.00019824028050842728,0.6455209402223168,0.35428081949724516
2011-07-25,0.3930220209167562,0.5335250401319446,0.07345293895136958
2011-07-26,0.5727827479490323,0.39276372838246454,0.03445352366857361
2011-07-27,0.21658397299672263,0.7652325685037132,0.018183458499634587
2011-07-28,0.8080648736984509,0.1413612004595238,0.050573925842095954
2011-07-29,0.11162076874709807,0.8557906746883011,0.032588556564671536
2011-08-01,0.8679228735977349,0.019006622740488675,0.11307050366184698
2011-08-02,4.544404979401418e-05,0.8898888535269919,0.11006570242328452
2011-08-03,0.00040255202577428486,0.02384089791050027,0.9757565500637961
2011-08-04,0.00544072396292235,2.1214343917573233e-10,0.9945592758250048
2011-08-05,0.004798652648528345,0.0014544789280297394,0.9937468684235128
2011-08-08,1.806428424228968e-12,0.929117654836887,0.07088234516137736
2011-08-09,0.869548371280387,5.958866276183449e-10,0.13045162812379715
2011-08-10,1.4157531701683907e-10,0.9933595977354159,0.006640402123079589
2011-08-11,0.9831652510374829,0.00039215471855103456,0.016442594244036664
2011-08-12,0.02846480765564105,0.9674665087714589,0.004068683572970616
2011-08-15,0.8100700173718954,0.1737141974947297,0.01621578513344528
2011-08-16,0.17237537918962534,0.8067356510553998,0.020888969755045166
2011-08-17,0.6778221020683226,0.2461825195128163,0.07599537841893143
2011-08-18,0.0010084128832968122,0.838484682255597,0.16050690486117647
2011-08-19,7.852578161392713e-05,0.021293917501103085,0.9786275567173532
2011-08-22,5.044261455719476e-05,0.02974073817927303,0.9702088192062401
2011-08-23,7.331336483826581e-05,0.000416389404008136,0.999510297231224
2011-08-24,1.239653081449081e-08,2.846632402296991e-15,0.9999999876035367
2011-08-25,4.354206793275318e-12,0.4955697741716583,0.5044302258240577
2011-08-26,0.3506104828782786,0.4644804934235779,0.18490902369821377
2011-08-29,0.49811662341125534,0.3509638754054935,0.15091950118332167
2011-08-30,0.11106785490040931,0.7597920787007179,0.12914006639894324
2011-08-31,0.457345532080377,0.4698563715859745,0.07279809633371903
2011-09-01,0.5877938426084756,0.3330561658889625,0.0791499915026326
2011-09-02,3.084431101485872e-05,0.8412154493690494,0.15875370632000624
2011-09-06,0.8087171604874982,0.009042144626991088,0.18224069488558126
2011-09-07,0.44147780871416115,0.399718401487207,0.15880378979870224
2011-09-08,4.747444246023345e-06,0.7950481327997047,0.20494711975611968
2011-09-09,0.44589883362449095,0.03764262086833012,0.5164585455072492
2011-09-12,0.4592096126642386,0.00902242803821969,0.531767959297612
2011-09-13,8.320996672471533e-05,0.5634384744199625,0.43647831561338307
2011-09-14,0.2844769788120995,0.003770272230235727,0.7117527489577349
2011-09-15,0.1764393430433728,0.10798131820738013,0.7155793387493169
2011-09-16,2.5862873471813147e-07,0.5313942449681628,0.4686054964031725
2011-09-19,0.48423039382782185,3.2471301934876216e-07,0.5157692814592286
2011-09-20,0.0006783726807036593,0.5721898794835254,0.4271317478358408
2011-09-21,0.0008590724513745226,0.33275604227689404,0.6663848852718011
2011-09-22,3.115977623779679e-12,3.328244005130857e-23,0.9999999999969538
2011-09-23,8.934362884756951e-77,6.626977284257852e-74,1.0000000000000697
2011-09-26,1.9703115980117173e-07,0.0667420947955395,0.9332577081733705
2011-09-27,8.35365156671737e-06,4.179858097025366e-05,0.9999498477675328
2011-09-28,9.74430311033861e-06,4.4070668667773166e-05,0.9999461850282914
2011-09-29,7.493758623584928e-05,0.13886377716914722,0.8610612852446864
2011-09-30,0.038149882885165284,0.1134568438633185,0.8483932732515855
2011-10-03,0.00011370559255836062,0.05096042407166019,0.9489258703358509
2011-10-04,0.00844831859986873,0.0011455985279405583,0.9904060828722602
2011-10-05,5.194765310560597e-05,0.07450312384765183,0.925444928499312
2011-10-06,7.48808180767858e-06,0.0005590622493170869,0.9994334496689445
2011-10-07,0.0006776737843504481,0.0008521927853699441,0.9984701334303491
2011-10-10,0.000428690360975086,0.41963018370952065,0.5799411259295738
2011-10-11,0.31898903488012775,0.19143588075373186,0.4895750843662098
2011-10-12,0.04033807281047068,0.4568567094958573,0.5028052176937413
2011-10-13,0.36416807773102333,0.0009435872455712388,0.6348883350234746
2011-10-14,0.02781654808040392,0.7083223954011172,0.263861056518548
2011-10-17,0.5609041264761899,0.20677859722891834,0.23231727629496077
2011-10-18,0.20091431579207647,0.5573865468855418,0.24169913732245085
2011-10-19,0.08081959430929578,0.302828490094299,0.6163519155964742
2011-10-20,0.16170845443849474,0.008078047253076004,0.830213498308498
2011-10-21,9.54691717764575e-05,0.31014829483789086,0.6897562359904016
2011-10-24,0.017105897264060744,0.17785094738950522,0.8050431553465027
2011-10-25,5.402401246726926e-06,0.019897437591638385,0.9800971600071837
2011-10-26,0.004064430749458472,0.1130816875084492,0.8828538817421611
2011-10-27,0.0005957415547162768,0.02868176090286487,0.9707224975424876
2011-10-28,0.006840915524989521,0.3074630771618344,0.6856960073132449
2011-10-31,0.21888483635355893,0.03669901016030705,0.7444161534862027
2011-11-01,0.24438019288752716,0.0005907968739852894,0.7550290102385565
2011-11-02,2.9136788036197713e-07,0.7240498072858149,0.27594990134637354
2011-11-03,0.1624179357071723,0.793159241901252,0.0444228223916447
2011-11-04,0.897345160543833,0.05437464195183311,0.04828019750440284
2011-11-07,0.008166213146932853,0.974213553087843,0.017620233765292856
2011-11-08,0.5607612368144257,0.42762452188110506,0.011614241304537767
2011-11-09,0.5946511534465392,0.39439093048855767,0.010957916064971627
2011-11-10,0.8521236664526944,0.13296149453485892,0.014914839012515209
2011-11-11,0.05737902300916908,0.9320021107224111,0.010618866268488267
2011-11-14,0.9279906068502322,0.008837593224989247,0.06317179992484698
2011-11-15,0.00016024260963362226,0.942234525534397,0.05760523185603766
2011-11-16,0.013184725639017902,0.0163202700819704,0.9704950042790801
2011-11-17,0.00021342179418997484,6.018437010769111e-13,0.9997865782052766
2011-11-18,2.2449194251293533e-10,0.9090683733448192,0.09093162643075707
2011-11-21,0.8815585934562024,9.746537111232453e-09,0.1184413967973286
2011-11-22,5.0169583475602564e-15,0.9492215301943555,0.050778469805707334
2011-11-23,0.9257615899720183,4.9718482673490295e-06,0.07423343817978187
2011-11-25,0.839900083584181,0.0883094573746612,0.07179045904122502
2011-11-28,8.870719976476771e-07,0.9930082240447546,0.006990888883314949
2011-11-29,0.979055247724239,0.001926776723658173,0.01901797555217017
2011-11-30,0.0012188149106291972,0.99499693600321,0.0037842490862280303
2011-12-01,0.8489943049141371,0.1334986384185272,0.017507056667402827
2011-12-02,0.16103055667576907,0.8334072332765176,0.005562210047780437
2011-12-05,0.9123936448529957,0.07234728266030659,0.015259072486764735
2011-12-06,0.05539827420506564,0.9385003290454789,0.0061013967495223715
2011-12-07,0.669047842096083,0.3029225468641307,0.028029611039853228
2011-12-08,0.9609048860444138,0.00045775009627396014,0.038637363859379104
2011-12-09,7.214757297452232e-05,0.9919178869794046,0.008009965447687784
2011-12-12,0.9467192176508453,6.525928093538253e-07,0.053280129756412234
2011-12-13,7.290690578223856e-06,0.9562873180886823,0.0437053912208062
2011-12-14,4.37439209097981e-05,1.3875101203736417e-16,0.9999562560791567
2011-12-15,7.300785127979351e-05,0.5379660018386655,0.4619609903101213
2011-12-16,0.1295537565122658,0.730811048370529,0.13963519511727132
2011-12-19,0.836207927939858,0.00042449507732168095,0.16336757698288643
2011-12-20,0.001418194570727469,0.9458523848155888,0.05272942061374964
2011-12-21,0.8258215921553951,0.08826615631503806,0.08591225152963289
2011-12-22,0.4422994463222445,0.47327843219024884,0.08442212148757275
2011-12-23,0.17947586046913758,0.5972428467852937,0.22328129274563466
2011-12-27,0.02478170498900329,0.2379973498099714,0.7372209452010912
2011-12-28,0.02778846897250809,5.421573975224223e-06,0.9722061094535823
2011-12-29,0.006722788010912922,0.10810133803506171,0.8851758739540909
2011-12-30,0.004743826137082198,0.12821896960144344,0.8670372042615397
2012-01-03,5.551358729199159e-08,0.03672630956727116,0.9632736349192069
2012-01-04,0.036328971722713446,0.004619653143717939,0.9590513751336338
2012-01-05,0.00011490716736030127,0.8547618532580036,0.1451232395747014
2012-01-06,0.8283478839020874,0.005538082010936279,0.1661140340870415
2012-01-09,0.34571206812575944,0.5226072742550727,0.13168065761923292
2012-01-10,0.0002140929771475328,0.8504343765452814,0.14935153047763594
2012-01-11,0.2933716415606831,0.6119360709030172,0.09469228753636458
2012-01-12,0.2913125907466467,0.68648853547444,0.02219887377897802
2012-01-13,0.9584936694947925,0.0085831489355188,0.032923181569753684
2012-01-17,0.00837648407046032,0.9764232470066457,0.01520026892295902
2012-01-18,0.34564565530787067,0.6119488681681778,0.04240547652401652
2012-01-19,0.6997351595720522,0.2268639976602268,0.07340084276778591
2012-01-20,0.00011392958168990592,0.8517727637729428,0.1481133066454322
2012-01-23,0.1303496853675861,0.814692718563303,0.05495759606917592
2012-01-24,0.8674223146666968,0.060573390439863706,0.07200429489350461
2012-01-25,0.00023731712515795932,0.9409185496802759,0.058844133194631304
2012-01-26,0.14652132269842183,0.8261397782363454,0.027338899065298117
2012-01-27,0.7715045087098835,0.2097682176722293,0.01872727361795229
2012-01-30,0.3384386707096684,0.654495152299912,0.0070661769904847545
2012-01-31,0.6904116947986472,0.29791185325748837,0.011676451943929654
2012-02-01,0.2514336282183568,0.7364682358239787,0.012098135957729853
2012-02-02,0.368366270765325,0.6202446379766682,0.011389091258071797
2012-02-03,0.7015846733297061,0.28584680497898796,0.012568521691371001
2012-02-06,0.4701350153742063,0.5222284431302562,0.007636541495602727
2012-02-07,0.2641887697877159,0.730500855290545,0.0053103749218044
2012-02-08,0.8836742503797868,0.10393007139153812,0.012395678228740388
2012-02-09,0.15737518646872053,0.8393564389199226,0.003268374611422032
2012-02-10,0.74317034972963,0.24915663810794536,0.007673012162489833
2012-02-13,0.296755050476933,0.7000329502240988,0.0032119992990333277
2012-02-14,0.6730704244080805,0.3197798708842445,0.007149704707740008
2012-02-15,0.3881298584642659,0.6062324599033949,0.005637681632404276
2012-02-16,0.4399899910362182,0.5496501546320789,0.010359854331767813
2012-02-17,0.6747408170537411,0.29909874730562147,0.026160435640702473
2012-02-21,0.00014632941177366324,0.9137101233727349,0.08614354721555634
2012-02-22,0.7989625746730414,0.06869250589774042,0.13234491942928292
2012-02-23,6.45170990891647e-05,0.8747201912156704,0.12521529168530515
2012-02-24,0.7854371393633061,0.02214605214742387,0.19241680848933473
2012-02-27,0.01106637539694608,0.8033921530978084,0.18554147150531017
2012-02-28,4.975817873064847e-07,0.030766174822376684,0.9692333275959009
2012-02-29,0.003628124279233149,2.1648785836802076e-16,0.9963718757208314
2012-03-01,8.689843092522927e-11,0.8559164810403402,0.1440835188728261
2012-03-02,0.8278423650510416,1.4360555553745412e-05,0.1721432743934694
2012-03-05,0.261834812274312,0.5971566786418048,0.1410085090839479
2012-03-06,0.8485500125360941,0.00323971447099027,0.14821027299298042
2012-03-07,5.480978755986692e-06,0.9778517106406557,0.022142808380652954
2012-03-08,0.8420341540958775,0.12885574799225083,0.029110097911936278
2012-03-09,0.014121823497170097,0.9735129893742897,0.01236518712860472
2012-03-12,0.970184305722967,9.124926619248741e-05,0.02972444501090462
2012-03-13,0.012469935945560699,0.976664962452918,0.010865101601585318
2012-03-14,0.9354671167222217,6.6084749531444805e-06,0.0645262748028895
2012-03-15,0.0018439234555142302,0.989906507931926,0.008249568612624122
2012-03-16,0.9347146267940858,0.049940358511293984,0.015345014694684538
2012-03-19,0.035586247524209996,0.9608986309858298,0.0035151214900244923
2012-03-20,0.9757394051758451,3.125714830300966e-06,0.02425746910938889
2012-03-21,0.000968287270490871,0.9950163928197296,0.004015319909843561
2012-03-22,0.977005391018759,8.30130999988586e-05,0.022911595881306167
2012-03-23,8.812176261272311e-05,0.9921700359754758,0.00774184226197542
2012-03-26,0.6482700276038966,0.32553358101058893,0.02619639138557821
2012-03-27,0.2688461203737635,0.7055434340944743,0.025610445531826086
2012-03-28,0.9441549081128229,0.0011569915717782877,0.05468810031546273
2012-03-29,0.06846876961518598,0.8876167601360567,0.04391447024882118
2012-03-30,0.17348222686784312,0.6679477158217911,0.1585700573104297
2012-04-02,0.27347598376746,0.4546501295479578,0.271873886684646
2012-04-03,0.00030930675055817005,0.6501639842193931,0.34952670903011246
2012-04-04,0.21176229142087036,7.238008657941725e-17,0.7882377085791934
2012-04-05,6.230883752830334e-08,0.9592977640246334,0.0407021736665931
2012-04-09,0.9403134303860184,0.01190142253854786,0.04778514707549757
2012-04-10,0.05818681464937614,0.9355106227271037,0.006302562623583977
2012-04-11,0.8935434233378697,0.0941954204696934,0.012261156192500842
2012-04-12,1.5340907788664954e-05,0.9979915031081146,0.0019931559841607324
2012-04-13,0.9869825624408489,8.673218212942855e-07,0.013016570237393802
2012-04-16,0.5351251553493176,0.45662075711059485,0.008254087540151575
2012-04-17,0.23687290348553458,0.7560271972683531,0.007099899246176499
2012-04-18,0.8350180038646576,0.14702140020944318,0.017960595925963465
2012-04-19,0.02303611586216567,0.9569295030976941,0.020034381040204302
2012-04-20,0.6495194886933998,0.2577313882542172,0.09274912305244709
2012-04-23,0.8748129795616513,0.0032039008151102015,0.12198311962330258
2012-04-24,0.026016272602128243,0.9394809882544913,0.03450273914344425
2012-04-25,0.9133014210473885,0.026580003880971054,0.06011857507170443
2012-04-26,0.0005696767879211233,0.95909713671299,0.04033318649915281
2012-04-27,0.32800490638101976,0.5945413803838538,0.07745371323519032
2012-04-30,0.8452006433644957,0.03419486642392535,0.12060449021164307
2012-05-01,0.3076411996715539,0.5829861040566239,0.10937269627188628
2012-05-02,0.393676655888027,0.5838651383868387,0.02245820572519838
2012-05-03,0.9673623040290041,0.0037734261602061785,0.028864269810853778
2012-05-04,0.0009579383578282659,0.9947817609509793,0.004260300691256516
2012-05-07,0.8467185418165339,0.13837582981454752,0.01490562836898247
2012-05-08,0.9351193152407493,0.04846281633504255,0.016417868424272238
2012-05-09,0.28521547386579355,0.7090805324148397,0.0057039937194307945
2012-05-10,0.6371197578889435,0.35268911152010696,0.010191130591013637
2012-05-11,0.32894171875836226,0.6577543909022036,0.01330389033949816
2012-05-14,0.7887737641143281,0.1703882871117798,0.040837948773956044
2012-05-15,0.13182635309019183,0.8205624723172937,0.04761117459257816
2012-05-16,0.7718638990940543,0.00840883342335882,0.2197272674826507
2012-05-17,3.39657294747347e-05,0.8666076401288202,0.13335839414176923
2012-05-18,0.13217879066341515,0.7746806841191642,0.0931405252174847
2012-05-21,0.8933752441019023,0.008221459115082323,0.09840329678307927
2012-05-22,0.06326082546282824,0.9185485686242202,0.018190605913015443
2012-05-23,0.9555840022865156,0.006175428225966715,0.03824056948758138
2012-05-24,0.00028971093366216634,0.9835811943309408,0.016129094735460887
2012-05-25,0.20043456882566454,0.7881550509822179,0.011410380192181071
2012-05-29,0.9751602549497371,0.0024046478594159843,0.022435097190910518
2012-05-30,0.0038354969642031304,0.993770484068557,0.00239401896730348
2012-05-31,0.9338515796010121,0.051706208530567205,0.014442211868484326
2012-06-01,0.00018876880782203558,0.9931239228145116,0.006687308377729632
2012-06-04,0.9602236087040379,0.0001696882509557948,0.03960670304506967
2012-06-05,0.0012326630821416482,0.9691405261773222,0.029626810740599602
2012-06-06,0.009004199713993783,0.6249961059501276,0.365999694335942
2012-06-07,0.6068214118612838,6.362072654841415e-06,0.39317222606612473
2012-06-08,0.1367873703068458,0.7197079232085819,0.1435047064846358
2012-06-11,0.43628946729797347,0.5230508983304651,0.04065963437162467
2012-06-12,0.5470622939802043,0.4263431796155614,0.026594526404297467
2012-06-13,0.27454013022662277,0.7109493973806879,0.014510472392752487
2012-06-14,0.9435277427072228,0.02043498998905541,0.036037267303784926
2012-06-15,0.053136489689600865,0.9287952151939819,0.018068295116480514
2012-06-18,0.41266112076256506,0.5553972357095475,0.03194164352795091
2012-06-19,0.8580184951799725,0.08514238494578047,0.056839119874310354
2012-06-20,0.03624137999279396,0.9096280158439012,0.054130604163368096
2012-06-21,0.8380203801113051,2.2442222007242398e-08,0.16197959744653614
2012-06-22,0.6266044576731425,0.24299255284577076,0.13040298948114995
2012-06-25,1.2169329110668712e-05,0.9581851021282533,0.04180272854269921
2012-06-26,0.9411836088674408,0.0010020958725540383,0.057814295260068316
2012-06-27,0.08775880497675077,0.8823191995011348,0.029921995522177617
2012-06-28,0.8769147066919617,0.015067156760160667,0.10801813654794083
2012-06-29,3.034259789136436e-07,0.9456722716350774,0.054327424939007045
2012-07-02,0.8743161736654694,0.05577676805609576,0.06990705827849798
2012-07-03,3.6398571782101646e-05,0.9756528816917676,0.02431071973651348
2012-07-05,0.9124202572974137,0.018063339565026884,0.06951640313762249
2012-07-06,0.8830551786569092,0.047870687804901654,0.06907413353825215
2012-07-09,0.00044950214461628884,0.9945013705181837,0.005049127337263036
2012-07-10,0.9837353582423483,0.0006531706619892924,0.015611471095725315
2012-07-11,0.04925853944371306,0.9475311731526461,0.0032102874037035927
2012-07-12,0.7392197104598699,0.251354150093059,0.009426139447133997
2012-07-13,0.24850166259671091,0.7482837954670738,0.0032145419362780312
2012-07-16,0.7678368318655464,0.22391916144627078,0.008244006688245707
2012-07-17,0.22588306143156256,0.7713625656748337,0.0027543728936664565
2012-07-18,0.834278752733944,0.15508016520347623,0.010641082062642505
2012-07-19,0.36519554787509895,0.6270250440429241,0.007779408082039812
2012-07-20,0.05558439883803681,0.9339304137622739,0.010485187399752006
2012-07-23,0.7981801855768805,0.188558989932483,0.013260824490699322
2012-07-24,0.6433069197560525,0.34662409403527883,0.010068986208731806
2012-07-25,0.001684607182693928,0.9928847141097765,0.0054306787075923115
2012-07-26,0.8802424075525215,0.10807427437822696,0.011683318069314507
2012-07-27,0.4798277573953429,0.5128073288928156,0.00736491371190456
2012-07-30,0.025710664046892456,0.9626970672952614,0.011592268657909192
2012-07-31,0.8504958966531697,0.13433039517902062,0.015173708167872571
2012-08-01,0.22633416043466903,0.7669146672207429,0.006751172344650987
2012-08-02,0.9294632672376756,0.04858856968779755,0.021948163074589442
2012-08-03,0.0020863877499536655,0.9911861244439487,0.006727487806160372
2012-08-06,0.7142397601443684,0.2739869964672398,0.011773243388454658
2012-08-07,0.3642286815154483,0.629752287839084,0.00601903064553053
2012-08-08,0.4899130919296598,0.5046241853856319,0.005462722684771365
2012-08-09,0.5604646559584976,0.4338718038033068,0.0056635402382586185
2012-08-10,0.3097803602706839,0.6868519618166102,0.003367677912769008
2012-08-13,0.8346353261720084,0.15635660932979228,0.009008064498262266
2012-08-14,0.23723685949754328,0.7596444730509275,0.0031186674515923333
2012-08-15,0.7214441369220324,0.26800218487533894,0.010553678202691921
2012-08-16,0.07057125620702513,0.9214207512623384,0.008007992530699639
2012-08-17,0.9093579200810665,0.05955001006759627,0.03109206985140042
2012-08-20,0.0060970490784944785,0.9676718831389983,0.026231067782570307
2012-08-21,0.19138233009359448,0.6806967672996662,0.12792090260680222
2012-08-22,0.6629705150669241,0.21674284409462688,0.12028664083851204
2012-08-23,0.029128429345998633,0.8343241030505512,0.13654746760351325
2012-08-24,0.6208164853288931,0.3087940516607836,0.07038946301038627
2012-08-27,0.17976053711561946,0.7922534778740588,0.027985985010384615
2012-08-28,0.7780734377883206,0.192010913218021,0.029915648993721178
2012-08-29,0.17325961416676522,0.8036907785410418,0.023049607292255667
2012-08-30,0.809931200065438,0.09062053774414167,0.09944826219048306
2012-08-31,0.0007923538916954383,0.870531784643963,0.12867586146440416
2012-09-04,0.09526671888234382,0.4631585101918593,0.44157477092585956
2012-09-05,0.3871568776428256,0.41915784770297554,0.1936852746542614
2012-09-06,0.42486573274786055,0.4520435547211499,0.1230907125310523
2012-09-07,0.13597662463372415,0.7714952748167114,0.09252810054962698
2012-09-10,0.6200567199836955,0.33512877716714523,0.04481450284922175
2012-09-11,0.3032468731954917,0.6768102868576886,0.019942839946882097
2012-09-12,0.7693403766605148,0.19450907564466421,0.03615054769488321
2012-09-13,2.5004427856365646e-05,0.9442752854075929,0.05569971016461288
2012-09-14,0.7617603774168691,0.21052509619801205,0.027714526385181425
2012-09-17,0.663665471830288,0.31602908505873795,0.020305443111036475
2012-09-18,0.06466145191196059,0.9273271266121177,0.008011421475984425
2012-09-19,0.8236664764159399,0.16443873280966737,0.011894790774455528
2012-09-20,0.25868150076026514,0.7354089245119301,0.005909574727867619
2012-09-21,0.43186870211602724,0.5619481289691891,0.006183168914846472
2012-09-24,0.9117331170409148,0.07566797516282785,0.012598907796320218
2012-09-25,0.19784260810285,0.7983128488706323,0.0038445430265807755
2012-09-26,0.757024883570107,0.23032134310243432,0.012653773327521493
2012-09-27,0.04043779889931606,0.9473252113784986,0.01223698972224813
2012-09-28,0.7308612353723385,0.24602537714222625,0.023113387485497974
2012-10-01,0.11219035384703757,0.882171289487483,0.005638356665542419
2012-10-02,0.8645035235846974,0.12443023673094467,0.011066239684420836
2012-10-03,0.36887654770695416,0.6255564781670411,0.00556697412606781
2012-10-04,0.26157149419986975,0.7331845270449524,0.005243978755240803
2012-10-05,0.9411318964710271,0.04512027137925068,0.013747832149784863
2012-10-08,0.3722108662085377,0.6195070806665088,0.008282053125016056
2012-10-09,0.43466717058515836,0.5534709517635438,0.01186187765136028
2012-10-10,0.4232712885636324,0.5658334473101503,0.010895264126279705
2012-10-11,0.572177837376617,0.4063689141726825,0.021453248450762928
2012-10-12,0.4144633792763928,0.5465536568963965,0.038982963827272996
2012-10-15,0.8896447508201051,0.03708551616095528,0.07326973301900193
2012-10-16,0.15293003022879878,0.8243913574344309,0.022678612336832698
2012-10-17,0.6407376967972264,0.3444466280172139,0.014815675185622042
2012-10-18,0.3839508471438924,0.6053754490323984,0.010673703823771532
2012-10-19,0.9308465486964795,0.047202677753534594,0.02195077355004809
2012-10-22,0.05231190951151494,0.943369263161358,0.004318827327189248
2012-10-23,0.8688569592579037,0.11972963047511108,0.011413410267047766
2012-10-24,0.5875777839104409,0.4040166618229404,0.00840555426668132
2012-10-25,0.035383627476425594,0.9525516057671934,0.0120647667564437
2012-10-26,0.7919402061478109,0.18424593414485652,0.02381385970739517
2012-10-31,0.20910641819605488,0.7729405310530502,0.017953050750957544
2012-11-01,0.3581600350279499,0.5953871680252992,0.04645279694681361
2012-11-02,0.9089200204427155,1.7581283730242955e-06,0.09107822142897415
2012-11-05,0.007409664758805594,0.9360929917169374,0.05649734352431966
2012-11-06,0.00029828860247465904,0.9320404238147556,0.06766128758283227
2012-11-07,0.8929032265566762,0.00421238612815154,0.10288438731523475
2012-11-08,0.00019267172715957745,0.969151117267523,0.03065621100537951
2012-11-09,0.37839499849895875,0.5899381632303113,0.03166683827079212
2012-11-12,0.4750953149382673,0.5111761371050899,0.013728547956705004
2012-11-13,0.6636347958028095,0.3240586136670858,0.012306590530166863
2012-11-14,0.026915247667103796,0.9629085393984285,0.010176212934529793
2012-11-15,0.7860048827294767,0.18798323637837264,0.026011880892212874
2012-11-16,0.7746520531752519,0.20165433337494643,0.023693613449864013
2012-11-19,6.251083178464281e-05,0.9865498796082979,0.013387609559979618
2012-11-20,0.9210866409009716,0.017223740510625554,0.0616896185884651
2012-11-21,0.0020912965587551098,0.9764358308406571,0.021472872600650207
2012-11-23,0.5877751816883957,0.3773876615537327,0.034837156757933904
2012-11-26,0.36707502462651664,0.6115114166488789,0.02141355872466679
2012-11-27,0.42330283968952825,0.5689032815147157,0.007793878795818558
2012-11-28,0.8079032395625924,0.180158754892869,0.011938005544601248
2012-11-29,0.0003140362981101051,0.9964316144942235,0.0032543492077289054
2012-11-30,0.9796390960039286,8.573294487933365e-08,0.020360818263188935
2012-12-03,0.0001203923777950812,0.9960700266795994,0.0038095809426677654
2012-12-04,0.9767850444713827,4.3077848927490246e-08,0.02321491245083078
2012-12-05,0.024490424027978377,0.9623973803065422,0.013112195665541749
2012-12-06,0.46814661613630487,0.5126464664999433,0.019206917363814063
2012-12-07,0.522936722429772,0.4594192479438548,0.01764402962643545
2012-12-10,0.11937631793248336,0.8741510377246788,0.006472644342900152
2012-12-11,0.9778851684478448,0.0033926256460913217,0.018722205906126034
2012-12-12,6.042492604588809e-07,0.9946243683860174,0.0053750273647842975
2012-12-13,0.91884223095333,1.6728445621411167e-09,0.08115776737388725
2012-12-14,0.49306292604250723,0.43411028959389697,0.07282678436365758
2012-12-17,0.15943524006505352,0.6830372666681649,0.15752749326684334
2012-12-18,0.4190780469382518,0.07033087770601915,0.5105910753557908
2012-12-19,0.0023460705383958236,0.43594438939743857,0.5617095400642272
2012-12-20,0.00596837736335719,0.0005450008189599189,0.9934866218177444
2012-12-21,1.0957341047845996e-05,0.826845242973752,0.17314379968526156
2012-12-24,0.7100106817502424,0.20539011603607338,0.08459920221374584
2012-12-26,0.2922530237446108,0.680593296919707,0.027153679335743874
2012-12-27,0.5324866803305609,0.44795726292965493,0.019556056739845937
2012-12-28,0.5193159402893051,0.4555058576095137,0.02517820210124297
2012-12-31,0.4175525928350036,0.5239160524941228,0.05853135467093529
2013-01-02,0.10396465472950712,0.697138133239363,0.19889721203119146
2013-01-03,0.4047331300399371,0.42654923622696495,0.1687176337331593
2013-01-04,0.5654142838185262,0.2486018103359441,0.18598390584559102
2013-01-07,0.3017850228619843,0.6100595905498266,0.08815538658825046
2013-01-08,0.2897971236494243,0.6812032183453183,0.028999658005318785
2013-01-09,0.7936687413450529,0.18165184991663647,0.024679408738371756
2013-01-10,0.02468465388108285,0.9693784589849471,0.005936887134031392
2013-01-11,0.9785034814213354,0.001602654716106361,0.019893863862619623
2013-01-14,0.0002200130833760174,0.9921068941310673,0.007673092785618096
2013-01-15,0.45548304135478934,0.5113788921701498,0.03313806647512261
2013-01-16,0.5040724521526551,0.4780306349252802,0.017896912922126314
2013-01-17,0.3480478830417707,0.6378024904026315,0.014149626555659389
2013-01-18,0.48115525572985424,0.5004460620989152,0.01839868217129206
2013-01-22,0.3191956210080274,0.6592328334881934,0.0215715455038405
2013-01-23,0.34910616227929986,0.6304298821617993,0.020463955558962257
2013-01-24,0.9310537812961442,0.030169023912444096,0.038777194791472985
2013-01-25,0.30188236618014164,0.6697660000956972,0.0283516337242225
2013-01-28,0.6746178922676318,0.28165165289117994,0.04373045484124955
2013-01-29,0.096491533521149,0.8509933574967764,0.05251510898213579
2013-01-30,0.0021586290157277034,0.8956092407141714,0.10223213027016209
2013-01-31,0.8769974702991535,6.083020173231851e-07,0.12300192139889013
2013-02-01,3.434670473228667e-06,0.9265563851015747,0.07344018022801302
2013-02-04,0.6020358306771854,0.18316119548319848,0.21480297383967725
2013-02-05,0.2009430545730442,0.7129925819485161,0.0860643634785007
2013-02-06,0.3362938407114818,0.6488575861853154,0.01484857310326355
2013-02-07,0.9073998636705086,0.0722765520436204,0.020323584285931826
2013-02-08,0.06360044892154178,0.9319469238151805,0.004452627263338486
2013-02-11,0.9628320092900211,0.022410277550702084,0.014757713159337587
2013-02-12,0.13853729734759127,0.856848202903398,0.004614499749071443
2013-02-13,0.6797040238233082,0.31033579391169397,0.009960182265058822
2013-02-14,0.46354928044569926,0.525796528032392,0.010654191521969834
2013-02-15,0.6825139296293962,0.29771786440598647,0.019768205964678296
2013-02-19,0.1744568279539222,0.8072205570512805,0.01832261499485823
2013-02-20,0.8245637276435615,0.1336255006309125,0.0418107717255871
2013-02-21,0.08697523492073925,0.9031153245657089,0.009909440513612979
2013-02-22,0.8441590023807769,0.13421483808650056,0.02162615953278338
2013-02-25,0.02027767989588578,0.9612298000206747,0.01849252008350051
2013-02-26,0.5522824908919892,0.4293932470873968,0.018324262020674612
2013-02-27,0.6390115822790836,0.34370722988372276,0.017281187837254516
2013-02-28,0.5685953928326068,0.4143976501101931,0.017006957057260963
2013-03-01,0.30434997948423603,0.6862027093933114,0.009447311122513465
2013-03-04,0.5324129566459014,0.4610816118412734,0.006505431512885814
2013-03-05,0.5395454348251761,0.45383189786768335,0.006622667307201103
2013-03-06,0.2815325322227427,0.7102770688973422,0.008190398879975871
2013-03-07,0.651451006395604,0.33945815945168517,0.009090834152771381
2013-03-08,0.25682877233291457,0.7364117890132723,0.006759438653873737
2013-03-11,0.7456525489751924,0.24423217025114752,0.010115280773720772
2013-03-12,0.11905801670261652,0.8751082209408916,0.005833762356552466
2013-03-13,0.7533194323940051,0.23677232029628056,0.00990824730977483
2013-03-14,0.3396487670634803,0.6555232606119208,0.0048279723246593175
2013-03-15,0.5395257752986945,0.45505403239514736,0.00542019230621861
2013-03-18,0.5099870250464897,0.4845138846262343,0.00549909032733629
2013-03-19,0.37667206963661165,0.6194730344385946,0.0038548959248542814
2013-03-20,0.7172282342319225,0.27547759964455787,0.0072941661235803
2013-03-21,0.03424539908624924,0.9620352994180195,0.0037193014957920827
2013-03-22,0.9852641129631091,0.0007013476357560116,0.014034539401195544
2013-03-25,0.02598527482410921,0.9716266524148468,0.0023880727611046617
2013-03-26,0.8236916988050008,0.16719173961506237,0.009116561579997419
2013-03-27,0.23794831726893884,0.7577407387738713,0.004310943957250375
2013-03-28,0.7333666468395511,0.24524502826299022,0.02138832489751895
2013-04-01,0.2811653312899177,0.691801813750664,0.027032854959478617
2013-04-02,0.8249918394478398,0.11639019577233621,0.05861796477988428
2013-04-03,0.34103617522195984,0.6210626045876099,0.0379012201904905
2013-04-04,0.6980529892703861,0.271570726149332,0.030376284580342132
2013-04-05,0.07335391403302641,0.900712727654147,0.025933358312886755
2013-04-08,0.7744568259316837,0.16486472682944364,0.060678447238932856
2013-04-09,0.00019335415510112895,0.916714659434127,0.08309198641083222
2013-04-10,0.6200492804721595,0.028237469650715073,0.3517132498771859
2013-04-11,0.0011511284821130155,0.6519142530001074,0.34693461851783985
2013-04-12,0.0003151903861205571,8.999595365467032e-10,0.9996848087139802
2013-04-15,4.0099765324303234e-23,8.018685806499683e-28,1.0000000000000602
2013-04-16,0.00015824035508964275,0.7827330747930363,0.2171086848519342
2013-04-17,0.6306198183438095,0.28785715625769925,0.08152302539855151
2013-04-18,0.27239568004351605,0.6953873058714433,0.03221701408510079
2013-04-19,0.7184048668240817,0.22931885551075767,0.05227627766522088
2013-04-22,0.06490382496153119,0.8630735645646684,0.07202261047386038
2013-04-23,0.7721312171736061,0.029195648388715422,0.19867313443773857
2013-04-24,0.009699603085243964,0.7949359783555063,0.1953644185593099
2013-04-25,1.0039067097616822e-06,0.01748087215598572,0.9825181239373648
2013-04-26,0.017627506092100717,0.007706620349242915,0.9746658735587166
2013-04-29,0.0021103783352941774,0.43893211794620013,0.558957503718566
2013-04-30,0.17215564289530286,0.38611825724139026,0.4417260998633672
2013-05-01,0.4744776413309485,0.0008975861922241731,0.5246247724768878
2013-05-02,0.00012035611085096932,0.8374105633632232,0.16246908052598616
2013-05-03,0.5436132377372349,0.4079211213910631,0.04846564087176238
2013-05-06,0.43176341069090124,0.5528206168126312,0.01541597249652827
2013-05-07,0.46822402535944013,0.5242866343560217,0.007489340284598646
2013-05-08,0.6349490413617904,0.3567986070755381,0.008252351562732114
2013-05-09,0.11050195352570816,0.8837998013171242,0.005698245157228126
2013-05-10,0.8244768613912695,0.15923172025154336,0.01629141835724747
2013-05-13,0.10969067358147562,0.8744647603038751,0.01584456611470972
2013-05-14,0.7094584503126488,0.22700794493167661,0.0635336047557351
2013-05-15,0.8587300585923311,0.061008324638155184,0.08026161676957431
2013-05-16,0.12912748934942278,0.8505503216621704,0.02032218898846738
2013-05-17,0.8751606943358713,0.10323446671744009,0.02160483894674902
2013-05-20,0.06665907190250449,0.928751468611797,0.004589459485759076
2013-05-21,0.8633722856886245,0.12535587741871407,0.01127183689272193
2013-05-22,0.14679235204382637,0.850139848648919,0.0030677993073148424
2013-05-23,0.7526821903928854,0.23909625093376574,0.00822155867340906
2013-05-24,0.23999293458494333,0.7568996201426674,0.003107445272449541
2013-05-28,0.8309730927708429,0.1573557504524695,0.0116711567767481
2013-05-29,0.12445912304974704,0.8659982509057107,0.00954262604460272
2013-05-30,0.3151500919906194,0.6785831281383137,0.00626677987112741
2013-05-31,0.9729378073083916,0.014139478531690088,0.012922714159978688
2013-06-03,0.000941731948797846,0.9973877164555396,0.0016705515957230008
2013-06-04,0.9713684876545611,0.013967819375926277,0.014663692969572942
2013-06-05,0.2428245165621464,0.7504980601679596,0.006677423269953972
2013-06-06,0.3728787555388377,0.6103093421181783,0.016811902343043975
2013-06-07,0.9567202216763699,9.414245332152079e-08,0.04327968418123652
2013-06-10,0.001526379114820411,0.9930529013842576,0.005420719500981718
2013-06-11,0.9780327443892772,0.005118265859617929,0.01684898975116475
2013-06-12,0.019655823283448982,0.978458549529107,0.001885627187503926
2013-06-13,0.9733509277546457,0.012619433151440096,0.014029639093974283
2013-06-14,0.0007211849438374355,0.995155232539036,0.004123582517186436
2013-06-17,0.8971896195008701,0.057264386060753444,0.0455459944384362
2013-06-18,0.3529223836330306,0.6025552736827282,0.044522342684300935
2013-06-19,0.00299761465010049,0.660360744428969,0.3366416409209903
2013-06-20,1.4199878751491193e-05,1.3495509449492143e-17,0.9999858001213082
2013-06-21,3.8542190537436087e-07,0.5678430859904287,0.4321565285877256
2013-06-24,0.48086445952119844,0.006674594994215372,0.5124609454846458
2013-06-25,0.0011487632415942575,0.5313472955411463,0.46750394121731903
2013-06-26,0.01450429438350457,1.2327827661550382e-06,0.9854944728337887
2013-06-27,0.0005567571634509397,0.06652624657195087,0.9329169962646576
2013-06-28,2.433238844317047e-07,0.004388484741427806,0.9956112719347471
2013-07-01,0.002132361966108182,0.825435834091612,0.17243180394233903
2013-07-02,0.7605601377225523,0.10385249056089679,0.13558737171661028
2013-07-03,0.009711284446630091,0.9276226538567254,0.06266606169670369
2013-07-05,0.8880272760997066,4.410129361055458e-06,0.1119683137709914
2013-07-08,0.012361408580814543,0.9483693327492974,0.03926925866994723
2013-07-09,0.42628088402192416,0.5535956709640418,0.020123445014093272
2013-07-10,0.6608904566441218,0.31974572606705676,0.019363817288880612
2013-07-11,0.013127965520687346,0.955447271373733,0.031424763105638874
2013-07-12,0.791193578595619,0.18519962201571144,0.023606799388728616
2013-07-15,0.38764016092265585,0.5996179260036129,0.012741913073790552
2013-07-16,0.29480337819282987,0.6815515060011738,0.0236451158060556
2013-07-17,0.8984937549772112,0.028379779517336664,0.07312646550551141
2013-07-18,0.2266710280931475,0.7106165814024035,0.06271239050450814
2013-07-19,0.24812670290226846,0.44778959080923536,0.3040837062885553
2013-07-22,3.891549677445385e-06,0.3142781703027242,0.6857179381476574
2013-07-23,0.3060836745833538,0.10608399084171248,0.5878323345749928
2013-07-24,0.2061599333806181,0.5295247054101393,0.2643153612093017
2013-07-25,0.17534439898440266,0.7870653532827475,0.037590247732908644
2013-07-26,0.9502981481408866,0.0019658617479129353,0.047735990111259424
2013-07-29,0.0332165458456743,0.9583465077297278,0.008436946424656748
2013-07-30,0.8499858640157764,0.1376934507874897,0.012320685196792712
2013-07-31,0.3134302442135175,0.6812936332242976,0.0052761225622438065
2013-08-01,0.6991980926442593,0.2860170043054306,0.014784903050369284
2013-08-02,0.08591525111719409,0.904165736192515,0.00991901269035004
2013-08-05,0.9273223081967249,0.036025995831614074,0.036651695971719994
2013-08-06,0.15615810888046056,0.8184693567788986,0.025372534340699648
2013-08-07,0.6969448024992916,0.20360806798522746,0.09944712951553968
2013-08-08,5.7535591699995496e-05,0.7987196917395251,0.2012227726688338
2013-08-09,0.002526249891257614,0.45005423068655315,0.5474195194222483
2013-08-12,2.1357479105326504e-06,0.0054320369473105,0.9945658273048379
2013-08-13,0.0013334582752685142,0.11872715473847516,0.8799393869863154
2013-08-14,0.00011182129003933311,0.060925231356371894,0.9389629473536476
2013-08-15,3.095295771181084e-05,0.0003622112799118453,0.9996068357624354
2013-08-16,0.0001260512193368969,0.5858258743288383,0.41404807445188385
2013-08-19,0.4686969815817612,0.3798383142427868,0.15146470417551075
2013-08-20,0.36330164142043175,0.5739812449790355,0.06271711360059161
2013-08-21,0.4657007827617739,0.4798835201308595,0.05441569710742559
2013-08-22,0.4431224974495459,0.4575433397242211,0.09933416282629179
2013-08-23,0.04085675105779094,0.6341823708278225,0.3249608781144454
2013-08-26,0.373179720250928,0.28815934728482995,0.33866093246430096
2013-08-27,0.09285986711167048,0.545794395901544,0.3613457369868443
2013-08-28,0.5056868773549007,0.17097614582423198,0.32333697682092616
2013-08-29,0.1156085155964328,0.5770848065418237,0.30730667786180227
2013-08-30,0.43631017225353064,0.041595868178625435,0.5220939595679027
2013-09-03,8.787120385763753e-09,0.48539834510929347,0.5146016461036449
2013-09-04,0.39169347581162417,5.5906547376996256e-08,0.6083064682818872
2013-09-05,0.14730919734242445,0.35050138368049155,0.5021894189771426
2013-09-06,0.0034021674023426494,0.4942815006730032,0.5023163319247128
2013-09-09,0.3223675797177676,0.07256193587824485,0.6050704844040462
2013-09-10,0.35953611220364085,0.011576238254119155,0.6288876495422987
2013-09-11,0.006265919119705879,0.42808766392204634,0.5656464169583065
2013-09-12,0.18812531023826592,1.0226810510103988e-06,0.8118736670807416
2013-09-13,0.16615696801173213,0.03877614644658868,0.7950668855417377
2013-09-16,0.0023302620413629942,0.4201632838080354,0.5775064541506599
2013-09-17,0.2990475042393156,0.025984187036661777,0.6749683087240812
2013-09-18,0.0003698736817798692,0.3185440179919693,0.6810861083263092
2013-09-19,2.5029693827438008e-23,3.599852993585819e-05,0.9999640014701225
2013-09-20,4.7900488651860646e-05,1.2183302362048397e-13,0.9999520995112846
2013-09-23,0.00020613277397844496,0.7183327278663503,0.2814611393597294
2013-09-24,0.6585916165660068,0.14902286089632522,0.19238552253772595
2013-09-25,0.06118609235118633,0.8890776836827585,0.049736223966113144
2013-09-26,0.6920571852355091,0.2830057070858495,0.024937107678699468
2013-09-27,0.406827048531845,0.5808425603244901,0.012330391143722879
2013-09-30,0.38152767486555256,0.6023871391339032,0.01608518600060246
2013-10-01,0.9480796327812787,0.014423687360491695,0.037496679858287876
2013-10-02,5.1650148483630154e-08,0.9861833666659355,0.01381658168397434
2013-10-03,0.8222281745799195,0.11539444020863508,0.062377385211503975
2013-10-04,0.33600873839678236,0.6185516674868277,0.04543959411644842
2013-10-07,0.00031983172451876586,0.9126014366943376,0.08707873158120204
2013-10-08,0.10871199969008935,0.8705287119715811,0.020759288338388047
2013-10-09,0.9675300563196191,0.0015993325078624788,0.030870611172576938
2013-10-10,0.06581074183533701,0.9250445970002137,0.009144661164507963
2013-10-11,0.9672649749874999,5.6442049944218885e-05,0.03267858296261453
2013-10-14,0.03070005340218112,0.9551038787035503,0.014196067894326965
2013-10-15,0.8318620775371386,0.12928302918445012,0.03885489327846958
2013-10-16,0.13648350197644163,0.8282057650186939,0.03531073300492273
2013-10-17,0.0005723999320407136,0.915114907972727,0.08431269209529091
2013-10-18,0.7347911527894287,0.11529172727417955,0.14991711993645013
2013-10-21,0.04081775552288234,0.8633383302995055,0.09584391417767064
2013-10-22,0.13959039734620682,0.8172553950032546,0.04315420765059723
2013-10-23,0.8805788028591295,0.07392735676671668,0.045493840374212544
2013-10-24,0.051184624265994884,0.9416538470594917,0.007161528674571731
2013-10-25,0.8803111148771702,0.10807973199388946,0.011609153128998802
2013-10-28,0.21194802022617842,0.7842344886778735,0.0038174910960065336
2013-10-29,0.7644496503612308,0.2174934335976712,0.018056916041156206
2013-10-30,0.004967081668794628,0.9609338812595738,0.03409903707168978
2013-10-31,0.9235760392088461,1.493100707221067e-09,0.07642395929811131
2013-11-01,0.030473806396834766,0.9506083883570057,0.018917805246217625
2013-11-04,0.738079229329711,0.2495371251817408,0.012383645488605991
2013-11-05,0.3376612627628413,0.6576362118313159,0.0047025254059006585
2013-11-06,0.575706800018946,0.41728791155305206,0.007005288428060059
2013-11-07,0.3438035042449131,0.6513738221882353,0.00482267356690932
2013-11-08,0.7149358887031605,0.27411753712879167,0.010946574168105561
2013-11-11,0.23935105191971437,0.7504893213604233,0.010159626719919844
2013-11-12,0.8648638657905968,0.09173494155212727,0.043401192657333214
2013-11-13,0.701338791347226,0.2569767628435266,0.0416844458093049
2013-11-14,0.06899966286382408,0.9093247477049742,0.02167558943125933
2013-11-15,0.5223647004879157,0.46763020337609124,0.010005096136050372
2013-11-18,0.7890515240007153,0.19698386950164484,0.013964606497697152
2013-11-19,0.2995003762104911,0.6960959983768162,0.0044036254127500524
2013-11-20,0.6587390734999781,0.3345118523035729,0.006749074196506203
2013-11-21,0.4146503729487477,0.5812716042427478,0.004078022808561438
2013-11-22,0.5475630117522362,0.4471158675746763,0.005321120673144475
2013-11-25,0.47174850739255575,0.5229764540396534,0.005275038567847924
2013-11-26,0.41448042479808067,0.5803542445182559,0.005165330683720298
2013-11-27,0.7695750398807233,0.21831952065240645,0.012105439466927267
2013-11-29,0.007709392074725659,0.975743346676389,0.016547261248942447
2013-12-02,0.9312375732916989,4.313964903610231e-05,0.06871928705932222
2013-12-03,0.773943022200604,0.16260175447625252,0.06345522332320061
2013-12-04,2.641295032715233e-07,0.950106853485137,0.049892882385416545
2013-12-05,0.9327187159284973,0.003908139546200673,0.06337314452535872
2013-12-06,0.2502283514680245,0.7133959977584372,0.036375650773595294
2013-12-09,0.49902377794027264,0.40869696369869135,0.0922792583610929
2013-12-10,0.0015435540304463147,0.8027288043623616,0.19572764160724893
2013-12-11,0.1597309189816984,0.6428709165643035,0.19739816445405486
2013-12-12,0.722970095626672,1.6843975481117944e-07,0.27702973593363
2013-12-13,0.00426335098737002,0.7946505306384125,0.20108611837427437
2013-12-16,0.0022736271020268872,0.9583194333048068,0.03940693959322285
2013-12-17,0.9466716579437692,0.004457559262494754,0.048870782793792825
2013-12-18,0.0024624578958795016,0.9902974174862068,0.007240124617970194
2013-12-19,0.9756385232373866,1.5042413388223597e-09,0.024361475258428453
2013-12-20,0.00020630091997213,0.9927863036400404,0.007007395440044006
2013-12-23,0.8017826657575613,0.17369398289281013,0.024523351349685103
2013-12-24,0.28219013438542623,0.6950170130761002,0.022792852538530035
2013-12-26,0.038237058632062504,0.8840786703689447,0.07768427099904936
2013-12-27,0.12910747264153688,0.8406810337821702,0.030211493576349654
2013-12-30,0.9506687743306136,0.0017970231614316949,0.047534202508011075
2013-12-31,0.7946082372419047,0.16242282892712015,0.04296893383103157
2014-01-02,6.929666045622766e-11,0.9709756692917614,0.029024330638998057
2014-01-03,0.4044701373382872,0.5737905510016584,0.021739311660110498
2014-01-06,0.5424962539304732,0.4432903875038211,0.014213358565761693
2014-01-07,0.685614052623622,0.29644518939702974,0.017940757979404386
2014-01-08,0.5318216987694268,0.44867332301607343,0.019504978214555796
2014-01-09,0.23616790062682275,0.7154674257911992,0.04836467358203378
2014-01-10,0.18299422978183627,0.7051409272780815,0.11186484294013792
2014-01-13,0.25788814279747574,0.7167356157154747,0.02537624148710548
2014-01-14,0.7236981741125152,0.25944765371297446,0.016854172174566345
2014-01-15,0.24641892695560388,0.7497218105300212,0.0038592625144311396
2014-01-16,0.8472081173618722,0.14325037000056956,0.0095415126376142
2014-01-17,0.0008618167068861655,0.9969630932713722,0.002175090021797517
2014-01-21,0.9844076824471064,2.601864067506215e-05,0.015566298912274321
2014-01-22,0.2580406504430344,0.7340384541448585,0.0079208954121628
2014-01-23,0.3555620704255547,0.6388826179151426,0.005555311659358386
2014-01-24,0.9269514221805251,0.061574619675798505,0.011473958143732121
2014-01-27,0.05141345567326187,0.9467491195346862,0.0018374247921076627
2014-01-28,0.9797399149705653,0.009314311973661357,0.010945773055828984
2014-01-29,0.050426737367395925,0.9477016989944899,0.0018715636381701096
2014-01-30,0.9740969743920322,0.010974179517529882,0.014928846090493698
2014-01-31,0.26063111062169286,0.7311803008026795,0.008188588575683683
2014-02-03,0.17764848066632433,0.8060169045100739,0.016334614823657872
2014-02-04,0.7429532474583271,0.2355039535508899,0.0215427989908393
2014-02-05,0.03293073762313682,0.9501294790911657,0.016939783285753785
2014-02-06,0.6624955244085506,0.32415165665915524,0.01335281893235056
2014-02-07,0.3593581577052494,0.6340257076322974,0.006616134662509698
2014-02-10,0.5808816077412476,0.40363711137798775,0.01548128088082092
2014-02-11,0.35844776764214736,0.6175126559398859,0.02403957641802322
2014-02-12,0.5588232160009435,0.3471515555059302,0.09402522849318254
2014-02-13,0.024658811327925537,0.7400857391891337,0.23525544948299704
2014-02-14,3.5716242022374115e-05,0.030069601906156363,0.9698946818518774
2014-02-18,0.01413923463181867,0.41932736426963374,0.5665334010986036
2014-02-19,0.30259446354541614,0.5603360369995906,0.13706949945504937
2014-02-20,0.4965080611696072,0.4559927328300906,0.04749920600035828
2014-02-21,0.39856339436496696,0.58070603339206,0.020730572243029346
2014-02-24,0.556661633085962,0.4162983615830711,0.02704000533102309
2014-02-25,0.2619076212875771,0.7117360227776872,0.026356355934791714
2014-02-26,0.9141617982856401,0.012202902648845444,0.07363529906557048
2014-02-27,0.11033848303766047,0.8742987578406177,0.015362759121778152
2014-02-28,0.8355576645204886,0.14485864788466296,0.019583687594904597
2014-03-03,0.02042128770769609,0.9745131298872355,0.0050655824051245805
2014-03-04,0.8939371886974972,0.09414971030176919,0.011913101000789834
2014-03-05,0.38975524293994196,0.604080349260608,0.006164407799506133
2014-03-06,0.2003128598773229,0.7907251983868665,0.008961941735866728
2014-03-07,0.9771342053800339,0.00018614090636309187,0.02267965371365909
2014-03-10,0.13680172075051236,0.8581727604160578,0.005025518833485721
2014-03-11,0.8237617756894345,0.16478682765788844,0.0114513966527331
2014-03-12,0.00014533824465638037,0.9947805024475639,0.005074159307835675
2014-03-13,0.9546969751698415,0.02220405230926381,0.02309897252095068
2014-03-14,0.04113713850823047,0.9523073107481637,0.006555550743661908
2014-03-17,0.7713956392817688,0.2062716390980735,0.022332721620213797
2014-03-18,0.8377724860414602,0.13705386111036638,0.02517365284822958
2014-03-19,0.061243868562850294,0.9349123594537274,0.003843771983478259
2014-03-20,0.9508977760632126,0.03523069366331728,0.013871530273526162
2014-03-21,0.28873351122909563,0.7066038827676164,0.004662606003344202
2014-03-24,0.6906277461507331,0.29897760768627973,0.010394646163043374
2014-03-25,0.3982030020185537,0.5970500702780352,0.0047469277034672165
2014-03-26,0.5870674557673449,0.40628611144317595,0.00664643278953529
2014-03-27,0.4545445736970746,0.5407654091413566,0.004690017161624878
2014-03-28,0.48915369497509864,0.5047043861027679,0.006141918922189279
2014-03-31,0.40182114411296077,0.5944036824497438,0.0037751734373512595
2014-04-01,0.7225041721462166,0.27010906827505465,0.007386759578784588
2014-04-02,0.0019387152260378355,0.9920276380089821,0.006033646765035972
2014-04-03,0.9703932550944608,0.006270470750090454,0.023336274155504433
2014-04-04,0.028680572494280087,0.9669979166794527,0.004321510826322583
2014-04-07,0.856707117332774,0.13385623483960243,0.009436647827679038
2014-04-08,0.12142725579785453,0.8769149451104463,0.0016577990917545507
2014-04-09,0.9821788835649796,0.00703616478051651,0.010784951654559165
2014-04-10,0.0009627971154183218,0.9976818313849969,0.0013553714996401317
2014-04-11,0.9302903726142523,0.05767937483235852,0.012030252553444486
2014-04-14,0.07413549771442929,0.9222812868675525,0.0035832154180736866
2014-04-15,0.9697468471634183,0.0014552366913730195,0.02879791614526421
2014-04-16,0.057349202401580826,0.9335017620991974,0.009149035499277123
2014-04-17,0.6014660312508571,0.39108631128543786,0.007447657463760587
2014-04-21,0.633867133528619,0.3586567540502313,0.00747611242120534
2014-04-22,0.37644478228159395,0.6189741546853984,0.004581063033063413
2014-04-23,0.6111173169230044,0.3809248303814825,0.007957852695568748
2014-04-24,0.2538132781833202,0.7362846357058914,0.009902086110844123
2014-04-25,0.5283961174595507,0.46411162276292733,0.007492259777577571
2014-04-28,0.5856613587969589,0.40761519788855155,0.006723443314545274
2014-04-29,0.2805182793841771,0.7141515715817625,0.005330149034116335
2014-04-30,0.8882395599539206,0.09206976652861937,0.01969067351751562
2014-05-01,0.7126229479790459,0.2715598370814356,0.015817214939574085
2014-05-02,4.3975862688138304e-05,0.9876446811600633,0.012311342977304098
2014-05-05,0.7425948637974855,0.2355771785283489,0.02182795767422095
2014-05-06,0.18057239604857253,0.8162896571345302,0.0031379468169527415
2014-05-07,0.9585293628353753,0.030596820380170364,0.010873816784509919
2014-05-08,0.35945587880485935,0.6349905715187005,0.0055535496764957315
2014-05-09,0.5879243427503524,0.3938284461881336,0.01824721106156947
2014-05-12,0.0021980466797318385,0.9779414570387425,0.019860496281581267
2014-05-13,0.7723969666511813,0.19634109357702545,0.03126193977184867
2014-05-14,0.032651343007716604,0.9629381574348311,0.00441049955750737
2014-05-15,0.9776073666134785,0.009255977064080247,0.013136656322496588
2014-05-16,0.40825544916534046,0.5858018745933216,0.00594267624139331
2014-05-19,0.5282363154113711,0.46286945777735994,0.008894226811324023
2014-05-20,0.36730683898124006,0.6275908057402978,0.0051023552785173145
2014-05-21,0.720392025065291,0.26887628842667904,0.01073168650808528
2014-05-22,0.12823462916508951,0.861644597045708,0.010120773789257994
2014-05-23,0.5545638896515744,0.43143134993076815,0.014004760417712916
2014-05-27,0.9722982538055799,0.00593422064631009,0.0217675255481656
2014-05-28,0.16149557206994392,0.8250287651071025,0.01347566282300911
2014-05-29,0.49836225744015994,0.4913187771314363,0.01031896542845919
2014-05-30,0.965377769666388,0.016852250983453245,0.017769979350214182
2014-06-02,0.01998446087724838,0.972783667367007,0.007231871755799826
2014-06-03,0.6148287967829326,0.377679990685356,0.007491212531766473
2014-06-04,0.6113910865211818,0.3807210819119882,0.007887831566885117
2014-06-05,0.05075867653522373,0.9381619253902176,0.011079398074613946
2014-06-06,0.8810634127449956,0.08619308858955946,0.03274349866550014
2014-06-09,0.13618603229510537,0.8497696493150242,0.014044318389925656
2014-06-10,0.41009972270502854,0.5776270506258442,0.012273226669182517
2014-06-11,0.6665823682547868,0.3200444476009712,0.013373184144297117
2014-06-12,0.07251705005265925,0.9093097911937189,0.018173158753677077
2014-06-13,0.5459817163032843,0.4397034090868878,0.014314874609883177
2014-06-16,0.4740487428840955,0.5166287040476887,0.009322553068271004
2014-06-17,0.4284008958313612,0.5556869120735128,0.015912192095181084
2014-06-18,0.5826748537107242,0.3701672739629334,0.04715787232639747
2014-06-19,3.2198757856433347e-06,0.8011520285109089,0.1988447516133603
2014-06-20,0.20231977114987496,0.724797767313063,0.07288246153711683
2014-06-23,0.6374174730838542,0.33434025342609247,0.028242273490108192
2014-06-24,0.31103889796386514,0.6791715926667419,0.009789509369447894
2014-06-25,0.5904275032149704,0.40277022562304093,0.006802271162043329
2014-06-26,0.4082406190104725,0.5878198982177942,0.003939482771787911
2014-06-27,0.5690075574064601,0.42572624485798816,0.00526619773560631
2014-06-30,0.3996482162644395,0.5958339709966671,0.004517812738948075
2014-07-01,0.5599935717678696,0.43308857225046954,0.006917855981715602
2014-07-02,0.3622485980065436,0.6300474568104544,0.007703945183056964
2014-07-03,0.6367152748850932,0.3548237567411643,0.008460968373797374
2014-07-07,0.4877169818800829,0.5065334247511912,0.005749593368780779
2014-07-08,0.3964208979794273,0.5978994652151255,0.005679636805501932
2014-07-09,0.6870961197383526,0.29953083571859895,0.013373044543103124
2014-07-10,0.028402523842319758,0.9367350559728719,0.034862420184863206
2014-07-11,0.46803769813111384,0.5102945651327426,0.021667736736198248
2014-07-14,0.9662896220003167,0.003404954852292344,0.030305423147445776
2014-07-15,0.0886597352316207,0.905526149419353,0.005814115349081049
2014-07-16,0.856948723160913,0.130944086067036,0.01210719077210578
2014-07-17,0.002706076313253507,0.9919763829443493,0.005317540742451976
2014-07-18,0.9680488729723171,0.0012874973352811137,0.030663629692456677
2014-07-21,0.027063156175880735,0.9657786216628225,0.007158222161351729
2014-07-22,0.7745820806153125,0.2135880407033238,0.011829878681418686
2014-07-23,0.16063952282067487,0.8366144312521495,0.0027460459272307396
2014-07-24,0.9858778955314639,8.318560637041227e-05,0.014038918862220858
2014-07-25,0.0011017890692823224,0.9957768773188455,0.0031213336119273044
2014-07-28,0.7851637257475004,0.20008556353106136,0.014750710721493395
2014-07-29,0.30146582178674886,0.6923886978850932,0.006145480328213036
2014-07-30,0.4885394534715501,0.5051459923281428,0.006314554200362077
2014-07-31,0.6187645389471276,0.3737274176038927,0.007508043449034576
2014-08-01,0.506457090868255,0.487853022033771,0.0056898870980288925
2014-08-04,0.37462404221480966,0.618367042937533,0.007008914847712279
2014-08-05,0.8674989122156747,0.11329779876411078,0.01920328902026942
2014-08-06,0.029052430735957178,0.9601062453629859,0.010841323901111834
2014-08-07,0.5983622319136784,0.38594854443323695,0.015689223653139427
2014-08-08,0.5842765450774874,0.40476348635547915,0.010959968567088238
2014-08-11,0.02615031785370013,0.9649893280156224,0.008860354130732351
2014-08-12,0.9158308811318095,0.0639249836526146,0.02024413521563098
2014-08-13,0.44164060560610063,0.5490366926861054,0.009322701707848812
2014-08-14,0.2084049471207576,0.7869765336136694,0.004618519265627857
2014-08-15,0.985502219946108,0.0018238517639895002,0.012673928289957576
2014-08-18,0.008747584897001335,0.9893365168316414,0.001915898271412367
2014-08-19,0.9579269979176923,0.028052981593586872,0.01402002048877578
2014-08-20,0.022749222513346382,0.9745713002912757,0.002679477195432988
2014-08-21,0.8470387354565472,0.1444338369049315,0.008527427638576262
2014-08-22,0.2923798617555077,0.704834608286576,0.002785529957971057
2014-08-25,0.5938305095411124,0.4010775796826688,0.005091910776273656
2014-08-26,0.4155285353657887,0.5806802212417921,0.0037912433924740946
2014-08-27,0.5505767421700104,0.44426527326115756,0.005157984568886895
2014-08-28,0.38553136914846664,0.6080689570473771,0.006399673804211075
2014-08-29,0.5145313515310884,0.4780354453202134,0.007433203148752817
2014-09-02,0.7141525413331611,0.2752774307250802,0.01057002794181348
2014-09-03,0.3370048065801385,0.6546524615101603,0.008342731909755943
2014-09-04,0.4875941964725804,0.5029847872200709,0.00942101630740333
2014-09-05,0.4585012177785796,0.5365495012289327,0.004949280992542349
2014-09-08,0.5414122105857312,0.45317531140161316,0.00541247801271023
2014-09-09,0.5486094572051674,0.4457420491059485,0.005648493688938747
2014-09-10,0.2690783410377734,0.7283386142657858,0.002583044696495583
2014-09-11,0.9475678281632197,0.04303072121789781,0.009401450618937393
2014-09-12,0.18347205368611233,0.813638008993696,0.0028899373202465528
2014-09-15,0.63350206791461,0.360135594354844,0.00636233773060106
2014-09-16,0.42019589525282425,0.574020729820359,0.005783374926871681
2014-09-17,0.43299278229874427,0.5528282606718414,0.014178957029469284
2014-09-18,0.5281034951774356,0.44000757349907504,0.031888931323544194
2014-09-19,0.9437822799747257,0.005115420582337696,0.051102299442991446
2014-09-22,0.35568078566128614,0.6245178008675224,0.019801413471246185
2014-09-23,0.5852218470698958,0.4048004016282736,0.009977751301885357
2014-09-24,0.34609984650715697,0.6484071565669538,0.005492996925944018
2014-09-25,0.7067399035258689,0.27872580791481133,0.01453428855937475
2014-09-26,0.23121830869552745,0.7567561925975511,0.01202549870697637
2014-09-29,0.37060790147302225,0.6167236590315529,0.012668439495479779
2014-09-30,0.9611854303626999,0.008231939496513706,0.03058263014084122
2014-10-01,0.016230003105590935,0.9776972790977783,0.006072717796685531
2014-10-02,0.8426868612093279,0.141458015535611,0.015855123255115865
2014-10-03,0.49493180304939066,0.4950666360070855,0.010001560943578448
2014-10-06,0.09960292238739177,0.8812877234302754,0.01910935418238731
2014-10-07,0.5533853742042752,0.43186932591103533,0.014745299884744014
2014-10-08,0.6459679875534405,0.3344307092039671,0.019601303242647132
2014-10-09,0.002946871732392819,0.9802135587663128,0.01683956950134923
2014-10-10,0.774378796578865,0.21197652008808096,0.01364468333310876
2014-10-13,0.3222638965948193,0.6734056157657444,0.004330487639491054
2014-10-14,0.5751978091909965,0.41768405644860107,0.007118134360457174
2014-10-15,0.35428245259988445,0.6419942908437969,0.0037232565563734216
2014-10-16,0.5609284137222621,0.4340981622667914,0.004973424011001171
2014-10-17,0.3920677190898501,0.6047868586270093,0.0031454222831951216
2014-10-20,0.6625397992878588,0.3322330598953932,0.00522714081680252
2014-10-21,0.15451325410744524,0.8415401738919072,0.003946572000702011
2014-10-22,0.954150166749183,0.03555947582169205,0.010290357429179341
2014-10-23,0.298149819697317,0.6989426048461457,0.0029075754565917244
2014-10-24,0.6177949073225685,0.3770316376416123,0.005173455035873599
2014-10-27,0.36001116649682874,0.6353076408832709,0.004681192619954734
2014-10-28,0.6044150147794862,0.37896549984414357,0.016619485376424697
2014-10-29,0.19482149740862992,0.7602354635459283,0.044943039045496236
2014-10-30,0.8435647971620494,1.3874639211564279e-08,0.1564351889633658
2014-10-31,0.6401060369785265,0.22301307437265153,0.13688088864887626
2014-11-03,0.05738000463327107,0.8536777946043257,0.08894220076245747
2014-11-04,0.7468981634761132,0.07851284280351539,0.17458899372042566
2014-11-05,0.36376237232070713,0.4602814618321763,0.17595616584717066
2014-11-06,0.42710880713070787,0.48878057678327314,0.08411061608607291
2014-11-07,0.23621600626343778,0.724144691095528,0.03963930264108828
2014-11-10,0.5845288380720869,0.40019211491458156,0.015279047013385377
2014-11-11,0.45195144079526695,0.5403205351144865,0.0077280240903006454
2014-11-12,0.40149296582396166,0.5881771514748243,0.01032988270126818
2014-11-13,0.6788033251286131,0.291193292266327,0.030003382605114207
2014-11-14,9.83628745336436e-06,0.9011890705312485,0.09880109318135255
2014-11-17,0.8761742246887639,0.025593581169349976,0.09823219414194066
2014-11-18,0.22829144751869118,0.7355996345218567,0.0361089179595064
2014-11-19,0.4153008986993093,0.5641139766615796,0.020585124639165273
2014-11-20,0.7393694453229672,0.23239194070254351,0.028238613974543594
2014-11-21,0.024491474609107618,0.9382702986541096,0.03723822673683712
2014-11-24,0.669384419456577,0.27986735381990374,0.050748226723573694
2014-11-25,0.37141950848845434,0.5551229472885436,0.07345754422305648
2014-11-26,0.0043603434852104335,0.6690471885863176,0.3265924679285263
2014-11-28,4.934957128811057e-05,1.471265759080023e-10,0.9999506502816397
2014-12-01,5.1778861728369005e-19,0.001124412953880258,0.9988755870461742
2014-12-02,0.0015509464975745834,0.3581474424719539,0.6403016110305259
2014-12-03,0.2929866137831729,0.3912291818624748,0.3157842043544067
2014-12-04,0.200033161264207,0.6116868968143501,0.1882799419214973
2014-12-05,0.6632229700711472,0.09595604402772129,0.24082098590118597
2014-12-08,0.06605672595246066,0.6763761983552671,0.25756707569232673
2014-12-09,3.3059407199302166e-06,0.11027216710794754,0.8897245269513869
2014-12-10,0.07439292209753094,0.3976834410374571,0.5279236368650662
2014-12-11,0.3068452841887868,0.20563706944311475,0.48751764636815276
2014-12-12,0.0052874556472208975,0.42950944781241013,0.5652030965404233
2014-12-15,0.004763430307303049,0.002656372759488149,0.992580196933263
2014-12-16,0.0020116639918376722,2.5602652273546748e-06,0.997985775742989
2014-12-17,3.180446944615333e-06,0.8446823316583512,0.155314487894758
2014-12-18,0.7170680643251628,0.21293482724740403,0.06999710842748688
2014-12-19,0.1129496914472268,0.8715224024688265,0.015527906084000294
2014-12-22,0.9536348133303146,0.015237299849320136,0.031127886820418865
2014-12-23,0.04378965662372012,0.9510271272734059,0.005183216102927757
2014-12-24,0.8656117975400385,0.12038739007872093,0.014000812381294143
2014-12-26,0.0008533695988159076,0.9913574045046194,0.0077892258966185115
2014-12-29,0.98031027481272,0.00019479380476697172,0.01949493138256702
2014-12-30,8.662544077290934e-08,0.996557937610296,0.003441975764317281
2014-12-31,0.9579715996043575,6.542883517232372e-10,0.04202839974140822
2015-01-02,0.0008442007428992418,0.9709838458228993,0.028171953434255447
2015-01-05,0.0013991582210497572,0.7247255947545873,0.2738752470244171
2015-01-06,0.029126683493840167,0.7450176281913965,0.22585568831481717
2015-01-07,0.6181531070923942,0.25163370083618064,0.13021319207147883
2015-01-08,0.29813208927233104,0.624159884972191,0.07770802575553178
2015-01-09,0.5925995352165362,0.2950974525844504,0.1123030121990671
2015-01-12,0.02861829356023994,0.7465252750521512,0.22485643138766256
2015-01-13,0.012077184268471736,0.062106839759208006,0.9258159759723736
2015-01-14,0.06483155318670927,0.03320137707816548,0.9019670697351787
2015-01-15,0.004725510575249369,0.17291557605731384,0.8223589133674903
2015-01-16,0.002119074129853666,0.020586510183807083,0.9772944156863929
2015-01-20,0.007739393087200653,0.5298923877989205,0.46236821911393255
2015-01-21,0.41354899628313685,0.247620414194747,0.3388305895221696
2015-01-22,0.18553312952773693,0.5501750425798748,0.2642918278924417
2015-01-23,0.3648604620224548,0.4705577706894105,0.16458176728818816
2015-01-26,0.4479387724759842,0.3557467137722062,0.19631451375186315
2015-01-27,0.42184023493716555,0.38235749681903264,0.19580226824385538
2015-01-28,0.0021796215078213462,0.6462013772343603,0.35161900125787193
2015-01-29,0.0006400374624420711,5.320122587492565e-16,0.999359962537611
2015-01-30,1.5205228145939174e-10,0.912652858821452,0.08734714102654957
2015-02-02,0.7101585754926398,0.23913701567737794,0.05070440883003633
2015-02-03,0.3243574503390021,0.657036250276451,0.01860629938460081
2015-02-04,0.537621123345864,0.4379975241922836,0.024381352461906265
2015-02-05,0.3428195795187259,0.6182140424118553,0.03896637806947277
2015-02-06,0.8751577643820372,0.03333660863695774,0.09150562698105891
2015-02-09,0.00019207591830863816,0.9908973256167196,0.008910598465025578
2015-02-10,0.9445461740515698,0.03701701175788026,0.01843681419060384
2015-02-11,0.14499013261820312,0.848754442202773,0.006255425179077837
2015-02-12,0.8989476247811599,0.07016903730543565,0.03088333791345827
2015-02-13,9.972063680110495e-06,0.9648454476910415,0.03514458024533231
2015-02-17,0.8064017796791082,3.406784941067286e-12,0.19359822031753884
2015-02-18,0.5389583655401613,0.319860927788532,0.14118070667136076
2015-02-19,0.1679999260835126,0.8049509328446186,0.027049141071922873
2015-02-20,0.7827995215378866,0.19682294786550988,0.020377530596657686
2015-02-23,0.21363034372169867,0.7802955523039997,0.006074103974355528
2015-02-24,0.7999105566608793,0.18318567879911896,0.016903764540055686
2015-02-25,0.034715428907523084,0.9431974564527034,0.022087114639827404
2015-02-26,0.04346743114039685,0.9143208780232475,0.0422116908364097
2015-02-27,0.82936045702975,0.11128747702294861,0.05935206594735524
2015-03-02,0.25268746095645606,0.7332549588996392,0.014057580143958763
2015-03-03,0.669858272574294,0.31918847125766453,0.010953256168095494
2015-03-04,0.4292343262971193,0.5653932842714979,0.005372389431436626
2015-03-05,0.4334629239699746,0.561911990404914,0.004625085625165132
2015-03-06,0.6234667651125135,0.37097314426442923,0.005560090623111148
2015-03-09,0.46408520168045136,0.5316830257067232,0.004231772612879329
2015-03-10,0.46675963823194017,0.5287830756707148,0.004457286097398818
2015-03-11,0.5448219259764083,0.4492344320199036,0.005943642003741975
2015-03-12,0.4375952884739303,0.5565069283452377,0.0058977831808856756
2015-03-13,0.4875985818761136,0.501241704937949,0.011159713185991347
2015-03-16,0.4136487392970815,0.5721603900216891,0.014190870681283451
2015-03-17,0.5878449354296286,0.3648823210492115,0.04727274352121399
2015-03-18,0.02854767579677717,0.7859694118670382,0.18548291233623887
2015-03-19,2.878542861262156e-05,0.0559336742726812,0.9440375402987604
2015-03-20,0.00109029341954202,0.11613895107939105,0.8827707555011213
2015-03-23,0.10261827157053349,0.5179177663890734,0.37946396204044747
2015-03-24,0.43135155168650025,0.4385126023607786,0.13013584595277553
2015-03-25,0.38051906494286397,0.5815667333875654,0.037914201669624836
2015-03-26,0.6060239557805358,0.3617307348639439,0.03224530935557431
2015-03-27,0.2719668860307536,0.7191965747808102,0.00883653918849034
2015-03-30,0.8221024194745815,0.1599509780070456,0.01794660251842694
2015-03-31,0.5280481452198497,0.45970493256939254,0.012246922210811922
2015-04-01,0.0012496031092925726,0.9845925108825664,0.014157886008194955
2015-04-02,0.9731088278428899,1.8352513309384408e-05,0.026872819643854455
2015-04-06,1.2352443843288257e-05,0.9931015327022215,0.00688611485398893
2015-04-07,0.9208689673854386,0.033216033038814645,0.045914999575800364
2015-04-08,0.6047404318905796,0.3571533527466195,0.03810621536285421
2015-04-09,0.6713898652566795,0.3004562113623544,0.02815392338101968
2015-04-10,0.00801841277070695,0.9784726928527444,0.01350889437660239
2015-04-13,0.7584339315136442,0.22303748151499708,0.01852858697141247
2015-04-14,0.5053287356373061,0.479645283355901,0.01502598100684668
2015-04-15,0.19722414820618625,0.792446607691706,0.0103292441021616
2015-04-16,0.8035758963608272,0.18405601150864825,0.01236809213057858
2015-04-17,0.22999355481811973,0.7632448329354506,0.006761612246483703
2015-04-20,0.8066849445797692,0.16925536451746773,0.024059690902817146
2015-04-21,0.060965892307113065,0.9335836139768808,0.005450493716060217
2015-04-22,0.9066336263099428,0.07780249924879629,0.015563874441314773
2015-04-23,0.16455799764746118,0.8284746423686882,0.006967359983904487
2015-04-24,0.8869372273707433,0.07390374991255792,0.039159022716752444
2015-04-27,7.320249408560721e-10,0.9610461641621033,0.038953835105925524
2015-04-28,0.6898960744037895,0.2760941594057003,0.034009766190563825
2015-04-29,0.15993279567668606,0.822036309298312,0.018030895025055706
2015-04-30,0.9375171317404885,1.8898625851633495e-06,0.06248097839698002
2015-05-01,0.08056735885433416,0.8826510531195105,0.03678158802620881
2015-05-04,0.004682146547301028,0.963346765489564,0.03197108796318857
2015-05-05,0.7254967669651011,0.25103868704905363,0.02346454598589875
2015-05-06,0.2757028514842053,0.7117708330363645,0.012526315479483694
2015-05-07,0.804117217243818,0.16929304620321822,0.02658973655301727
2015-05-08,0.02338975727859533,0.9395478541637766,0.03706238855768164
2015-05-11,0.7324604285419988,0.07478055583908187,0.1927590156189729
2015-05-12,0.0028446079108844294,0.78956221158837,0.20759318050079928
2015-05-13,0.18000295975977523,0.08251386675180739,0.737483173488471
2015-05-14,0.06290728422286138,0.7098949626276951,0.22719775314949722
2015-05-15,0.5820999912497374,0.28872628546991236,0.129173723280404
2015-05-18,0.24225674982126122,0.6526148419389156,0.10512840823987683
2015-05-19,0.8792180437623012,0.0012280074829631841,0.11955394875478914
2015-05-20,0.08877636198979853,0.883154057195875,0.028069580814379692
2015-05-21,0.6868179192824235,0.2997483432468961,0.01343373747073364
2015-05-22,0.30685957606502795,0.6888799910668542,0.004260432868171332
2015-05-26,0.7303421750528912,0.261723206671449,0.007934618275713099
2015-05-27,0.30363430101279065,0.6925719655949131,0.0037937333923494217
2015-05-28,0.6916514788412612,0.2985714876058062,0.009777033552985889
2015-05-29,0.2634434461986798,0.7327594153109107,0.0037971384904626317
2015-06-01,0.7644141804392952,0.22658481989598467,0.009000999664773131
2015-06-02,0.12489069169297527,0.8696792342095074,0.005430074097570372
2015-06-03,0.9444444247395998,0.02074450313974881,0.03481107212070419
2015-06-04,0.2267625282353822,0.7476477362248161,0.025589735539854278
2015-06-05,0.6694249580366829,0.3149263527495821,0.01564868921378763
2015-06-08,0.2144823101940984,0.7794122518829947,0.006105437922959414
2015-06-09,0.6724649027347577,0.3189821020598692,0.008552995205425644
2015-06-10,0.27935643057709436,0.715905889459955,0.004737679963003077
2015-06-11,0.5974016610971603,0.3941225333073398,0.008475805595552222
2015-06-12,0.3582098560047708,0.6330832867371986,0.008706857258083069
2015-06-15,0.43652597303046925,0.547218392302129,0.016255634667454593
2015-06-16,0.5880661780569592,0.4018739088040797,0.010059913139013837
2015-06-17,0.3172093582734329,0.6772982642602979,0.005492377466321674
2015-06-18,0.615037614149861,0.3756813446288416,0.009281041221350015
2015-06-19,0.4465293747750471,0.5482282071176914,0.00524241810731393
2015-06-22,0.43978867557522616,0.5547819891665995,0.005429335258226966
2015-06-23,0.8113855371833937,0.1777746001775422,0.010839862639116613
2015-06-24,0.21344603491471287,0.7816983414249722,0.0048556236603676944
2015-06-25,0.5865150359094953,0.40691055742368887,0.006574406666868779
2015-06-26,0.46547006439537747,0.528877950470325,0.005651985134350498
2015-06-29,0.4115696182581037,0.5804833340598015,0.00794704768214763
2015-06-30,0.5053090169690285,0.4866953911260059,0.007995591905018348
2015-07-01,0.4714761520999248,0.5163115089120205,0.01221233898810779
2015-07-02,0.5466001387440474,0.4271880284061237,0.026211832849881773
2015-07-06,0.12664056564549178,0.7745056993579233,0.0988537349966378
2015-07-07,0.7387250570034973,1.4807110483917493e-07,0.2612747949254506
2015-07-08,0.010609620858456984,0.9305622928441495,0.058828086297446486
2015-07-09,0.8040034259719386,0.14189249681272706,0.054104077215387195
2015-07-10,0.37268061890166393,0.6082679864906677,0.019051394607721383
2015-07-13,0.44395160956464264,0.5449757822771027,0.011072608158307604
2015-07-14,0.5346321654363136,0.45365411074933715,0.011713723814402135
2015-07-15,0.40781924676614095,0.5813396325592882,0.01084112067462394
2015-07-16,0.5256155340683638,0.46720984597464377,0.007174619957045562
2015-07-17,0.44889101813090426,0.5449708489997344,0.006138132869414411
2015-07-20,0.4557026830382382,0.5396369257263692,0.004660391235445648
2015-07-21,0.5584195855477547,0.43677670821393577,0.004803706238362658
2015-07-22,0.4928846435967451,0.5027141608099504,0.0044011955933578465
2015-07-23,0.4016308054474883,0.5939908905932052,0.004378303959359991
2015-07-24,0.673363501425532,0.31800214858684117,0.00863434998768019
2015-07-27,0.31744525338819213,0.6781344090645369,0.004420337547324382
2015-07-28,0.6559052351176001,0.33681709447862995,0.00727767040382314
2015-07-29,0.2656640753246334,0.7284348396215656,0.005901085053854219
2015-07-30,0.6539675080604298,0.33558498043785634,0.010447511501767152
2015-07-31,0.18674756272696566,0.8096687519183344,0.0035836853547530916
2015-08-03,0.9832367049246048,0.003984044913917203,0.012779250161531152
2015-08-04,0.020410552197732034,0.9761369165958056,0.003452531206515501
2015-08-05,0.7708032696444278,0.21930344512918945,0.009893285226435934
2015-08-06,0.2390192722119324,0.7538525130685749,0.0071282147195456
2015-08-07,0.7116947899014593,0.2594260156080102,0.02887919449058364
2015-08-10,0.033998697955582934,0.9019361867541655,0.06406511529030458
2015-08-11,0.6770448368543078,0.29314178454173045,0.029813378604014715
2015-08-12,0.3741856003809423,0.6160515927184341,0.009762806900676498
2015-08-13,0.5058093041898787,0.48215500867076233,0.012035687139411926
2015-08-14,0.5766122108946048,0.3988765540674935,0.02451123503795445
2015-08-17,0.12172146201967098,0.8227963931412379,0.055482144839143904
2015-08-18,0.8028176096631765,8.942045371913196e-05,0.197092969883157
2015-08-19,3.7308298984096584e-05,0.8311576023597406,0.16880508934132804
2015-08-20,0.03625501645895874,0.23808891725893214,0.7256560662821617
2015-08-21,0.018483101615162294,0.032384343946515314,0.9491325544383749
2015-08-24,0.017124424084763935,1.2819797703922993e-06,0.9828742939355183
2015-08-25,0.00034584065712016653,0.16263341243720067,0.8370207469057318
2015-08-26,0.056771698086066455,0.0007154247872059954,0.9425128771267801
2015-08-27,9.9712936673483e-06,0.5917795416178511,0.4082104870885343
2015-08-28,0.3498023602921087,0.5303583424987066,0.11983929720923761
2015-08-31,0.4823781582576899,0.4846396041765423,0.03298223756582062
2015-09-01,0.44155921162273504,0.5480311699100073,0.01040961846731047
2015-09-02,0.5658552999065211,0.42603801703765265,0.008106683055878855
2015-09-03,0.3151027095974202,0.6792139126592687,0.005683377743363729
2015-09-04,0.7839935287637217,0.20183559465062384,0.014170876585706597
2015-09-08,0.0676362755255498,0.9287048869907762,0.0036588374837262247
2015-09-09,0.9242318313080452,0.06408835539562029,0.011679813296386805
2015-09-10,0.18259647180300448,0.8140783939691442,0.0033251342279036304
2015-09-11,0.8327217187301569,0.15155628222644846,0.015721999043447073
2015-09-14,0.24206527443016643,0.7481603110772663,0.009774414492619673
2015-09-15,0.7268906101757451,0.23997579344993947,0.033133596374368045
2015-09-16,0.000288904922392391,0.9163048189916448,0.08340627608601534
2015-09-17,0.7002064147282222,0.2392630594310709,0.06053052584075948
2015-09-18,0.3838913220865875,0.5569374230862735,0.059171254827191405
2015-09-21,0.19299150627375006,0.7102997711072536,0.09670872261904875
2015-09-22,0.8171213079579531,0.0021204700817200003,0.18075822196037944
2015-09-23,0.2606420527221717,0.5839308125608855,0.15542713471699526
2015-09-24,0.12062844686370508,0.5625879266492114,0.3167836264871361
2015-09-25,0.13941612398731826,0.4736034864575458,0.38698038955518876
2015-09-28,0.41293005890232365,2.739983274433976e-05,0.587042541264985
2015-09-29,0.06571009860717344,0.4691079323954259,0.4651819689974537
2015-09-30,0.3720246392561938,0.14397367582488954,0.48400168491896983
2015-10-01,0.060398287393662625,0.4481202330585286,0.4914814795478619
2015-10-02,1.2827129979450277e-06,0.09314625160210996,0.906852465684945
2015-10-05,0.013976423761810295,0.1699743767957604,0.8160491994424821
2015-10-06,0.124737208868542,0.5195143956293861,0.35574839550212484
2015-10-07,0.2927729752472145,0.5889772846971247,0.11824974005571366
2015-10-08,0.7499960996322151,0.12290410870915622,0.12709979165868135
2015-10-09,0.3077705758277333,0.6549802190802971,0.037249205092022404
2015-10-12,0.5271285306763138,0.4601514427598919,0.012720026563846932
2015-10-13,0.483077161902891,0.5102897062618753,0.0066331318352862816
2015-10-14,0.4433224690725212,0.5515522851482338,0.005125245779297536
2015-10-15,0.5611146813838056,0.43225468322283145,0.006630635393415664
2015-10-16,0.3022399159299363,0.6941646320468581,0.00359545202325813
2015-10-19,0.9249583425438186,0.06426734285389214,0.010774314602341727
2015-10-20,0.06843849816360176,0.9296113407901458,0.001950161046304726
2015-10-21,0.9598963036960623,0.027169540175153665,0.012934156128836298
2015-10-22,0.0057713788966428725,0.9904349820628001,0.0037936390406090184
2015-10-23,0.723635591479621,0.2602612252614389,0.016103183258991995
2015-10-26,0.2390644100034569,0.7457621552356288,0.015173434760966154
2015-10-27,0.6895362590368989,0.24725941040036906,0.06320433056278393
2015-10-28,3.9403335378741016e-05,0.838145321570329,0.16181527509434418
2015-10-29,0.6512618385533167,2.995731277538422e-10,0.34873816114716216
2015-10-30,0.1241318471668095,0.7458899771434853,0.12997817568975714
2015-11-02,0.7278687612609087,0.194452495543842,0.07767874319530096
2015-11-03,0.32985594324871736,0.6430565600590394,0.02708749669229502
2015-11-04,0.5859739433446987,0.40052353116762085,0.013502525487731964
2015-11-05,0.3917023311911637,0.6007232604662525,0.0075744083426353
2015-11-06,0.6672757958335341,0.3183772739319601,0.014346930234557286
2015-11-09,0.3515893867188539,0.6261636807486258,0.022246932532571755
2015-11-10,0.6081137626046598,0.3793766169392567,0.01250962045613501
2015-11-11,0.3428927965272059,0.6499583910148755,0.0071488124579699545
2015-11-12,0.5973880517541066,0.3956857247703275,0.006926223475617263
2015-11-13,0.4223024632939592,0.573456244570762,0.004241292135330187
2015-11-16,0.5293907141410821,0.4653060910671264,0.005303194791842942
2015-11-17,0.44492498161738187,0.5502948684800253,0.004780149902644082
2015-11-18,0.5392863074579968,0.4532706462461294,0.0074430462959250016
2015-11-19,0.30127199114569864,0.692965638355907,0.005762370498445619
2015-11-20,0.6777082625265665,0.3137558996242017,0.008535837849282947
2015-11-23,0.44335416875730516,0.5511537423173821,0.005492088925363929
2015-11-24,0.4304524422216255,0.5609620161595986,0.008585541618827132
2015-11-25,0.40561244266452046,0.5880715140213565,0.006316043314174182
2015-11-27,0.6418808600354914,0.3495780020767048,0.008541137887855012
2015-11-30,0.34948290544319216,0.6453688419914818,0.005148252565377416
2015-12-01,0.5570612636389027,0.4357530764000093,0.00718565996113904
2015-12-02,0.4192285576701915,0.5703495958091591,0.01042184652070045
2015-12-03,0.5531942146310035,0.4124974523117853,0.03430833305726239
2015-12-04,0.0003287679455698582,0.9061325529448736,0.09353867910960778
2015-12-07,0.8831096338781311,0.014176296455318843,0.10271406966660127
2015-12-08,0.1323187159200967,0.828668423760997,0.03901286031895757
2015-12-09,0.7557396210849444,0.2191270131548407,0.025133365760266122
2015-12-10,0.24266213426632077,0.7452118327948108,0.012126032938919309
2015-12-11,0.744123925902432,0.21733142153446175,0.038544652563157124
2015-12-14,0.4111985361231311,0.5587692782952824,0.030032185581637227
2015-12-15,0.3562903756191821,0.6054185187372277,0.038291105643640994
2015-12-16,0.000417974810761403,0.967458147586769,0.03212387760252034
2015-12-17,0.9560171356475824,6.462853870220725e-07,0.043982218067081094
2015-12-18,1.6256653492796803e-06,0.9912104082734009,0.008787966061300233
2015-12-21,0.5585738403232069,0.41949738896005345,0.02192877071678994
2015-12-22,0.41792799593706764,0.5719969252498066,0.010075078813176017
2015-12-23,0.6274182911027427,0.36263735273847203,0.00994435615883537
2015-12-24,0.17098321606815886,0.8185700373015119,0.010446746630379485
2015-12-28,0.9582020227388383,7.788839172133831e-06,0.04179018842203977
2015-12-29,0.04193888179221594,0.9477565235701696,0.010304594637664534
2015-12-30,0.7765593521384141,0.21149821487032222,0.011942432991313872
2015-12-31,0.32507190439242095,0.6679976873281769,0.006930408279452443
2016-01-04,0.4949544165053184,0.48740549224868834,0.01764009124604344
2016-01-05,0.14854695702051907,0.839621102039652,0.011831940939879115
2016-01-06,0.8223269331622461,0.1625656783055633,0.01510738853224082
2016-01-07,0.000984495846642233,0.9962400535123186,0.0027754506410891293
2016-01-08,0.9874883718828924,2.964107040341387e-06,0.012508664010117385
2016-01-11,0.13244554975147196,0.8649624094163267,0.0025920408322515254
2016-01-12,0.8970874927359815,0.09236580033441169,0.010546706929656806
2016-01-13,1.1899911875684175e-05,0.9961744711615788,0.003813628926595691
2016-01-14,0.9818972068059327,1.1794515893572674e-05,0.01809099867822373
2016-01-15,0.0067002355150996415,0.98991514912275,0.003384615362200233
2016-01-18,0.8340178287667456,0.15149131163669055,0.014490859596613595
2016-01-19,0.07387737962393544,0.9152896425918332,0.010832977784281153
2016-01-20,0.5439329178121766,0.44334556800138714,0.012721514186485958
2016-01-21,0.5415510186790108,0.44481278341788266,0.013636197903156042
2016-01-22,0.5488645693192187,0.43235701005477334,0.01877842062605748
2016-01-25,0.15941759434893013,0.8113622835999259,0.029220122051193516
2016-01-26,0.5104699393683254,0.43753774331700623,0.05199231731471794
2016-01-27,0.682792429464077,0.2728461285551626,0.044361441980810074
2016-01-28,0.28997671266350034,0.6733023779862147,0.036720909350334605
2016-01-29,0.48043584498776104,0.5021764831351391,0.017387671877149624
2016-02-01,0.4588303829526078,0.5320711358516939,0.009098481195748265
2016-02-02,0.5646303555649347,0.42184389793651694,0.013525746498597984
2016-02-03,0.2900211548660323,0.6790265105725429,0.0309523345614741
2016-02-04,0.5478032882664352,0.4019801723419312,0.050216539391683045
2016-02-05,0.29711239036324893,0.5771313916954842,0.1257562179413162
2016-02-08,0.0016159404807259711,0.4229436646538657,0.5754403948654575
2016-02-09,0.29670994383958255,0.37573339232808267,0.3275566638323838
2016-02-10,0.35587284065507974,0.3277465807484943,0.31638057859647506
2016-02-11,0.01402450800438018,0.6046099673561324,0.3813655246395364
2016-02-12,0.29447049463525954,0.6039815726666392,0.10154793269815032
2016-02-16,0.7798212645531784,0.11107241493887555,0.10910632050799482
2016-02-17,0.22967702315619912,0.7434191997064877,0.026903777137361952
2016-02-18,0.6174670115373806,0.36848029971014234,0.014052688752525697
2016-02-19,0.3335671951322616,0.6610930485162303,0.005339756351556708
2016-02-22,0.7088193384827738,0.28222686479126147,0.00895379672601316
2016-02-23,0.16055496201571345,0.833540265014899,0.00590477296943602
2016-02-24,0.7170408284506421,0.27339593399975104,0.009563237549655311
2016-02-25,0.2638592807146118,0.7286102854800709,0.007530433805365706
2016-02-26,0.965699733134894,0.010229908300204805,0.024070358564949417
2016-02-29,0.004580365867073816,0.992094443360485,0.003325190772489555
2016-03-01,0.949029415317723,0.03557497364221083,0.015395611040114391
2016-03-02,0.006865287797419915,0.9863636476100321,0.006771064592595933
2016-03-03,0.8201071996521557,0.1383342884106798,0.041558511937212425
2016-03-04,0.0016206116014645074,0.9295209765157244,0.06885841188285904
2016-03-07,0.7144405559775288,0.2576492606243971,0.027910183398122197
2016-03-08,0.7608375954671786,0.21555360143439864,0.023608803098470826
2016-03-09,0.35119425558513073,0.6407675665756203,0.008038177839297164
2016-03-10,0.5536999039112303,0.4372994700236637,0.009000626065154069
2016-03-11,0.3522304189887576,0.6399449585765191,0.007824622434771061
2016-03-14,0.531460779824526,0.45948277773413665,0.009056442441385098
2016-03-15,0.5102984664855303,0.47442339747244827,0.015278136042068933
2016-03-16,0.7386304781840958,0.2428416427555899,0.018527879060362146
2016-03-17,5.0311201127634936e-08,0.9753126223056214,0.02468732738322508
2016-03-18,0.9522523995277968,0.008126423094289154,0.03962117737796156
2016-03-21,0.2422574833109091,0.7395205832425322,0.01822193344660648
2016-03-22,0.30304562212026537,0.6670736200010521,0.029880757878730263
2016-03-23,0.9320890067183611,0.00011911677341636157,0.06779187650827018
2016-03-24,0.23761781666543946,0.7444180196950922,0.017964163639515893
2016-03-28,0.6911602038368412,0.2975753650758961,0.011264431087310253
2016-03-29,0.22644718184046966,0.7703820374123914,0.0031707807471861678
2016-03-30,0.7869250956969708,0.20431534109774008,0.008759563205336753
2016-03-31,0.013896550262269661,0.9826747768177788,0.0034286729199992138
2016-04-01,0.9830293141071507,7.733419306762706e-05,0.016893351699829487
2016-04-04,0.5118568813388653,0.47753109246060743,0.010612026200575055
2016-04-05,0.16390416815371445,0.817182770491751,0.018913061354582202
2016-04-06,0.7432113114940433,0.21528587257535606,0.04150281593064841
2016-04-07,0.17759264874148697,0.7566537907199498,0.06575356053861071
2016-04-08,0.07585077224052571,0.5706974484983016,0.3534517792612201
2016-04-11,0.05448952136718523,0.1496601626962771,0.7958503159365851
2016-04-12,0.10279428933811313,0.47241416143274645,0.42479154922918766
2016-04-13,0.294045539416041,0.5309419128187611,0.17501254776524514
2016-04-14,0.5787504040427863,0.2849882088748711,0.1362613870823897
2016-04-15,0.12391773162540973,0.7579623034233834,0.11811996495125372
2016-04-18,0.49360242691193157,0.2869600893507564,0.219437483737359
2016-04-19,0.0006572410192545959,0.5979627874298454,0.4013799715509471
2016-04-20,0.2901037755885656,0.5662386616337265,0.1436575627777552
2016-04-21,0.49958651778656266,0.4572868312334372,0.04312665098004728
2016-04-22,0.4427896666225545,0.5412308994055282,0.01597943397196471
2016-04-25,0.4691933381504872,0.5231215633758658,0.0076850984736943125
2016-04-26,0.5049234965036868,0.4893723284453493,0.0057041750510111126
2016-04-27,0.48676612452524265,0.5072719668986521,0.0059619085761524965
2016-04-28,0.5192044571446273,0.4731114291195957,0.007684113735824272
2016-04-29,0.4361554973198114,0.5570019221166896,0.006842580563545937
2016-05-02,0.4970835995725892,0.4946182831766273,0.008298117250830217
2016-05-03,0.5966496458397625,0.3951449256510166,0.00820542850926758
2016-05-04,0.37861298729905785,0.6144565943802892,0.006930418320699757
2016-05-05,0.6009283674133366,0.3883237322799763,0.010747900306733843
2016-05-06,0.1851312214758223,0.8056403162690803,0.009228462255143986
2016-05-09,0.9639710605470726,0.012398774841103962,0.02363016461187005
2016-05-10,0.2824232587859231,0.7097594789440987,0.007817262270024753
2016-05-11,0.4598340660613063,0.5325384608172407,0.007627473121499558
2016-05-12,0.7138390776393765,0.27700724990541026,0.009153672455259653
2016-05-13,0.33317347422539934,0.6613653624428179,0.00546116333182896
2016-05-16,0.525710283919296,0.46455358025493626,0.009736135825813862
2016-05-17,0.5137208352751058,0.467375432951109,0.018903731773831308
2016-05-18,0.20605712115470895,0.7334549232284557,0.060487955616881375
2016-05-19,0.7798145362625978,0.00263445429399234,0.21755100944345604
2016-05-20,0.11765265116242195,0.8273807773399021,0.05496657149772226
2016-05-23,0.681633410248668,0.29281901307838787,0.02554757667299051
2016-05-24,0.3177428598418829,0.6730478424833871,0.009209297674776379
2016-05-25,0.5580654163121314,0.4356550933701535,0.006279490317761414
2016-05-26,0.46883449697598917,0.526402103787709,0.004763399236348135
2016-05-27,0.46804880177682406,0.5262543609588018,0.0056968372644203135
2016-05-31,0.5500906462269545,0.4393668722133178,0.010542481559773905
2016-06-01,0.4329984645691113,0.5601243991145596,0.0068771363163753155
2016-06-02,0.5244575128449788,0.46758818316355255,0.00795430399151485
2016-06-03,0.4226107658740873,0.5677968503314401,0.009592383794518754
2016-06-06,0.3326779917475456,0.656799850333717,0.01052215791878357
2016-06-07,0.7386098809167725,0.23787283799415565,0.023517281089117967
2016-06-08,9.577920969832167e-06,0.9469129588269279,0.05307746325214843
2016-06-09,0.24989088916828223,0.6453162394957632,0.10479287133600086
2016-06-10,0.3430304481092659,0.6278895435304678,0.02908000836031255
2016-06-13,0.5866006372490059,0.4000621732323125,0.013337189518727751
2016-06-14,0.36109082349060556,0.6333803244293194,0.005528852080121171
2016-06-15,0.6147126270459341,0.37930661291875145,0.005980760035360645
2016-06-16,0.2961185230507818,0.7010882024130568,0.0027932745362075767
2016-06-17,0.8899491887323628,0.10163419855573402,0.008416612711949175
2016-06-20,0.20222497568973835,0.7956056577385435,0.002169366571764129
2016-06-21,0.7752769357157747,0.215531142894112,0.0091919213901594
2016-06-22,0.30632643503506685,0.6864152975246904,0.007258267440288841
2016-06-23,0.6798513976284909,0.2862665253390248,0.0338820770325304
2016-06-24,1.0797325565182441e-06,0.8841958947676947,0.11580302549979449
2016-06-27,0.121580341741333,0.7552640339105761,0.12315562434813644
2016-06-28,0.6061852855666616,0.23363013153821474,0.160184582895169
2016-06-29,0.010788034879733281,0.7367746313530539,0.252437333767258
2016-06-30,0.05988325903905683,0.3761070489977359,0.5640096919632527
2016-07-01,3.31482939477843e-06,0.10869162874509194,0.8913050564255587
2016-07-05,0.008232357155626941,0.5763982807468092,0.41536936209760933
2016-07-06,0.2290359463362583,0.6785742973532627,0.09238975631052479
2016-07-07,0.8903788951209352,0.009575972825690053,0.1000451320534206
2016-07-08,0.02960640433867956,0.9312412208796891,0.039152374781677206
2016-07-11,0.3979679963757548,0.5844557633504369,0.017576240273854054
2016-07-12,0.8099647148291121,0.17290254587328033,0.0171327392976533
2016-07-13,0.07893440013375828,0.9165562963396029,0.004509303526684865
2016-07-14,0.8488073050018783,0.14165704649551558,0.009535648502651895
2016-07-15,0.23620117226822548,0.7611594697736671,0.002639357958153125
2016-07-18,0.8014583249180811,0.19052063196492736,0.008021043117037364
2016-07-19,0.1595555156165948,0.8374504264930895,0.002994057890361541
2016-07-20,0.9619623886159484,0.020778606060109128,0.01725900532398813
2016-07-21,0.021138918701534493,0.9746538191587885,0.004207262139722707
2016-07-22,0.8174440713507504,0.17121313910530775,0.011342789543987318
2016-07-25,0.280199130686628,0.7159581937897018,0.003842675523715745
2016-07-26,0.7168642508807995,0.27269116666857657,0.010444582450669293
2016-07-27,0.10912425713668954,0.8770313268279568,0.013844416035399116
2016-07-28,0.4061477870626891,0.5832032300508715,0.010648982886484866
2016-07-29,0.7298705816593262,0.2568137702979223,0.0133156480427968
2016-08-01,0.013686111757532144,0.9646108796733713,0.021703008569141743
2016-08-02,0.5284712563256587,0.4627563930609122,0.008772350613474339
2016-08-03,0.7855123986942201,0.20353401512067765,0.010953586185147595
2016-08-04,0.16634416399084592,0.8293281660631175,0.004327669946082057
2016-08-05,0.9786979262139878,0.00036436761363515266,0.020937706172422646
2016-08-08,0.1119737014264815,0.881649474849643,0.006376823723921063
2016-08-09,0.8121671304125253,0.17506928450852066,0.012763585078999683
2016-08-10,0.05493622749178096,0.9352383465642464,0.009825425944018038
2016-08-11,0.7735572301457667,0.1878317554260936,0.03861101442818485
2016-08-12,0.7980092758042692,0.16260002467837134,0.03939069951740444
2016-08-15,0.10818090580356413,0.8744083438233907,0.017410750373090367
2016-08-16,0.5639395734681074,0.42476156319602576,0.01129886333591212
2016-08-17,0.7878864808775047,0.19648493740601047,0.0156285817165302
2016-08-18,0.18396619268194372,0.8024981551176171,0.013535652200484274
2016-08-19,0.9243735004633666,0.019601605936491795,0.05602489360018684
2016-08-22,0.672374213168943,0.27233619022331595,0.05528959660778628
2016-08-23,0.1671082629056594,0.8190517365811701,0.013840000513215432
2016-08-24,0.8630980372019924,0.11383364367702045,0.023068319121031997
2016-08-25,0.4526821918569808,0.5340493680786034,0.01326844006446086
2016-08-26,0.2577989366590663,0.7202929521379964,0.021908111202982077
2016-08-29,0.5096044834378556,0.480465884535808,0.00992963202638098
2016-08-30,0.6028836896732813,0.38663782029363525,0.010478490033128302
2016-08-31,0.3815323738067404,0.6048023751464808,0.013665251046823484
2016-09-01,0.5008689956693241,0.45127023148355705,0.04786077284716365
2016-09-02,0.06825289744943262,0.8036265987419753,0.12812050380863677
2016-09-06,0.0007586755992359017,0.9120334449440213,0.08720787945678757
2016-09-07,0.892275942262128,0.001859516806999802,0.10586454093091675
2016-09-08,0.24933284155299199,0.7037713834436722,0.046895775003380484
2016-09-09,0.584422534950663,0.3655771227918314,0.0500003422575501
2016-09-12,0.46693687150896723,0.4719308803886709,0.0611322481024065
2016-09-13,0.32353034304202116,0.6605030778790529,0.01596657907897047
2016-09-14,0.6068536585308212,0.3839126441624302,0.009233697306793113
2016-09-15,0.3254259315131706,0.6704414987848084,0.004132569702065485
2016-09-16,0.7544756195696308,0.23530648980440128,0.010217890626012282
2016-09-19,0.002764695563404077,0.9860073365534708,0.011227967883169472
2016-09-20,0.8156787862113326,0.14720479183492985,0.03711642195378196
2016-09-21,0.005606399714519776,0.9643802761804632,0.030013324105061422
2016-09-22,0.33558248855527334,0.6300549591261326,0.0343625523186383
2016-09-23,0.9389671396393596,0.012161755154690567,0.048871105205994345
2016-09-26,0.1929624333045063,0.7760935999991568,0.030943966696381366
2016-09-27,0.5329243658741748,0.3864151359358785,0.08066049818999117
2016-09-28,0.4172930542942207,0.5283482271754387,0.05435871853038504
2016-09-29,0.4855479804170148,0.4324224896696688,0.0820295299133608
2016-09-30,0.16103502978966258,0.6274855720157461,0.21147939819463582
2016-10-03,0.01021070693421225,0.21028287602579257,0.7795064170400401
2016-10-04,0.00011830888372916678,0.0014910748948052347,0.9983906162215104
2016-10-05,0.0016877736617262925,0.5782141364028976,0.4200980899354209
2016-10-06,0.3934364634872184,0.41861944515313926,0.1879440913596873
2016-10-07,0.38380839164865704,0.5650873096385574,0.051104298712830704
2016-10-10,0.5294414882407861,0.4421086153513589,0.028449896407900015
2016-10-11,0.34062875061951975,0.6301465325899067,0.02922471679061872
2016-10-12,0.5857896182179879,0.40065374649417945,0.013556635287878021
2016-10-13,0.3595191276000363,0.6337523731902969,0.0067284992097121285
2016-10-14,0.5330233863106963,0.46091129042239776,0.006065323266951116
2016-10-17,0.5616774270124455,0.4318309206124998,0.0064916523750998545
2016-10-18,0.2444818405326552,0.7476409370645084,0.007877222402881665
2016-10-19,0.5898867573339528,0.40319765978014815,0.006915582885944119
2016-10-20,0.44813309866285383,0.5471776466642833,0.004689254672908082
2016-10-21,0.5089054586744303,0.48565173854224886,0.00544280278336603
2016-10-24,0.4623497047627988,0.530664617785314,0.006985677451932209
2016-10-25,0.40155044003978735,0.5914782967150645,0.006971263245193289
2016-10-26,0.7421112903279876,0.24842001231426217,0.009468697357795312
2016-10-27,0.3459981345028095,0.6481789807600129,0.005822884737222889
2016-10-28,0.41971996741307416,0.5710774295764186,0.009202603010552346
2016-10-31,0.6661477628850273,0.3154763144210379,0.018375922693979842
2016-11-01,0.000953521390052189,0.9523022265061745,0.046744252103818516
2016-11-02,0.3680227449164845,0.608980734311972,0.02299652077158873
2016-11-03,0.8545110294138751,0.11853847248485071,0.026950498101319456
2016-11-04,0.2240159434407817,0.7670467076925115,0.008937348866752062
2016-11-07,0.7395988026167969,0.23541753318039113,0.024983664202857234
2016-11-08,0.09832157741652517,0.8588335267358577,0.04284489584766231
2016-11-09,0.5329906112911004,0.28487114913194717,0.18213823957699746
2016-11-10,0.0848382332618262,0.5885382120759322,0.32662355466228676
2016-11-11,0.003681789240106909,0.4119582117519198,0.5843599990080183
2016-11-14,4.6548019184269017e-07,4.961391782737184e-24,0.9999995345198536
2016-11-15,8.019026898212008e-05,0.7636099305361325,0.23630987919493082
2016-11-16,0.5615354313542278,0.3593169049072897,0.07914766373852813
2016-11-17,0.3129715804830072,0.6630814283459445,0.023946991171093928
2016-11-18,0.5608374009624799,0.4224676419093309,0.016694957128234857
2016-11-21,0.2557271826621166,0.7362203458889495,0.008052471448979765
2016-11-22,0.6354049722141023,0.35630864583650396,0.008286381949439607
2016-11-23,0.4330450063742141,0.5608852089037064,0.006069784722125457
2016-11-25,0.47534484174787817,0.5198309282518887,0.004824230000279073
2016-11-28,0.5818698773218005,0.412457284208149,0.005672838470096727
2016-11-29,0.3883883670343889,0.6072224622014663,0.004389170764191048
2016-11-30,0.6068840433195576,0.3852148728546816,0.007901083825806964
2016-12-01,0.4693566089579192,0.5230747309730153,0.007568660069111755
2016-12-02,0.3723109545146071,0.6082470103066139,0.01944203517882539
2016-12-05,0.44586772039969375,0.545579112700606,0.008553166899746738
2016-12-06,0.6636065806068349,0.3227209870852228,0.01367243230798889
2016-12-07,0.030048107393642696,0.9400354811423866,0.029916411464017505
2016-12-08,0.7215561333223552,0.25037935626838287,0.02806451040930823
2016-12-09,0.44683478715124775,0.5298742036924676,0.023291009156331092
2016-12-12,0.15792672731296237,0.7701868711060127,0.07188640158107132
2016-12-13,0.7827541727416994,0.007484503014023415,0.20976132424432364
2016-12-14,3.363228116024957e-05,0.797638599386336,0.20232776833255028
2016-12-15,0.02610360579782784,8.662215697241273e-15,0.97389639420221
2016-12-16,1.7945400686353917e-05,0.8774538684211577,0.12252818617820267
2016-12-19,0.7590576517842057,0.18240351028762236,0.058538837928218734
2016-12-20,0.28031485226146025,0.7041470029144233,0.015538144824163103
2016-12-21,0.6416677255311779,0.34286523459989704,0.015467039868971692
2016-12-22,0.3432716631086503,0.6478894512691057,0.00883888562229054
2016-12-23,0.4973303597427687,0.4885885666613886,0.014081073595889053
2016-12-27,0.2774796769601752,0.7089121320117094,0.013608191028161718
2016-12-28,0.6551722690560182,0.3331465468112983,0.011681184132729736
2016-12-29,0.2249671929005156,0.7706911026735881,0.0043417044259424775
2016-12-30,0.9741336458929577,0.010217270430022369,0.015649083677066175
2017-01-03,1.3689159194980708e-05,0.9937219047920186,0.006264406048832543
2017-01-04,0.7572436267595982,0.23230378819607428,0.010452585044373635
2017-01-05,0.23545053254682177,0.7611538671331959,0.00339560032002819
2017-01-06,0.6951277172866333,0.2965261030075649,0.008346179705847593
2017-01-09,0.24385331017504436,0.7502190217319054,0.005927668093096153
2017-01-10,0.6021225042662554,0.38836228303966236,0.009515212694128266
2017-01-11,0.5066986098744737,0.4869063059244159,0.006395084201156174
2017-01-12,0.3266877573112618,0.6676979550359452,0.005614287652838576
2017-01-13,0.6980913674670082,0.2894150811417972,0.012493551391240155
2017-01-17,0.04481750570159512,0.9383875457103883,0.016794948588062405
2017-01-18,0.44669671176261116,0.5374715196390336,0.01583176859840115
2017-01-19,0.7353814034182741,0.24983216377847872,0.014786432803293103
2017-01-20,0.37162467232868085,0.6229684941840778,0.00540683348728716
2017-01-23,0.5528265629436431,0.4412532576701308,0.005920179386272077
2017-01-24,0.4318743809777016,0.562584617311656,0.005541001710688319
2017-01-25,0.5372169033346449,0.4511159173538568,0.011667179311544158
2017-01-26,0.6255859504615566,0.3629777927833842,0.011436256755104852
2017-01-27,0.028079726748057244,0.9619164923901021,0.010003780861886125
2017-01-30,0.8199324891840871,0.16595719675991957,0.014110314056038553
2017-01-31,0.10242125225743469,0.8914675541894299,0.006111193553180438
2017-02-01,0.7842332486517875,0.20617696153328333,0.009589789814974235
2017-02-02,0.3101350750977938,0.686369919338188,0.0034950055640632386
2017-02-03,0.6111258143961374,0.3822995459544491,0.006574639649458551
2017-02-06,0.38556837143052203,0.6080135446880166,0.006418083881506623
2017-02-07,0.6015319523460644,0.39132801759065655,0.0071400300633242325
2017-02-08,0.35843340184265493,0.6369144149604853,0.004652183196905072
2017-02-09,0.5925495155137964,0.4001629780328963,0.007287506453352593
2017-02-10,0.37818232298730403,0.6147513341718503,0.007066342840890997
2017-02-13,0.6163682533985795,0.37661548163141,0.0070162649700556
2017-02-14,0.363526033112312,0.6317582653110883,0.004715701576644699
2017-02-15,0.5796745796067398,0.41495993899491257,0.0053654813983925525
2017-02-16,0.42405400421408673,0.5723316088282531,0.0036143869577052318
2017-02-17,0.5171780332355469,0.4779372339495214,0.0048847328149767485
2017-02-21,0.45416008007322667,0.5415677681134745,0.004272151813343707
2017-02-22,0.5355978467024026,0.4587476906425212,0.005654462655120955
2017-02-23,0.35525595627298473,0.6385527356372641,0.006191308089795702
2017-02-24,0.6084381412832608,0.3810112535545518,0.010550605162232093
2017-02-27,0.35095929343062643,0.6442606878109552,0.004780018758463029
2017-02-28,0.6662103859557084,0.3248461740232999,0.008943440021036319
2017-03-01,0.18645635385555276,0.8027204810465639,0.010823165097927682
2017-03-02,0.9566259136061825,2.0048124552548717e-05,0.043354038269309496
2017-03-03,0.6416248168035951,0.32632564126360974,0.032049541932839584
2017-03-06,0.24926274667188097,0.7445024897879291,0.006234763540234179
2017-03-07,0.8544839774928186,0.13344940545143621,0.012066617055789639
2017-03-08,0.3686817159473966,0.6240123661583736,0.007305917894274145
2017-03-09,0.5571274539965276,0.4277026669739147,0.015169879029601907
2017-03-10,0.5415675177172534,0.44785967428546336,0.0105728079973275
2017-03-13,0.44600894168463634,0.5469115077208726,0.007079550594535326
2017-03-14,0.42631290609732336,0.5677971093283878,0.005889984574333126
2017-03-15,0.6561617368050128,0.3324612843906516,0.01137697880437987
2017-03-16,0.001583270185992549,0.9752108745516789,0.02320585526237291
2017-03-17,0.3705747524279657,0.5992171578438628,0.03020808972821576
2017-03-20,0.5853155076128451,0.38578237115214925,0.028902121235049955
2017-03-21,0.16566209293949527,0.7978164006483097,0.03652150641223932
2017-03-22,0.6751497176681054,0.2687093139310598,0.056140968400879045
2017-03-23,0.38223131944530964,0.5876548886210596,0.030113791933674944
2017-03-24,0.3019730989056464,0.6698838910358721,0.028143010058525597
2017-03-27,0.5236322635236653,0.4343627250014817,0.04200501147489716
2017-03-28,0.22001996467910304,0.7590792206992263,0.020900814621714673
2017-03-29,0.5716603316866247,0.41684983373156803,0.011489834581851478
2017-03-30,0.4441714792501862,0.5483060482160812,0.007522472533776728
2017-03-31,0.43123850030306315,0.5638463519831308,0.004915147713850079
2017-04-03,0.6249668338953673,0.3686919129230377,0.006341253181638907
2017-04-04,0.22554802642723948,0.7703225804626553,0.00412939311014919
2017-04-05,0.7988329154255629,0.19148910618023893,0.00967797839424218
2017-04-06,0.3206181246363462,0.6735509375658133,0.005830937797884456
2017-04-07,0.37395449102156003,0.6192731300365557,0.006772378941928135
2017-04-10,0.9118099118680915,0.07261998576478969,0.015570102367162782
2017-04-11,0.0008924857547822695,0.9914916914179576,0.007615822827304025
2017-04-12,0.6309330493054308,0.3523501176759784,0.016716833018635018
2017-04-13,0.3586144887249579,0.630730403275216,0.010655107999869948
2017-04-17,0.38744578659346274,0.60686354940066,0.005690664005921105
2017-04-18,0.9290991384698031,0.057805265053724644,0.013095596476516497
2017-04-19,0.30281783563207787,0.6930608717652491,0.0041212926027167675
2017-04-20,0.5631381242817681,0.43075533637259167,0.006106539345684122
2017-04-21,0.5041462695918838,0.4911362248781861,0.004717505529974049
2017-04-24,0.5120529137236524,0.4841746153009076,0.0037724709754839826
2017-04-25,0.9513172155360824,0.04086722494143296,0.007815559522528614
2017-04-26,0.3958665699758695,0.6004542708257551,0.0036791591984191487
2017-04-27,0.6854941045453935,0.30772339725609144,0.006782498198558731
2017-04-28,0.2036074697740946,0.7910068752044915,0.00538565502145755
2017-05-01,0.9324219542434632,0.041181482207355936,0.026396563549224525
2017-05-02,0.1746639132932705,0.8185573572922686,0.006778729414504533
2017-05-03,0.8863382493613343,0.09616345021230037,0.01749830042640893
2017-05-04,0.1932546064696008,0.7975345476175967,0.009210845912846077
2017-05-05,0.7328101630297237,0.2583250083179437,0.00886482865237606
2017-05-08,0.25147757344625155,0.7454056575026555,0.0031167690511363197
2017-05-09,0.8110881389420135,0.17917546040943794,0.009736400648591919
2017-05-10,0.10346559301160022,0.8904009469292178,0.006133460059225384
2017-05-11,0.6214330070248566,0.37069449801953286,0.007872494955653892
2017-05-12,0.4872889345916458,0.5059193424388511,0.006791722969546452
2017-05-15,0.24883136549474694,0.743504611480829,0.007664023024467344
2017-05-16,0.7077568325095362,0.2821639806604491,0.010079186830057697
2017-05-17,0.16171829686762587,0.828008568854996,0.01027313427742121
2017-05-18,0.9137072274264428,0.03928002514962584,0.04701274742397449
2017-05-19,0.37116026597833807,0.5886384288676731,0.040201305154031794
2017-05-22,0.06705389369801637,0.8754904668150807,0.05745563948694611
2017-05-23,0.6062108173982693,0.3560357055366041,0.037753477065169815
2017-05-24,0.4278121657815018,0.5594155171168284,0.012772317101713185
2017-05-25,0.47744327300017303,0.5133646504091752,0.009192076590694799
2017-05-26,0.4542237487442003,0.5355842734727512,0.010191977783091586
2017-05-30,0.3967765543080088,0.5933421765436914,0.009881269148342907
2017-05-31,0.4928395750005738,0.49740977252506813,0.009750652474401152
2017-06-01,0.8169818521757949,0.16571137566668373,0.017306772157564522
2017-06-02,0.024021383222836964,0.9589752311176335,0.01700338565957268
2017-06-05,0.6463201473752034,0.3344994480433545,0.019180404581485157
2017-06-06,0.28023482658603066,0.7117572344665127,0.008007938947499703
2017-06-07,0.6397070753053875,0.3486424389029197,0.011650485791735816
2017-06-08,0.6658602612991411,0.3241049749455893,0.010034763755312481
2017-06-09,0.4500719074043562,0.5424700560586945,0.007458036536992221
2017-06-12,0.6987025823442126,0.28735642574224035,0.013940991913589905
2017-06-13,0.7975917105559438,0.18794587879047225,0.014462410653627012
2017-06-14,9.986729704448862e-06,0.9974147079318055,0.002575305338532741
2017-06-15,0.9853832275437323,5.777713106936197e-05,0.014558995325240989
2017-06-16,0.41890031844583875,0.5744247204478495,0.006674961106354271
2017-06-19,0.5746148657677642,0.4188970034451897,0.006488130787088659
2017-06-20,0.4611647022577234,0.5336627802879595,0.005172517454359399
2017-06-21,0.610741617304129,0.381913880757713,0.007344501938200404
2017-06-22,0.23984846857943812,0.7512668584133342,0.008884673007270012
2017-06-23,0.5208642695325252,0.47021798636239426,0.00891774410512296
2017-06-26,0.501632338051771,0.4907180298902562,0.0076496320580151395
2017-06-27,0.6472110228451885,0.3453901942749814,0.007398782879872376
2017-06-28,0.19037430153404938,0.8064305607984603,0.0031951376675326253
2017-06-29,0.9428397443398958,0.0449689471460124,0.012191308514133673
2017-06-30,0.10192677232553682,0.8937493022880818,0.004323925386423362
2017-07-03,0.9646199958740329,0.002532612116717007,0.03284739200929215
2017-07-05,0.5950876370443308,0.3796099579134004,0.025302405042311186
2017-07-06,0.18313272451240004,0.7884004491674421,0.02846682632020039
2017-07-07,0.905631955169046,0.0004601559506786531,0.09390788888031792
2017-07-10,0.014569398972308287,0.9675459571237456,0.01788464390398857
2017-07-11,0.7845207125678525,0.20270943731432126,0.012769850117868575
2017-07-12,0.26852314324118964,0.7269037230822563,0.004573133676596226
2017-07-13,0.8498214805041043,0.1379419546189291,0.012236564877008789
2017-07-14,0.11270979738594984,0.8828454868503915,0.004444715763700775
2017-07-17,0.7527160734066485,0.23669419658934343,0.01058973000405016
2017-07-18,0.32898311884192666,0.6667250437813675,0.004291837376747823
2017-07-19,0.5918805743850262,0.4020576980632264,0.006061727551789445
2017-07-20,0.3834474166705541,0.6121647020740192,0.004387881255468805
2017-07-21,0.5265166817503153,0.4683172556558691,0.005166062593857611
2017-07-24,0.4920073131685264,0.5031064724326402,0.004886214398875611
2017-07-25,0.4218294255365383,0.572929495030854,0.005241079432649723
2017-07-26,0.665054654632593,0.32681183665529273,0.008133508712156363
2017-07-27,0.2586074286801157,0.7355132082491901,0.005879363070736296
2017-07-28,0.6086121176689802,0.3853207556793221,0.00606712665173988
2017-07-31,0.43840522345730415,0.5571376517021185,0.004457124840619538
2017-08-01,0.48526300072069395,0.5073849775535961,0.0073520217257520525
2017-08-02,0.5431586003812297,0.4505880343741785,0.006253365244634021
2017-08-03,0.3750491746446134,0.6189572924711957,0.005993532884232896
2017-08-04,0.8800506906734429,0.10432208972884852,0.015627219597750697
2017-08-07,0.2741746522398765,0.7149712879953086,0.01085405976485675
2017-08-08,0.6315471861218535,0.3263708640000943,0.042081949878094334
2017-08-09,0.01059530872428907,0.9151340039113296,0.07427068736442351
2017-08-10,0.4244472236900049,0.5458325697690213,0.029720206541015946
2017-08-11,0.5709566559741753,0.4153117660437171,0.013731577982149657
2017-08-14,0.3073087828861701,0.685864436070733,0.006826781043139213
2017-08-15,0.9778865228542516,0.0042229051825115205,0.01789057196327903
2017-08-16,0.006390409258419475,0.986414871766235,0.007194718975387795
2017-08-17,0.616731679389119,0.3718835459756563,0.011384774635267022
2017-08-18,0.4785506240707228,0.5153695819400506,0.006079793989268875
2017-08-21,0.447712639867889,0.5474819393094037,0.004805420822749697
2017-08-22,0.5169460391373201,0.4780688590702832,0.004985101792438945
2017-08-23,0.46955007595260034,0.5257044751852392,0.004745448862202605
2017-08-24,0.4914510161876474,0.5027949638817772,0.005754019930617485
2017-08-25,0.5667284889838687,0.42430736981007344,0.008964141206099924
2017-08-28,0.2687041586292245,0.7115574872669449,0.019738354103872743
2017-08-29,0.5703806602202608,0.41790633387507337,0.011713005904707915
2017-08-30,0.4286093955518269,0.5654204471475202,0.005970157300694984
2017-08-31,0.5776795487726714,0.4144822487461313,0.007838202481239256
2017-09-01,0.31723044748814844,0.6703780947842571,0.012391457727636106
2017-09-05,0.5698058249756172,0.4229980743327128,0.0071961006917117785
2017-09-06,0.44341093906931056,0.5519586694612807,0.004630391469450404
2017-09-07,0.4983947067101861,0.49629871389384295,0.005306579396012734
2017-09-08,0.4405251454095494,0.5552450301453026,0.004229824445189747
2017-09-11,0.582687709010586,0.4114473726066854,0.005864918382770397
2017-09-12,0.468764055475213,0.5260489176975452,0.0051870268272835715
2017-09-13,0.4192057132171259,0.5742373009671297,0.006556985815786244
2017-09-14,0.5626326531849574,0.42612790236318676,0.011239444451897668
2017-09-15,0.20158204361479135,0.7849346920204978,0.013483264364752733
2017-09-18,0.9529110670366044,0.0006018373955755811,0.0464870955678621
2017-09-19,0.08670194710230875,0.8910104003614173,0.022287652536315983
2017-09-20,0.3985874444662913,0.5891427343653582,0.01226982116839257
2017-09-21,0.9374442065640318,0.04362239147460785,0.018933401961402356
2017-09-22,0.5415626332549127,0.4469954420765368,0.011441924668592373
2017-09-25,0.05521346857996675,0.9395162941688261,0.005270237251248854
2017-09-26,0.9539476828505861,0.03292007407108756,0.01313224307836806
2017-09-27,0.2852197274844898,0.7104637672451002,0.004316505270451569
2017-09-28,0.456629009783358,0.5387014754531312,0.004669514763552398
2017-09-29,0.7596478909623153,0.2321469079613627,0.008205201076363555
2017-10-02,0.24878625621903475,0.7464763248073699,0.004737418973636992
2017-10-03,0.6117677709252783,0.3819184034419661,0.0063138256327972386
2017-10-04,0.4151827668096894,0.5800435456966291,0.004773687493722947
2017-10-05,0.5335049881369726,0.4565459347227429,0.009949077140325764
2017-10-06,0.2381794269944022,0.751547371706735,0.010273201298903935
2017-10-09,0.6585268182802559,0.32356062783077294,0.017912553889012185
2017-10-10,0.10441694593551717,0.8898270607974682,0.005755993267055589
2017-10-11,0.9364272511056834,0.04749076560638697,0.01608198328797066
2017-10-12,0.05470819660367245,0.9402463540290702,0.005045449367298404
2017-10-13,0.7118410269288324,0.27382300301963836,0.01433597005157021
2017-10-16,0.200163365240789,0.793211844200942,0.006624790558310192
2017-10-17,0.926923579733374,0.05751608866885905,0.015560331597808248
2017-10-18,0.5936485508510864,0.39518982895850924,0.011161620190445795
2017-10-19,0.023161091409729325,0.9685287094478983,0.008310199142413793
2017-10-20,0.9264191734251048,0.05040567978530472,0.02317514678963169
2017-10-23,0.13636664803154405,0.8584637197485124,0.005169632219984802
2017-10-24,0.762504640612723,0.22906788149193874,0.008427477895379263
2017-10-25,0.4081733658891271,0.5874227586701126,0.004403875440801201
2017-10-26,0.4318169372723107,0.56323113935862,0.004951923369110211
2017-10-27,0.617276186901361,0.3765271744856703,0.006196638613009599
2017-10-30,0.22791034823618117,0.7690549907062308,0.003034661057628846
2017-10-31,0.938452147338296,0.0507660139579814,0.0107818387037634
2017-11-01,2.3853056128234803e-08,0.997834205781361,0.002165770365623671
2017-11-02,0.695805624465864,0.28696503352686537,0.017229342007311396
2017-11-03,0.954099703611254,0.026321586020819805,0.019578710367967236
2017-11-06,8.340545763138807e-06,0.9984842781908954,0.0015073812633822352
2017-11-07,0.9865957570836817,0.0006367380979721245,0.012767504818386755
2017-11-08,0.0029038530228052022,0.9957110822423836,0.0013850647348520226
2017-11-09,0.9515720714960102,0.03760091773468931,0.010827010769341153
2017-11-10,0.41271336448180423,0.5815140905754304,0.005772544942806353
2017-11-13,0.15583735665044038,0.8308664304489198,0.013296212900680799
2017-11-14,0.6144381976899083,0.3764253931730022,0.009136409137130767
2017-11-15,0.5906750113538539,0.39995098338716917,0.009374005259017895
2017-11-16,0.39733162668916683,0.589752659422138,0.012915713888736441
2017-11-17,0.12579060007072537,0.8620264645108403,0.012182935418475432
2017-11-20,0.9759970699794418,1.836791581094051e-05,0.023984562104788387
2017-11-21,0.07021632789839174,0.9213773862313116,0.008406285870338048
2017-11-22,0.5624708548132166,0.43113165673080456,0.006397488456020067
2017-11-24,0.6950547758312152,0.2970227813437536,0.0079224428250724
2017-11-27,0.289197108096838,0.7060916852313079,0.004711206671895098
2017-11-28,0.6751117345062031,0.3119790919730361,0.012909173520801816
2017-11-29,0.6475524826799792,0.33503011438901126,0.01741740293105063
2017-11-30,0.4286599366483313,0.5641668835654354,0.007173179786274422
2017-12-01,0.5955436758357829,0.3969770590231501,0.007479265141108105
2017-12-04,0.24543776481111454,0.7513770322972635,0.003185202891663092
2017-12-05,0.9152748252340298,0.07429203244984613,0.010433142316165139
2017-12-06,0.34293097408576745,0.653153289913028,0.003915736001245598
2017-12-07,0.5169262770454587,0.4768450520731224,0.006228670881459811
2017-12-08,0.4908562466403853,0.5039126058154304,0.005231147544225181
2017-12-11,0.4116609074728187,0.5840760862751657,0.004263006252056546
2017-12-12,0.6268814362809839,0.36583886158443496,0.007279702134621981
2017-12-13,0.2329505954521157,0.7587833542273519,0.00826605032057339
2017-12-14,0.5799962003021506,0.4088863719795456,0.01111742771834486
2017-12-15,0.4162659305765266,0.5716543397910315,0.01207972963248292
2017-12-18,0.3800378440103721,0.6126264545352255,0.007335701454443549
2017-12-19,0.7339657106818144,0.2543430654468962,0.011691223871330543
2017-12-20,0.18405724458497663,0.8113168277405907,0.004625927674473857
2017-12-21,0.7833203740841936,0.20615266937825014,0.010526956537597415
2017-12-22,0.09808119590840016,0.8937862426427615,0.008132561448879456
2017-12-26,0.6670900441968804,0.32155627404688863,0.01135368175627211
2017-12-27,0.414774905245489,0.5796343211686389,0.0055907735859132834
2017-12-28,0.4860720814473022,0.5065332322125067,0.007394686340231973
2017-12-29,0.5483305281322021,0.444368360872279,0.007301110995559908
2018-01-02,0.4234388661684402,0.5723026634898041,0.004258470341796824
2018-01-03,0.5762031177080367,0.418179434196283,0.0056174480957214366
2018-01-04,0.4282328734117718,0.5678914799183605,0.0038756466699086086
2018-01-05,0.5141212399245448,0.4812805756151344,0.0045981844603618476
2018-01-08,0.5075038617440815,0.48763683294016663,0.004859305315792987
2018-01-09,0.43534700745678795,0.5597768836141213,0.00487610892913175
2018-01-10,0.5064796539210563,0.4883872466623061,0.0051330994166785635
2018-01-11,0.47654714247825486,0.5179185264411535,0.005534331080632735
2018-01-12,0.4323768691548404,0.5631733947576443,0.004449736087556349
2018-01-16,0.5771821165892371,0.41755236855436745,0.0052655148564365335
2018-01-17,0.3074288081703844,0.6892108669827919,0.0033603248468645954
2018-01-18,0.8277800574321647,0.1618741036156521,0.010345838952224068
2018-01-19,0.1491613501654189,0.845242183498829,0.005596466335792797
2018-01-22,0.6122686086051301,0.3785806093130149,0.009150782081895547
2018-01-23,0.5441003485536565,0.44345685934709606,0.012442792099287916
2018-01-24,0.0005032899059755661,0.9633248428579657,0.03617186723609925
2018-01-25,0.23165502777523478,0.7553963192472076,0.012948652977598223
2018-01-26,0.8758974547757811,0.10748249673062468,0.016620048493634507
2018-01-29,0.09770230524700192,0.8994431649626294,0.002854529790409109
2018-01-30,0.9831499255215062,0.0015893328570029497,0.015260741621531213
2018-01-31,0.0011013825652777087,0.9950268671591276,0.0038717502756351334
2018-02-01,0.829248605729121,0.15675814119931109,0.013993253071608475
2018-02-02,0.9462675989637984,0.03807935014690086,0.015653050889341102
2018-02-05,0.11034078319154234,0.8839073782327053,0.005751838575792778
2018-02-06,0.5125407953987623,0.4791961086456114,0.008263095955666834
2018-02-07,0.7097430868020074,0.27757909150216264,0.012677821695870721
2018-02-08,0.043081752353305795,0.9532949424718835,0.003623305174851402
2018-02-09,0.9354938635355998,0.05118001580465171,0.01332612065978917
2018-02-12,0.0003318345594830552,0.9967990311749473,0.002869134265610348
2018-02-13,0.9486145664638642,0.039801862456841884,0.011583571079334595
2018-02-14,0.016829214439723017,0.9810868769478851,0.002083908612432454
2018-02-15,0.9443674746715367,0.04638236232077072,0.00925016300773329
2018-02-16,0.14330317405290247,0.8549572025681244,0.001739623379013832
2018-02-20,0.8698549582434295,0.11880697712317347,0.01133806463343761
2018-02-21,0.00845889677825589,0.9873003369295997,0.004240766292184981
2018-02-22,0.7603333308511736,0.23159918375354177,0.008067485395325088
2018-02-23,0.44658951535945673,0.5483163699095681,0.005094114731015634
2018-02-26,0.32566834226252844,0.6681728894070538,0.006158768330458091
2018-02-27,0.779459653877788,0.20702390775528892,0.013516438366963257
2018-02-28,0.18415969577399915,0.8124656411227058,0.003374663103335452
2018-03-01,0.8739871881348623,0.1147075499867302,0.011305261878447825
2018-03-02,0.028974212145772126,0.9668357944537199,0.004189993400548237
2018-03-05,0.8987916331125884,0.08192693671242929,0.019281430175022603
2018-03-06,9.022012269458216e-05,0.9967617499709163,0.00314802990642973
2018-03-07,0.9797603329848225,0.0003945977076804223,0.019845069307537596
2018-03-08,0.17236614216708482,0.8194440665304332,0.008189791302522438
2018-03-09,0.3219838586092079,0.6669763446782988,0.01103979671253367
2018-03-12,0.870586588170322,0.10756315089319417,0.021850260936524334
2018-03-13,0.04885791788791446,0.9388475851816102,0.012294496930515982
2018-03-14,0.8666967458022178,0.10768095494484005,0.025622299252982615
2018-03-15,0.24429900636077542,0.7493203351271988,0.006380658512066279
2018-03-16,0.6667379453665192,0.3237206365082587,0.009541418125262626
2018-03-19,0.27588648821899325,0.7200918509872186,0.004021660793828662
2018-03-20,0.7644422340312906,0.22604041558434523,0.00951735038440464
2018-03-21,0.07153266144360249,0.921775093259858,0.00669224529657979
2018-03-22,0.7849785173983815,0.1961008368781303,0.0189206457235283
2018-03-23,0.0856040731340954,0.9037963546766604,0.010599572189284123
2018-03-26,0.5366253802213223,0.4498423151497992,0.01353230462891828
2018-03-27,0.6954310869042115,0.2796668686743793,0.02490204442144923
2018-03-28,0.2705859917147263,0.7196390525430439,0.009774955742269708
2018-03-29,0.7513698810231151,0.23453654232147383,0.014093576655450975
2018-04-02,0.00014843007346351998,0.9957312434266288,0.004120326499947502
2018-04-03,0.9806733935539679,0.0022672860514242835,0.01705932039464774
2018-04-04,0.4202998539718052,0.5702347138899678,0.0094654321382666
2018-04-05,0.16855612851773263,0.8223534674463876,0.00909040403591911
2018-04-06,0.7475750990666546,0.24187937204457816,0.010545528888806546
2018-04-09,0.15321287513999715,0.8425703579954217,0.004216766864620521
2018-04-10,0.7876116099413866,0.20340398848440028,0.008984401574252638
2018-04-11,0.07322973749462358,0.923954449905595,0.002815812599820669
2018-04-12,0.9844975070126787,0.0017481531997284381,0.013754339787632072
2018-04-13,0.005934300515319328,0.9905970313781954,0.0034686681065244545
2018-04-16,0.741669235779583,0.2382425258887237,0.020088238331732428
2018-04-17,0.2859481279141615,0.6846574442412726,0.02939442784460512
2018-04-18,0.6731557998474625,0.19981152566442664,0.1270326744881501
2018-04-19,0.3815178957646138,0.5631516836790811,0.05533042055634424
2018-04-20,0.28495212378733276,0.6838719893156779,0.031175886897028424
2018-04-23,0.9348260665918314,0.004531964953134776,0.06064196845507271
2018-04-24,0.03914815144262582,0.9515584465888621,0.009293401968551034
2018-04-25,0.8551146155263594,0.13263270646897762,0.012252678004701749
2018-04-26,0.2503166085884794,0.7461069564860165,0.0035764349255427152
2018-04-27,0.6635691985714394,0.328502308497699,0.007928492930900397
2018-04-30,0.2643487714646125,0.7320038827754262,0.003647345760000283
2018-05-01,0.8595934299796814,0.12802695648477636,0.01237961353558098
2018-05-02,0.017116428778415238,0.9772687677076948,0.005614803513928698
2018-05-03,0.7079336280856835,0.28444234402970486,0.007624027884650287
2018-05-04,0.4423742095054874,0.5531550420290673,0.004470748465483923
2018-05-07,0.49980646977213683,0.4950851174416476,0.005108412786254046
2018-05-08,0.4976296927923913,0.49722805494085665,0.005142252266790633
2018-05-09,0.4369631264008887,0.5572880435409152,0.005748830058234686
2018-05-10,0.4918652056390118,0.5023619721753677,0.005772822185659114
2018-05-11,0.603235636750047,0.39026749814665834,0.006496865103333025
2018-05-14,0.20193109033037365,0.7930487211436628,0.005020188526001829
2018-05-15,0.9440849615276659,0.037109163772549185,0.018805874699822946
2018-05-16,0.00902674569887037,0.9825650219807818,0.008408232320385773
2018-05-17,0.7502371876736438,0.23821280335748668,0.011550008968907724
2018-05-18,0.38968114207669224,0.6033025768435035,0.007016281079842095
2018-05-21,0.4656632508720302,0.5237805675429656,0.010556181585042214
2018-05-22,0.39457238471206885,0.5995978574118048,0.005829757876164463
2018-05-23,0.789170785604887,0.20043631859770633,0.010392895797444738
2018-05-24,0.02175564623375176,0.9730119353293887,0.005232418436897324
2018-05-25,0.8420130968990823,0.14474054903516761,0.013246354065787846
2018-05-29,0.381378269681106,0.6110583026426206,0.007563427676311078
2018-05-30,0.30427910615984605,0.6830500941522872,0.01267079968790448
2018-05-31,0.6400192376057445,0.35052168504356535,0.009459077350727967
2018-06-01,0.4442498950845059,0.54971552190373,0.006034583011801915
2018-06-04,0.41883134964682295,0.5736180339671492,0.007550616386065544
2018-06-05,0.47705781958837234,0.5174958590498828,0.005446321361782559
2018-06-06,0.5920853678651142,0.40188425352494445,0.0060303786099789695
2018-06-07,0.39761785902796054,0.5978787914840574,0.00450334948801946
2018-06-08,0.6415269151515737,0.3490880988124379,0.009384986036025798
2018-06-11,0.23627829620828822,0.7485992153641869,0.01512248842756226
2018-06-12,0.5679586647498431,0.39666092444572076,0.03538041080447346
2018-06-13,0.40174715456109694,0.5200440304838699,0.0782088149550703
2018-06-14,0.13652578921587227,0.530380738024884,0.3330934727592808
2018-06-15,0.5941823635452302,8.939152579589277e-08,0.4058175470632811
2018-06-18,0.16693474961013374,0.7026173819749546,0.13044786841494876
2018-06-19,0.5819825496191061,0.3779234610575525,0.04009398932337847
2018-06-20,0.3869020906467448,0.6015714514377821,0.011526457915510066
2018-06-21,0.5584765225131594,0.43301575311324125,0.008507724373636344
2018-06-22,0.3399694049636281,0.6560464085736304,0.00398418646277841
2018-06-25,0.7741980108497645,0.21773645158717309,0.008065537563099247
2018-06-26,0.2896630046294568,0.7065732152589556,0.003763780111624507
2018-06-27,0.6296118857334491,0.3609090599890315,0.009479054277556362
2018-06-28,0.2803595844245936,0.708243853360289,0.011396562215154291
2018-06-29,0.3169360883055021,0.674584890847673,0.008479020846861921
2018-07-02,0.9592036675843783,0.02094475387485605,0.019851578540802543
2018-07-03,0.045484911533231434,0.9504685104574012,0.004046578009404164
2018-07-05,0.7872157751544476,0.2040979125847893,0.00868631226079966
2018-07-06,0.20464241054576823,0.7922240949495996,0.0031334945046689548
2018-07-09,0.7117108387220437,0.2809523739201223,0.0073367873578707036
2018-07-10,0.27093960994007965,0.7253835237799551,0.0036768662800019678
2018-07-11,0.768655535632887,0.21860843124648538,0.012736033120664356
2018-07-12,0.06233169346619106,0.9336412710482573,0.004027035485588329
2018-07-13,0.8939796583015146,0.09506757816283294,0.010952763535689242
2018-07-16,0.26712997600007315,0.7288804160293562,0.003989607970607332
2018-07-17,0.6981781796946543,0.2941739264612098,0.007647893844172436
2018-07-18,0.3320756054329668,0.6641760621644535,0.003748332402616325
2018-07-19,0.6558278248683466,0.3353892999406821,0.008782875191007823
2018-07-20,0.2755491541452698,0.7202193722913073,0.004231473563459296
2018-07-23,0.7127032153141126,0.2794514947056526,0.007845289980271076
2018-07-24,0.30783012251622105,0.6876347330625306,0.004535144421284703
2018-07-25,0.5532411754336808,0.4409532960069981,0.005805528559357496
2018-07-26,0.4786504241390615,0.5160424940997157,0.005307081761259225
2018-07-27,0.47988533234278724,0.515338642532412,0.00477602512483709
2018-07-30,0.5063284430779739,0.48880331101048285,0.004868245911579456
2018-07-31,0.4402196558638293,0.5550108492738343,0.004769494862372525
2018-08-01,0.5226397202356308,0.4722287798449083,0.005131499919497169
2018-08-02,0.5090245226322374,0.486020878365561,0.00495459900223788
2018-08-03,0.3886416881941945,0.6068466398992043,0.004511671906637409
2018-08-06,0.624288540004499,0.3695920955216921,0.006119364473844931
2018-08-07,0.41299777034863805,0.5826964927981992,0.004305736853198706
2018-08-08,0.5056580345072037,0.48848283270722154,0.005859132785610897
2018-08-09,0.5081059893036138,0.4834553079114943,0.00843870278492799
2018-08-10,0.3258843719778497,0.6611986164644671,0.012917011557719259
2018-08-13,0.9109627769374669,0.05468484040376593,0.03435238265880352
2018-08-14,0.018143111663467833,0.9633808438209991,0.01847604451556931
2018-08-15,0.8977076579152401,4.869837367949873e-07,0.10229185510105934
2018-08-16,0.0001936833523064078,0.9910763656620376,0.008729950985692164
2018-08-17,0.9291020128839891,0.056982876902338546,0.01391511021370892
2018-08-20,0.22019615848091023,0.7765544144170738,0.0032494271020523094
2018-08-21,0.6867705784888295,0.30651889260057646,0.006710528910630381
2018-08-22,0.2610021367274277,0.7359262743176057,0.003071588955002858
2018-08-23,0.8669195103637113,0.12198689681362758,0.011093592822697512
2018-08-24,0.019005519208952347,0.9745428483374993,0.00645163245358466
2018-08-27,0.6394826397411889,0.3514228186418912,0.009094541616956196
2018-08-28,0.49752860887358374,0.49679198388874796,0.005679407237704673
2018-08-29,0.45836587498637565,0.5367360713299449,0.004898053683715766
2018-08-30,0.8810774887981765,0.10936308898488466,0.009559422216975148
2018-08-31,0.10830298004676712,0.8887272294327838,0.002969790520485436
2018-09-04,0.9670471463336565,0.012158291008419255,0.020794562657960466
2018-09-05,0.15918162312023773,0.8348196732694037,0.0059987036103949015
2018-09-06,0.6460877232364451,0.3467069661377789,0.007205310625812101
2018-09-07,0.41029425760122895,0.5852474258260867,0.004458316572720544
2018-09-10,0.49524689357298235,0.4999963587482697,0.004756747678784251
2018-09-11,0.5565298748886877,0.4377112991269529,0.005758825984395689
2018-09-12,0.25484295732062695,0.740299511768869,0.004857530910540216
2018-09-13,0.7594638216859816,0.23202114078881805,0.008515037525236252
2018-09-14,0.4031340454703952,0.5922875307432369,0.004578423786403673
2018-09-17,0.447017392401313,0.545732820460498,0.0072497871382249494
2018-09-18,0.5365066197467608,0.456123447215348,0.007369933037927148
2018-09-19,0.44164421514151186,0.551667737126559,0.006688047731965058
2018-09-20,0.44072444463470595,0.5544713765810109,0.0048041787843192555
2018-09-21,0.563891241780057,0.4302074657685435,0.005901292451435578
2018-09-24,0.4746929965518622,0.520246526262364,0.005060477185809827
2018-09-25,0.42349211248858143,0.5693351690477886,0.007172718463666022
2018-09-26,0.5428399732676462,0.45079101200710686,0.006369014725282928
2018-09-27,0.6475672447756184,0.3442579091732709,0.008174846051146555
2018-09-28,3.154099231574045e-05,0.9892098805625242,0.010758578445196029
2018-10-01,0.9722554697696366,0.005614416433272265,0.022130113797126837
2018-10-02,0.009272853624843187,0.9846821868619897,0.0060449595132027354
2018-10-03,0.6479043946277036,0.3437933015180465,0.008302303854285667
2018-10-04,0.49199256646110656,0.501966382695138,0.0060410508437913416
2018-10-05,0.23436639374839488,0.7612729614088931,0.004360644842747899
2018-10-08,0.9839512007250595,0.0013332423759395094,0.01471555689903701
2018-10-09,0.01663401151482707,0.9775580103320921,0.005807978153116447
2018-10-10,0.9058554097263651,0.07229319778924286,0.02185139248442766
2018-10-11,0.0024450262967053832,0.9907668994450538,0.0067880742582766395
2018-10-12,0.6941522669803528,0.2964609816451509,0.009386751374532007
2018-10-15,0.36649144600382216,0.6290929348104767,0.004415619185736799
2018-10-16,0.578975619261258,0.4162400881522399,0.004784292586537625
2018-10-17,0.44246753689240037,0.55349222899901,0.00404023410862517
2018-10-18,0.5719242027318162,0.4223287430935875,0.005747054174631825
2018-10-19,0.31890327464693885,0.6756963801419154,0.005400345211181436
2018-10-22,0.7018413281219182,0.28610918288655934,0.012049488991557718
2018-10-23,0.10445492646851028,0.8831066548936571,0.01243841863786802
2018-10-24,0.5980744805301312,0.3891412067597998,0.012784312710104261
2018-10-25,0.5750348734021891,0.41652273050181404,0.008442396096032184
2018-10-26,0.1351879636420597,0.8585117010704163,0.0063003352875591525
2018-10-29,0.9808571643713931,0.0016711812264249694,0.017471654402216902
2018-10-30,0.015018590708905571,0.981858682021429,0.003122727269700569
2018-10-31,0.9759100617814244,0.00937590628688353,0.014714031931727253
2018-11-01,1.0307704029936877e-06,0.9957985264124837,0.004200442817148468
2018-11-02,0.6382505870789861,0.3437306699150574,0.018018743005991697
2018-11-05,0.3186849169358882,0.6723966846445839,0.00891839841956311
2018-11-06,0.824043103800301,0.15601897508772913,0.019937921112004976
2018-11-07,0.25885638125608557,0.7200335574560365,0.02111006128791313
2018-11-08,0.565952126112877,0.3863047422322109,0.04774313165494713
2018-11-09,0.7417936864134441,0.21646799017375026,0.04173832341284045
2018-11-12,0.35273841424561025,0.6345226016470448,0.012738984107379945
2018-11-13,0.5264888802742261,0.4651205219619265,0.008390597763882261
2018-11-14,0.5186766149580215,0.47142611756615843,0.009897267475855022
2018-11-15,0.1980705770120586,0.7912827594287302,0.010646663559246115
2018-11-16,0.6914207257052786,0.29894969125556015,0.009629583039196067
2018-11-19,0.26256450239020523,0.7327824934619485,0.004653004147881092
2018-11-20,0.8062629420154044,0.1775878446514695,0.01614921333316098
2018-11-21,0.000278465246076588,0.996313516261503,0.0034080184924552065
2018-11-23,0.9830288906612643,0.0008567138852023871,0.016114395453568017
2018-11-26,0.1844366475069731,0.811323107586474,0.004240244906587437
2018-11-27,0.8140177421610961,0.17271715768014675,0.013265100158791435
2018-11-28,0.060944904726699764,0.9267323038850149,0.01232279138831952
2018-11-29,0.5081964056271231,0.4713138656061316,0.020489728766779472
2018-11-30,0.9291338344806126,0.038240621963837464,0.032625543555583995
2018-12-03,0.00023540086106608817,0.9830443917875801,0.016720207351387687
2018-12-04,0.18086678990470326,0.807577778168059,0.011555431927271874
2018-12-06,0.9652184406127062,0.012417705586120594,0.02236385380120707
2018-12-07,0.004120585169831637,0.9902764282029968,0.005602986627205555
2018-12-10,0.7639870799680798,0.21575685283387677,0.020256067198077755
2018-12-11,0.2225405333550965,0.7707201842679346,0.006739282377003098
2018-12-12,0.7160028084070501,0.2700640079269812,0.013933183666002973
2018-12-13,0.204271811926624,0.7926577248832203,0.0030704631901898884
2018-12-14,0.9339419700835271,0.055113022665183656,0.01094500725132338
2018-12-17,0.037837027093152654,0.959174529381942,0.002988443524939503
2018-12-18,0.8429230698680821,0.14564000820865283,0.01143692192329915
2018-12-19,0.17834988289639422,0.8155674226233582,0.006082694480281672
2018-12-20,0.5122383271750887,0.4752349834840561,0.012526689340889463
2018-12-21,0.6755462741244761,0.30019206619703426,0.02426165967852391
2018-12-24,0.13576244847163446,0.8305238502376546,0.03371370129074526
2018-12-26,0.3904333545709134,0.5443225622750837,0.06524408315403726
2018-12-27,0.48638309645407635,0.49396371214342616,0.019653191402531765
2018-12-28,0.5132182096358208,0.4766005231962221,0.010181267167991326
2018-12-31,0.4846271204640716,0.5086291067740514,0.0067437727619113165
2019-01-02,0.46967877600806673,0.5211498248156217,0.009171399176346028
2019-01-03,0.49497581417253184,0.4985967152354387,0.006427470592063899
2019-01-04,0.49860295836479984,0.496177742671444,0.0052192989637904474
2019-01-07,0.40449047076114986,0.5904295750847444,0.0050799541541399025
2019-01-08,0.5424747439519579,0.4520656433186678,0.0054596127294083766
2019-01-09,0.4086742089365473,0.5870867863852034,0.004239004678283377
2019-01-10,0.5552613539589445,0.4394589922607538,0.005279653780336166
2019-01-11,0.44470089463974327,0.5509425157486988,0.0043565896115923194
2019-01-14,0.4964635742150003,0.4989124525632209,0.004623973221812968
2019-01-15,0.5095344030260358,0.48577041624831,0.004695180725688245
2019-01-16,0.4375082938527926,0.5582698838431316,0.004221822304109775
2019-01-17,0.5765973549633426,0.41749661644388464,0.005906028592806662
2019-01-18,0.40556411924049107,0.5896218601064949,0.004814020653047973
2019-01-22,0.5923276740882266,0.401168315946061,0.006504009965746549
2019-01-23,0.31400527382530413,0.681758227375337,0.004236498799393049
2019-01-24,0.7562516949469762,0.23263611820639182,0.011112186846666292
2019-01-25,0.011975280567216121,0.9743277716934293,0.013696947739388959
2019-01-28,0.5412283451731674,0.444846625135238,0.01392502969162886
2019-01-29,0.466199041882526,0.5271693040594791,0.006631654058029374
2019-01-30,0.5373344249262173,0.45714391463842435,0.0055216604353925764
2019-01-31,0.36476440076413863,0.6300919124337181,0.005143686802177389
2019-02-01,0.7108363507739858,0.28191300422068416,0.007250645005364426
2019-02-04,0.3856085796426036,0.6106292090061646,0.0037622113512661808
2019-02-05,0.5056878316046514,0.4893481649442025,0.004964003451180629
2019-02-06,0.5135151907520442,0.48096195413692394,0.005522855111066358
2019-02-07,0.4951458397805363,0.4978329884859459,0.0070211717335524355
2019-02-08,0.3348377789428935,0.658081300601738,0.0070809204554030235
2019-02-11,0.6016214213741929,0.3898905724950349,0.00848800613080672
2019-02-12,0.5386202491371471,0.455564270100457,0.0058154807624306165
2019-02-13,0.3257424504781917,0.6701877837696756,0.004069765752167201
2019-02-14,0.8053560230262499,0.18357721711474223,0.011066759859042553
2019-02-15,0.01412574444724533,0.97897168118816,0.006902574364629252
2019-02-19,0.7905687298874177,0.19136403613607253,0.01806723397654408
2019-02-20,0.10179906065775894,0.8934235983159216,0.004777341026353957
2019-02-21,0.98473548692379,0.00012111465753191696,0.01514339841871256
2019-02-22,0.016283789591857212,0.9800753040176119,0.0036409063905649738
2019-02-25,0.9147665332627386,0.0719392880750482,0.01329417866224727
2019-02-26,0.18743587249780883,0.8099080427925948,0.002656084709630464
2019-02-27,0.8540560063676021,0.13614483747351872,0.009799156158913089
2019-02-28,0.18444597510763897,0.8111107495965182,0.004443275295876851
2019-03-01,0.841632619539618,0.13746943385095273,0.020897946609463133
2019-03-04,0.4869963410991034,0.5023885979163258,0.010615060984604423
2019-03-05,0.5111760726483386,0.4816903504737322,0.007133576877962696
2019-03-06,0.37163170716543,0.6239948173132055,0.004373475521398356
2019-03-07,0.71483627314726,0.27639485743532766,0.008768869417446054
2019-03-08,0.010334123420728989,0.9839020190096711,0.005763857569633453
2019-03-11,0.9151861894433817,0.0701602632324486,0.014653547324203157
2019-03-12,0.21129158014406904,0.7826576040987654,0.006050815757199166
2019-03-13,0.39814465620973366,0.5966684780277892,0.0051868657625104815
2019-03-14,0.952320129636366,0.03547430552405298,0.012205564839614531
2019-03-15,0.029745261602303074,0.9670612074299247,0.0031935309678058905
2019-03-18,0.7989567127958032,0.19198016613910607,0.009063121065124542
2019-03-19,0.1959736733620422,0.8008042874590316,0.003222039178960091
2019-03-20,0.8787668190939417,0.10540222380320372,0.01583095710288816
2019-03-21,0.0034566018010596814,0.9815980796022089,0.014945318596765173
2019-03-22,0.7157630550616544,0.1743617487660686,0.1098751961723105
2019-03-25,0.0033924310397775805,0.9483610259857989,0.04824654297445725
2019-03-26,0.8919903075865779,0.021672997288229738,0.08633669512522579
2019-03-27,0.20165554862485952,0.7602830691360882,0.03806138223908569
2019-03-28,0.7489241648732874,0.19455661323433537,0.05651922189241064
2019-03-29,0.020048849313428194,0.9630813810611805,0.016869769625424705
2019-04-01,0.7274118135983761,0.26046865488762766,0.012119531514029561
2019-04-02,0.34285184089752846,0.652642500767189,0.004505658335315835
2019-04-03,0.5741690582849606,0.4197750567330662,0.006055884982006355
2019-04-04,0.39441481116208255,0.6010637621480076,0.004521426689942888
2019-04-05,0.5986065062331346,0.3933145036047869,0.008078990162111586
2019-04-08,0.25006687471250105,0.7437404669999577,0.006192658287574485
2019-04-09,0.6983823494013641,0.29015433351279263,0.011463317085876498
2019-04-10,0.1701316157246475,0.8262297938758663,0.0036385903995193
2019-04-11,0.98484554978658,0.00039535032446438146,0.014759099888988717
2019-04-12,0.043957113394926174,0.9509614093344162,0.00508147727069054
2019-04-15,0.6723612628646028,0.32019394672833845,0.007444790407091604
2019-04-16,0.4442987370871823,0.5510763879347447,0.004624874978105906
2019-04-17,0.4344294325731303,0.5607230695383331,0.004847497888569625
2019-04-18,0.6009632743957571,0.3925700206993716,0.006466704904904133
2019-04-22,0.2563129305350275,0.7409220468944311,0.002765022570574216
2019-04-23,0.92773424706805,0.06262558566618394,0.00964016726579877
2019-04-24,0.004365301587913606,0.9933259644956136,0.002308733916505695
2019-04-25,0.8780992148406953,0.10912137079080443,0.012779414368533212
2019-04-26,0.02014647182744479,0.9773294404966101,0.0025240876759778713
2019-04-29,0.9703721618453827,0.01796633021564007,0.01166150793901021
2019-04-30,0.08722392882093258,0.9110534664416917,0.0017226047374087864
2019-05-01,0.9591730555623904,0.030105530515330936,0.010721413922311605
2019-05-02,0.5589025722802371,0.43416886647083036,0.006928561248965599
2019-05-03,0.00022052726315552047,0.9890138360869158,0.010765636649961541
2019-05-06,0.8552747441637454,0.1175099440427319,0.02721531179355551
2019-05-07,0.1955804942391654,0.7977301740223514,0.006689331738516067
2019-05-08,0.7102838090973209,0.2803638216397414,0.009352369262970232
2019-05-09,0.3392879279571423,0.6545279948380401,0.0061840772048502345
2019-05-10,0.5244254130505878,0.4624399013846773,0.0131346855647678
2019-05-13,0.40873450208829715,0.5855794838509536,0.005686014060782074
2019-05-14,0.607679032510974,0.3856962485518629,0.0066247189371959544
2019-05-15,0.2557196188289514,0.7415475659286306,0.0027328152424507266
2019-05-16,0.9426454910188728,0.04813238537249453,0.00922212360866527
2019-05-17,0.48414034943072365,0.5108291039697649,0.00503054659954414
2019-05-20,0.43917305579649313,0.554833503665853,0.005993440537686165
2019-05-21,0.46454877949116424,0.5305414347576132,0.004909785751254828
2019-05-22,0.5836402695877799,0.4094017808072584,0.006957949604993883
2019-05-23,0.24060597192414993,0.7516895271884574,0.007704500887425135
2019-05-24,0.6219002312729681,0.36772902719997325,0.010370741527091068
2019-05-28,0.8208267179822616,0.1656775394625784,0.01349574255519229
2019-05-29,0.08427408459152137,0.9088162605848891,0.006909654823621863
2019-05-30,0.6579481643044082,0.3318698092331597,0.010182026462464504
2019-05-31,0.4128112160970112,0.5793793235613145,0.0078094603417064885
2019-06-03,0.3971930142373461,0.5953850090832181,0.007421976679468247
2019-06-04,0.544400978131506,0.45007925165000734,0.005519770218519114
2019-06-05,0.4266518140472475,0.569268425008318,0.004079760944466859
2019-06-06,0.6050245155158233,0.38894708741265616,0.006028397071552723
2019-06-07,0.23384315571763276,0.7631430771494451,0.0030137671329545693
2019-06-10,0.9868648426388824,3.408186931194475e-05,0.013101075491837973
2019-06-11,0.020499877170685514,0.9750558588143932,0.004444264014953719
2019-06-12,0.7793874847767626,0.20897870438246316,0.011633810840806495
2019-06-13,0.1972739717383299,0.7954710250504123,0.007255003211290108
2019-06-14,0.6804901762623772,0.29759474862996205,0.021915075107693024
2019-06-17,0.2953363055900113,0.6809986029664382,0.023665091443583024
2019-06-18,0.4472674070190493,0.5381548027136446,0.014577790267338738
2019-06-19,0.7141680774989466,0.2681262930424196,0.017705629458666418
2019-06-20,0.002053553224933993,0.9746344352120996,0.02331201156299932
2019-06-21,0.9337567994623321,0.037413713614862724,0.028829486922837724
2019-06-24,0.18517427442479079,0.8081490823030419,0.006676643272199782
2019-06-25,0.6523275386920157,0.34058014537206505,0.007092315935951643
2019-06-26,0.400184377286028,0.5958842800407409,0.003931342673263375
2019-06-27,0.5316349814130219,0.46314331364714006,0.005221704939870292
2019-06-28,0.4528029444929149,0.5429384127708641,0.004258642736253093
2019-07-01,0.5072771987834346,0.48792211903600746,0.004800682180590132
2019-07-02,0.5559337436663542,0.43842763431488607,0.0056386220187920255
2019-07-03,0.26297649550983443,0.733771560454771,0.003251944035426926
2019-07-05,0.9734778045279164,0.015402333015642406,0.01111986245647352
2019-07-08,0.13168478738504721,0.8651031884920438,0.003212024122941368
2019-07-09,0.633904926129972,0.3562666162160895,0.00982845765397091
2019-07-10,0.34082298125624816,0.6552039023892615,0.003973116354522861
2019-07-11,0.6911420273917073,0.30050946157310904,0.00834851103521608
2019-07-12,0.2380628979080085,0.7535840005080328,0.008353101583991059
2019-07-15,0.7363956394262166,0.2301946051910953,0.033409755382720396
2019-07-16,0.07319776574984103,0.8681898726168034,0.05861236163338794
2019-07-17,0.6652151315462153,0.2831067695394839,0.051678098914333045
2019-07-18,0.41289130355176173,0.5640830708746863,0.023025625573584084
2019-07-19,0.5018108260561565,0.48178501750691816,0.016404156436957584
2019-07-22,0.324726073149045,0.6595331829427911,0.01574074390819621
2019-07-23,0.5976020140521573,0.39028160945350404,0.01211637649437076
2019-07-24,0.3081213826347046,0.6869621190866785,0.004916498278648936
2019-07-25,0.8145696644507903,0.17618556894966214,0.009244766599579405
2019-07-26,0.294312694021274,0.7023611915463104,0.0033261144324475533
2019-07-29,0.6216256112681178,0.37114031575665135,0.007234072975262892
2019-07-30,0.3349725878526642,0.6571288165659153,0.007898595581452282
2019-07-31,0.5427865520295064,0.44082782655559866,0.01638562141492692
2019-08-01,0.8623249062618362,0.11441515270599349,0.023259941032202067
2019-08-02,0.11454386637577808,0.8686835960259894,0.016772537598264414
2019-08-05,0.5558313318619376,0.43435788410596343,0.009810784032130941
2019-08-06,0.6184234307383208,0.37056266607582317,0.011013903185888015
2019-08-07,1.0659391267021962e-08,0.9810878419119438,0.018912147428696954
2019-08-08,0.9690636743664156,0.0031416035857446314,0.027794722047871628
2019-08-09,0.32929222826559723,0.660243893326748,0.010463878407686587
2019-08-12,0.35372346120900355,0.6389033194228536,0.00737321936817466
2019-08-13,0.7616287802033624,0.22731085007653595,0.011060369720133384
2019-08-14,0.002321717226267313,0.9926639746220567,0.0050143081517078
2019-08-15,0.8629079466281144,0.12433425521608889,0.012757798155828353
2019-08-16,0.18968197157935404,0.806720906908758,0.0035971215119196794
2019-08-19,0.8292434586541445,0.15674125045525636,0.014015290890630663
2019-08-20,0.057572576163120046,0.9312780772683023,0.011149346568609162
2019-08-21,0.4961473035120207,0.47901452790669324,0.024838168581317623
2019-08-22,0.6940751014845611,0.27553445884035827,0.03039043967511232
2019-08-23,0.0015546932717986175,0.9418028471263441,0.05664245960188902
2019-08-26,0.4397657112664178,0.30668048409221144,0.2535538046414026
2019-08-27,0.04530700248948385,0.6236680244964906,0.33102497301405737
2019-08-28,0.20738137826760153,0.5972327616323606,0.19538586010006972
2019-08-29,0.5934541482565526,0.179956933714794,0.22658891802868503
2019-08-30,0.010935578285778442,0.7012810140713479,0.2877834076429053
2019-09-03,5.92150877224237e-07,0.016943558778654038,0.9830558490704999
2019-09-04,0.00010652799463416175,0.08419777038232494,0.9156957016230721
2019-09-05,0.0015021073829585656,5.674096839866203e-06,0.9984922185202328
2019-09-06,0.000664079866318481,0.0034631592145243817,0.9958727609191882
2019-09-09,0.0027804607757668446,0.6945351331943734,0.3026844060298909
2019-09-10,0.47937387224663197,0.3980477178356002,0.12257840991779893
2019-09-11,0.4714781705881985,0.42402589852905365,0.10449593088277893
2019-09-12,0.12845637383230965,0.6954013810586569,0.1761422451090646
2019-09-13,0.4710933256047794,0.029491926133500542,0.49941474826175114
2019-09-16,0.00035218118585971886,0.7622722588411817,0.23737555997298967
2019-09-17,0.5226860880130988,0.38752222570561945,0.08979168628131293
2019-09-18,0.4337499119320536,0.49815783969305216,0.0680922483749254
2019-09-19,0.4798062817791707,0.43389735175107164,0.08629636646978894
2019-09-20,0.18715564941064927,0.6057028596238186,0.20714149096556328
2019-09-23,2.767628773663511e-07,0.2509024794001747,0.7490972438369793
2019-09-24,0.17357286633389446,0.08862996177461113,0.7377971718915257
2019-09-25,0.19727263813338594,0.05480648147031553,0.7479208803963296
2019-09-26,0.11002934639606078,0.19571251865925404,0.6942581349447164
2019-09-27,0.0335104735820771,0.20410519228191434,0.7623843341360401
2019-09-30,0.10751735411715668,0.004773307464914132,0.8877093384179607
2019-10-01,0.003368496985374181,0.5692760713677709,0.4273554316468866
2019-10-02,0.22471219617972965,0.5321369197584063,0.2431508840618957
2019-10-03,0.511258344829055,0.40178562148899777,0.086956033681979
2019-10-04,0.3756238266545246,0.6022737547310548,0.022102418614452363
2019-10-07,0.5989621974370353,0.3874083906253104,0.013629411937686124
2019-10-08,0.33308038030521514,0.6562554290590241,0.010664190635792437
2019-10-09,0.4536122555390652,0.5379709746844623,0.008416769776504383
2019-10-10,0.6261482124503749,0.362301790044307,0.011549997505349931
2019-10-11,0.6318846272328589,0.35813755276098136,0.00997782000619159
2019-10-14,0.027521397577197758,0.9686072207766933,0.0038713816461406736
2019-10-15,0.9810082905726754,0.003553335649194315,0.015438373778161742
2019-10-16,0.28728651319156323,0.7067691599750773,0.005944326833391059
2019-10-17,0.448884220490163,0.5439663615984984,0.00714941791137019
2019-10-18,0.621492901410461,0.37088279035021315,0.0076243082393575344
2019-10-21,0.35090034911898843,0.6431316408041885,0.0059680100768546955
2019-10-22,0.5555876223420521,0.43736796774130615,0.007044409916673497
2019-10-23,0.5067417110740371,0.4844038812812007,0.008854407644793776
2019-10-24,0.22526807362920453,0.7595328205739802,0.015199105796846758
2019-10-25,0.4665817223817366,0.522979817472682,0.010438460145613022
2019-10-28,0.5522561073130757,0.44066707731250143,0.00707681537445449
2019-10-29,0.4189946644050567,0.576354764331562,0.004650571263412861
2019-10-30,0.5705513405110624,0.42358863215684645,0.005860027332122672
2019-10-31,0.344943707627048,0.6501976696853453,0.0048586226876383195
2019-11-01,0.6557981395304798,0.3366041333586105,0.007597727110941122
2019-11-04,0.22432123277791752,0.7697131228053852,0.005965644416728692
2019-11-05,0.9677635973589591,0.006924135562392552,0.025312267078679732
2019-11-06,0.05875329824533408,0.9310869900110553,0.010159711743641863
2019-11-07,0.944655088859308,0.0012731188136987138,0.054071792327024505
2019-11-08,0.38464506890252514,0.5911680605256704,0.024186870571835824
2019-11-11,0.4970888392941276,0.4926147449002904,0.010296415805613279
2019-11-12,0.5187786070933664,0.4718717017488111,0.009349691157853883
2019-11-13,0.3014690036165862,0.6880576664756055,0.01047332990783969
2019-11-14,0.5842862547436772,0.40797626464799913,0.007737480608354982
2019-11-15,0.4355730168002501,0.559057447264095,0.0053695359356861795
2019-11-18,0.5349333735785892,0.45938153729612685,0.005685089125315334
2019-11-19,0.41231501476804056,0.582065892317712,0.005619092914278653
2019-11-20,0.5074417491429898,0.4873811425085798,0.005177108348461655
2019-11-21,0.5015755860241142,0.49326789408064253,0.005156519895274424
2019-11-22,0.4634735812697654,0.5308095467523383,0.0057168719779276365
2019-11-25,0.4874510066645078,0.5034534387840418,0.009095554551481543
2019-11-26,0.2827764483707055,0.7111956723997928,0.00602787922953292
2019-11-27,0.734249754727263,0.25714505945844224,0.008605185814325908
2019-11-29,0.25621349828852735,0.7401170329098857,0.0036694688016177864
2019-12-02,0.7730478838277953,0.21463115981304537,0.012320956359190224
2019-12-03,0.009547435015967054,0.9875549545313239,0.0028976104527400947
2019-12-04,0.9853797645449829,0.0007412524903705654,0.013878982964677197
2019-12-05,0.02349800185133976,0.9742093347530968,0.0022926633955942734
2019-12-06,0.9764337385031192,0.0016804107339418242,0.02188585076296974
2019-12-09,0.16396373747004397,0.8309348158216974,0.005101446708289555
2019-12-10,0.6552323521417,0.3375931813896357,0.0071744664686952
2019-12-11,0.418004254459857,0.5774330694635788,0.004562676076594746
2019-12-12,0.5576526427424386,0.43577675614295386,0.006570601114638023
2019-12-13,0.4496820702629825,0.5453933838070024,0.004924545930045531
2019-12-16,0.4964986488362716,0.49792831810526417,0.005573033058494518
2019-12-17,0.4924266033389287,0.5019815960403936,0.005591800620708119
2019-12-18,0.48941971595333245,0.5044329181061695,0.006147365940528433
2019-12-19,0.4323243646964516,0.5590908721141129,0.008584763189465758
2019-12-20,0.4785620843538553,0.5053770522934238,0.016060863352751188
2019-12-23,0.2938011863480199,0.6728085618165804,0.033390251835430124
2019-12-24,0.5443302034975666,0.407191412905202,0.048478383597261795
2019-12-26,0.4075334340217143,0.5748669334616467,0.017599632516669277
2019-12-27,0.5005800718146556,0.4886479056452641,0.010772022540110851
2019-12-30,0.45156451786693735,0.5421699055713127,0.006265576561780287
2019-12-31,0.5634672467477299,0.42801492857695295,0.008517824675347632
2020-01-02,0.31359993102821926,0.6777954710188167,0.008604597952994484
2020-01-03,0.5476069060137863,0.44498605230887983,0.007407041677364244
2020-01-06,0.5341103078830468,0.458263076107065,0.007626616009918495
2020-01-07,0.28161279320037647,0.705851320965586,0.012535885834067811
2020-01-08,0.7061860593629096,0.2790289254279054,0.014785015209215182
2020-01-09,0.5312211909267542,0.4545269753449208,0.014251833728354922
2020-01-10,0.14550050420822036,0.8414486512919778,0.01305084449983183
2020-01-13,0.6215462431670724,0.36655766420547775,0.011896092627479671
2020-01-14,0.8200576848711514,0.16453548824677447,0.015406826882103946
2020-01-15,0.0026052795550531613,0.9919678518662296,0.005426868578746943
2020-01-16,0.8927078651453695,0.09112673364860994,0.016165401206050076
2020-01-17,0.03597685662865532,0.9615276473529019,0.002495496018472126
2020-01-21,0.984054939689684,0.0022092686112252804,0.013735791699120061
2020-01-22,0.10768644750502787,0.8880128982033625,0.004300654291638809
2020-01-23,0.8080791598607973,0.17282975932717187,0.01909108081205982
2020-01-24,0.01676888275823934,0.9568328112466084,0.026398305995181268
2020-01-27,0.43003305068986786,0.46333611586770923,0.10663083344245167
2020-01-28,0.8442437100712784,8.665153880720127e-05,0.15566963838994322
2020-01-29,0.25278460030979216,0.6159625652637525,0.13125283442648428
2020-01-30,0.060132390883736196,0.7324887544986726,0.20737885461762018
2020-01-31,0.43502576627108863,0.5244861018666368,0.04048813186230357
2020-02-03,0.8142248184255232,0.14817154836130741,0.03760363321319855
2020-02-04,0.25799841037263577,0.7324333001567944,0.009568289470598776
2020-02-05,0.7090918392073128,0.2786281718813232,0.01227998891139314
2020-02-06,0.08949420747493085,0.9044764496588903,0.0060293428662078
2020-02-07,0.9104227515701281,0.07540204385801559,0.014175204571885331
2020-02-10,0.08931802160240847,0.9082333721605136,0.0024486062371068982
2020-02-11,0.8968707485594234,0.0933640443086889,0.009765207131916608
2020-02-12,0.45274205695164227,0.5415994661216172,0.005658476926769362
2020-02-13,0.16033324181980702,0.8267042701440701,0.01296248803615184
2020-02-14,0.784481578369182,0.18941968840711765,0.026098733223729447
2020-02-18,0.0033660284474095136,0.9628086687458702,0.033825302806749225
2020-02-19,0.5033463512112916,0.4551106786248379,0.041542970163899386
2020-02-20,0.40780179231964914,0.5470376064503344,0.04516060123004514
2020-02-21,0.407150541746957,0.47470133453492214,0.11814812371814959
2020-02-24,0.01950212580068795,0.5913708798181754,0.38912699438116505
2020-02-25,0.24674033388186076,7.749978054543923e-07,0.7532588911203619
2020-02-26,0.08181031611062828,0.17602919303329748,0.7421604908561024
2020-02-27,0.0016247972862751083,0.15758200948715692,0.8407931932265962
2020-02-28,4.332921061776867e-08,4.8627708406214676e-15,0.9999999566708124
2020-03-02,6.524465873087378e-05,0.3597867776375925,0.6401479777037045
2020-03-03,0.1692590222830096,0.26777316635507475,0.5629678113619435
2020-03-04,0.24408988746459126,0.5497745582282142,0.2061355543072225
2020-03-05,0.403111641571453,0.47091032306994074,0.12597803535863433
2020-03-06,0.4856289299542859,0.36932582845205564,0.14504524159368654
2020-03-09,0.6806932792803362,0.15114657511448518,0.16816014560520667
2020-03-10,0.1845092051985551,0.6514752398015042,0.1640155549999687
2020-03-11,0.012310789404611644,0.48914647426752944,0.4985427363278868
2020-03-12,0.004948814304798502,0.0049040149100944425,0.9901471707851353
2020-03-13,5.53665299615811e-18,8.227844355435072e-17,1.0000000000000278
2020-03-16,7.50862809477787e-30,4.6811011214945394e-35,1.0000000000000278
2020-03-17,2.5625090432224906e-07,0.01743278593989751,0.9825669578092261
2020-03-18,0.00014209349661695693,7.3510468671490095e-06,0.9998505554565439
2020-03-19,4.0552967806604834e-09,0.004959201588557236,0.9950407943561738
2020-03-20,2.507599776882358e-06,0.028348185452686473,0.9716493069475645
2020-03-23,2.2498735410766234e-14,1.276980929419842e-07,0.9999998723019125
2020-03-24,3.3970621042294676e-13,1.5516111646704626e-08,0.9999999844835766
2020-03-25,3.2320292756993075e-08,0.0017670712927797384,0.9982328963869554
2020-03-26,0.0008104755685267331,0.002675316964431724,0.9965142074670694
2020-03-27,0.0018509379039585935,0.059489183446872373,0.938659878649197
2020-03-30,0.047837456299480614,0.010930801394961687,0.9412317423055857
2020-03-31,0.019345548378484664,0.1720598015956486,0.8085946500258949
2020-04-01,0.0033036167852256997,0.1521006675844739,0.8445957156303284
2020-04-02,1.45016826899248e-07,0.002461880496227969,0.997537974486973
2020-04-03,0.0004028299571272865,0.029198830488594316,0.9703983395543062
2020-04-06,5.435071786654949e-06,0.0033860377633533403,0.9966085271648879
2020-04-07,0.0006949476692710993,0.18484968811630517,0.8144553642144515
2020-04-08,0.13925577255836347,0.0071521384724632115,0.8535920889692012
2020-04-09,2.76995896172843e-08,0.17174399353006095,0.8282559787703774
2020-04-13,0.16724613356902832,8.272781164297112e-06,0.8327455936498352
2020-04-14,4.2470801201599154e-07,0.7769004793229584,0.22309909596905753
2020-04-15,0.7628308249572264,3.838639910244345e-07,0.23716879117881043
2020-04-16,0.0020606022058154427,0.9638712433725921,0.03406815442162004
2020-04-17,0.9483295016284334,0.0006395569336329328,0.05103094143796109
2020-04-20,1.5176827369608606e-05,0.9879885624775175,0.011996260695140296
2020-04-21,0.9459881447537503,1.5886752275793036e-10,0.05401185508740959
2020-04-22,5.773196967643045e-08,0.9827611544316481,0.017238787836409534
2020-04-23,0.2573540762381363,0.7271289889320377,0.015516934829853193
2020-04-24,0.8774244381375469,0.10062126775593382,0.021954294106546427
2020-04-27,0.35770136717743706,0.6344909247985596,0.007807708024030416
2020-04-28,0.7117608545921421,0.2779132348214474,0.01032591058643725
2020-04-29,0.3075223230365127,0.6878373454823501,0.004640331481163955
2020-04-30,0.9787467631511124,0.007766856887196398,0.013486379961717955
2020-05-01,0.15107639401892578,0.8449138327142247,0.004009773266876046
2020-05-04,0.8641193350099597,0.12144629833580296,0.014434366654263822
2020-05-05,3.615973047777437e-05,0.9888778053827034,0.011086034886845331
2020-05-06,0.8000808361411008,0.13174030145119178,0.068178862407734
2020-05-07,4.422339397480649e-06,0.939937455524509,0.06005812213612009
2020-05-08,0.31021057400662716,0.6453538477473475,0.044435578246051835
2020-05-11,0.5622602496228756,0.39508493153799523,0.0426548188391557
2020-05-12,0.4049234379160653,0.5383485370365748,0.0567280250473864
2020-05-13,0.26668493781996133,0.5440993391374411,0.189215723042624
2020-05-14,6.513575938331362e-06,0.3510782786634812,0.6489152077606066
2020-05-15,1.31060417845051e-06,5.2622418909472444e-05,0.9999460669769382
2020-05-18,4.481316926417744e-05,0.15916919125734227,0.8407859955734197
2020-05-19,0.09780746614378083,0.0833904247723638,0.8188021090838815
2020-05-20,0.03159130500695942,0.3382830128136354,0.6301256821794311
2020-05-21,0.2512343641170656,0.001204939166347687,0.7475606967166127
2020-05-22,0.0007047030581872832,0.6483118851728623,0.35098341176897646
2020-05-26,0.48077201856594215,0.2794459008356488,0.23978208059843503
2020-05-27,0.30702522270811433,0.49922603034293733,0.19374874694897426
2020-05-28,0.27370213949504174,0.44022197004521024,0.286075890459774
2020-05-29,0.13793777491301978,0.2857813183856843,0.5762809067013216
2020-06-01,0.09882644213301806,0.3452500509171924,0.5559235069498152
2020-06-02,0.3334352730695574,0.012960887546974437,0.653603839383494
2020-06-03,0.08562818669945362,0.4315302084282797,0.4828416048722924
2020-06-04,0.1880222373301749,0.53328846388383,0.2786892987860206
2020-06-05,0.6436831057826126,0.012353249985845128,0.343963644231568
2020-06-08,0.0027419816712964873,0.9167030917373694,0.08055492659135963
2020-06-09,0.764514964656824,0.20231990196909247,0.03316513337410914
2020-06-10,0.42915486735316877,0.5574318582954644,0.01341327435139246
2020-06-11,0.2193378701575395,0.7675264113084755,0.013135718534010582
2020-06-12,0.9068751796629856,0.0728916744878638,0.020233145849176234
2020-06-15,0.5481156098527763,0.43795369284860114,0.013930697298648206
2020-06-16,0.24723699545146127,0.72580651245805,0.02695649209051474
2020-06-17,0.3116521320688815,0.6794325465573587,0.008915321373785449
2020-06-18,0.91774595703769,0.067839321988085,0.014414720974250892
2020-06-19,0.0008365089491135113,0.9950856283451592,0.004077862705752904
2020-06-22,0.862369226027632,0.12873440942878417,0.008896364543609453
2020-06-23,0.11968071929466097,0.8781411828116222,0.0021780978937423062
2020-06-24,0.979261580058547,0.005545433602212406,0.01519298633926601
2020-06-25,0.01286464811772007,0.9805765643257323,0.006558787556573002
2020-06-26,0.3028550437827568,0.685163409216614,0.011981547000654584
2020-06-29,0.7790966608555507,0.20706178100113548,0.013841558143339103
2020-06-30,0.00048664259231522835,0.9875896829127147,0.011923674494995425
2020-07-01,0.9757765549721361,0.00017169897735204887,0.02405174605053694
2020-07-02,0.0771785330849959,0.9154791913489583,0.007342275566070982
2020-07-06,0.6300532388673543,0.35654403257423306,0.013402728558437972
2020-07-07,0.4810571164639002,0.5041072829151588,0.014835600620966291
2020-07-08,0.14827084517617817,0.8196721323445569,0.03205702247929042
2020-07-09,0.8113410256808986,0.14732365568359557,0.04133531863553113
2020-07-10,0.39648029521331496,0.5669858724143834,0.03653383237232705
2020-07-13,0.0007487911882904184,0.8492784504862386,0.14997275832549667
2020-07-14,0.8375241805471442,0.00474038164351165,0.15773543780936955
2020-07-15,0.03193178964746901,0.902644313930673,0.06542389642188341
2020-07-16,0.785719371550011,0.10125441484159559,0.11302621360841875
2020-07-17,0.11525783812237551,0.7577098663503483,0.12703229552730164
2020-07-20,0.0008497653764572739,0.28211230938390036,0.7170379252396678
2020-07-21,3.749766400805786e-12,1.7341757230274946e-05,0.9999826582390456
2020-07-22,3.170970742649179e-14,4.9122187463078155e-09,0.9999999950877752
2020-07-23,0.00012075878241214499,0.03288049888747252,0.9669987423301409
2020-07-24,0.00015509421350286352,0.10644470012184842,0.8934002056646742
2020-07-27,1.9507613180286445e-11,4.365809407768479e-05,0.99995634188644
2020-07-28,0.00019171557056754492,0.04041618977924427,0.9593920946502135
2020-07-29,0.000337363833264652,0.13236337102274148,0.867299265144019
2020-07-30,0.0008150378729266007,2.5353339544122747e-05,0.9991596087875543
2020-07-31,7.264993575723619e-09,0.01801734837484788,0.9819826443601837
2020-08-03,6.652891231955134e-05,0.09307557239430253,0.906857898693403
2020-08-04,8.030147939520725e-12,1.5273273359647901e-06,0.999998472664659
2020-08-05,2.9467613345266874e-09,0.007558515805635141,0.9924414812476285
2020-08-06,8.800154801633832e-11,2.7315619993179462e-06,0.9999972683500243
2020-08-07,1.9123821946323174e-07,0.00012929410791114358,0.9998705146538946
2020-08-10,1.2890104941889635e-18,2.7893025497960265e-05,0.9999721069745273
2020-08-11,3.302645278940752e-21,4.5717740179155003e-35,1.000000000000025
2020-08-12,1.7661244650634758e-07,0.04491530116281219,0.9550845222247664
2020-08-13,2.984470391769787e-15,6.342037342475238e-07,0.9999993657962879
2020-08-14,1.462561367104243e-10,6.868679089334967e-13,0.9999999998530821
2020-08-17,8.784412615203385e-14,0.0013459289960827947,0.9986540710038543
2020-08-18,0.0004557221208191454,0.8222824675406566,0.1772618103385494
2020-08-19,0.794122550489781,0.027141111245902565,0.17873633826434154
2020-08-20,0.23176669672990055,0.6901456664921,0.07808763677802474
2020-08-21,0.647223956253428,0.27872269988686393,0.07405334385973324
2020-08-24,0.23883880826442294,0.6882635862689775,0.07289760546662472
2020-08-25,0.652859666003849,0.14805389864012491,0.1990864353560513
2020-08-26,1.136672952783644e-06,0.7148825227921273,0.28511634053494483
2020-08-27,0.6714810649123829,0.005864271487399842,0.3226546636002421
2020-08-28,0.011165962799421293,0.7104315439788387,0.27840249322176497
2020-08-31,0.04644954078858018,0.3454693149455669,0.608081144265878
2020-09-01,0.09390090049388261,0.416044509573812,0.49005458993233036
2020-09-02,0.40738551786398935,9.466546078963518e-05,0.5925198166752461
2020-09-03,0.21413898932792885,0.36368162674342064,0.4221793839286755
2020-09-04,0.3801233539800245,0.40542067455866215,0.21445597146133824
2020-09-08,0.1549496542019077,0.7364212592253303,0.1086290865727868
2020-09-09,0.6721978348861889,0.27588377500291283,0.051918390110922995
2020-09-10,0.1426934156827232,0.8411612758466823,0.01614530847061908
2020-09-11,0.8813058368386564,0.08898152012265814,0.029712643038709942
2020-09-14,0.052452488976909795,0.9340470162429816,0.01350049478013311
2020-09-15,0.7106390082324484,0.26639017666718023,0.02297081510039576
2020-09-16,0.27015767076844205,0.7013865323618604,0.028455796869721897
2020-09-17,0.6472341478245952,0.22698679098740263,0.12577906118802637
2020-09-18,0.002146958962760848,0.7728655633210362,0.2249874777162271
2020-09-21,1.1634480860600805e-14,1.787736898802898e-22,1.0000000000000127
2020-09-22,4.511844158485947e-08,0.0882796524582841,0.9117203024232983
2020-09-23,7.359743148788163e-05,1.684888976874523e-06,0.9999247176795594
2020-09-24,0.00013075556410764786,0.27236396758121145,0.727505276854705
2020-09-25,0.11498902236738022,0.18229581491773839,0.7027151627149056
2020-09-28,0.005693526121402484,0.15509380589210647,0.8392126679865151
2020-09-29,0.0009257215158871594,0.00665956923277562,0.9924147092513613
2020-09-30,0.002857968643079179,6.048151337556763e-05,0.9970815498435692
2020-10-01,1.0044148215327168e-05,0.2564480512170438,0.743541904634765
2020-10-02,0.23121815046875782,0.22901217635277044,0.539769673178496
2020-10-05,0.027249358984981698,0.6470815422586436,0.3256690987563988
2020-10-06,0.6272669594922036,0.018778571312335825,0.35395446919548473
2020-10-07,0.2257915799610591,0.4829581429291165,0.2912502771098484
2020-10-08,0.08867926498555098,0.47187214735347144,0.4394485876610017
2020-10-09,5.1065587125474294e-06,0.10785243401215175,0.8921424594291594
2020-10-12,0.01724408588449385,0.3059744258644762,0.6767814882510536
2020-10-13,0.24106310784933765,7.57338235694426e-06,0.758929318768329
2020-10-14,0.005385227170912511,0.8115406896412871,0.18307408318782406
2020-10-15,0.5684761331822553,0.3779620772585245,0.05356178955924354
2020-10-16,0.5059365825578399,0.46244279296472957,0.03162062447745403
2020-10-19,0.11252634967994345,0.8711037419621976,0.01636990835788222
2020-10-20,0.7096216163300018,0.2723650909496293,0.01801329272039227
2020-10-21,0.22822581023459151,0.763962516749618,0.007811673015813956
2020-10-22,0.8572302881342369,0.12059297338020439,0.02217673848558204
2020-10-23,0.25115991184148406,0.736026138998599,0.01281394915994034
2020-10-26,0.6516824421388733,0.2930158343053197,0.05530172355583052
2020-10-27,0.055667771182667254,0.8030421578519065,0.14129007096544968
2020-10-28,0.35804122105319197,9.581640149848475e-05,0.6418629625453327
2020-10-29,0.048343253710788625,0.5573625755134844,0.3942941707757501
2020-10-30,0.30284522065594094,0.2990587120296342,0.3980960673144478
2020-11-02,0.34241448534047997,0.23016745595750107,0.427418058702042
2020-11-03,0.08889075409648395,0.43339927051958427,0.4777099753839548
2020-11-04,0.12502562520589186,0.07363608350698486,0.8013382912871465
2020-11-05,6.577772359614995e-08,0.13382995398648323,0.8661699802358163
2020-11-06,0.00014139029276115603,0.09355585762597492,0.9063027520812871
2020-11-09,4.7046858283540386e-05,4.5364226644838025e-17,0.9999529531417395
2020-11-10,8.035147113207484e-11,0.892633124341029,0.10736687557864255
2020-11-11,0.792758835127565,0.1340410875486543,0.07320007732380385
2020-11-12,0.3145179412720942,0.6565769298418371,0.02890512888609166
2020-11-13,0.46220996890085736,0.5056589435739374,0.03213108752522834
2020-11-16,0.40010368103297717,0.5907941500054713,0.009102168961574494
2020-11-17,0.6856256610765069,0.30350690900921184,0.010867429914304174
2020-11-18,0.13919976809808932,0.8548077139970222,0.005992517904911156
2020-11-19,0.9719283451459425,0.004518269157475734,0.02355338569660439
2020-11-20,0.0026638340754129774,0.9837155646976644,0.013620601226945346
2020-11-23,0.8328218533050724,7.889915710894969e-05,0.1670992475378415
2020-11-24,0.5557191573553215,0.28013748197386074,0.16414336067084073
2020-11-25,0.028018279384066046,0.7100521101462562,0.2619296104697006
2020-11-27,0.13097306286272192,0.0010071200710648016,0.8680198170662361
2020-11-30,0.0013350732653212838,0.20552596010770569,0.7931389666269957
2020-12-01,3.513776534754285e-10,0.004075421188568858,0.995924578460076
2020-12-02,0.003495637437033639,0.4834547125298716,0.5130496500331174
2020-12-03,0.35758346480545916,0.37335266887703794,0.26906386631752544
2020-12-04,0.29798565757063106,0.4747142464159467,0.2273000960134449
2020-12-07,0.06664770998910756,0.6656444185704311,0.2677078714404839
2020-12-08,0.3224545710877167,0.40211645365709653,0.2754289752552093
2020-12-09,0.56180024799804,0.10649272745366409,0.3317070245483187
2020-12-10,0.18999848891489593,0.6830370610660084,0.12696445001911835
2020-12-11,0.5484349692609628,0.3438129268044491,0.10775210393461046
2020-12-14,0.2830586178994417,0.5757147826552645,0.14122659944531638
2020-12-15,0.07352768891209836,0.4809926215299052,0.44547968955801903
2020-12-16,0.10533937542170783,0.1986374650949676,0.6960231594833473
2020-12-17,0.03768357629920272,0.10670065323700934,0.8556157704638104
2020-12-18,0.09827337647830134,0.3939220048960319,0.5078046186256893
2020-12-21,0.20607147838295622,0.3986968222940268,0.3952316993230394
2020-12-22,0.5481305816001528,0.01920395585284386,0.4326654625470257
2020-12-23,0.03724266799808511,0.7430877644659023,0.2196695675360349
2020-12-24,0.4570047913860036,0.3418633940474644,0.20113181456655432
2020-12-28,0.33480085172704377,0.404334833939093,0.2608643143338857
2020-12-29,0.35524611739801565,0.41094061831151185,0.2338132642904949
2020-12-30,0.3819667556337528,0.38193308857416497,0.23610015579210453
2020-12-31,0.11851657822661434,0.5380360133764404,0.34344740839696786
2021-01-04,0.01185222544741965,0.15702483643300283,0.8311229381196004
2021-01-05,0.08638003858963852,0.2042682187072944,0.7093517427030896
2021-01-06,0.14480945501515446,0.09157141353056933,0.7636191314542988
2021-01-07,0.000359230283583468,0.24288798198377665,0.7567527877326624
2021-01-08,5.3369948528259144e-11,3.5597022402082125e-26,0.9999999999466526
2021-01-11,3.045559002421675e-09,0.7431243000618593,0.2568756968926045
2021-01-12,0.5011666327349708,0.4217807036456608,0.07705266361939117
2021-01-13,0.5119725969452824,0.4316153896958259,0.05641201335891429
2021-01-14,0.3175862438096543,0.6140929254592171,0.06832083073115125
2021-01-15,0.8659654350789521,0.006002787075652528,0.1280317778454181
2021-01-19,0.01969427344948872,0.9443021841869211,0.03600354236361272
2021-01-20,0.8157275188107795,0.14262904079122024,0.041643440398022896
2021-01-21,0.288510695267077,0.6978418558463083,0.013647448886637197
2021-01-22,0.5726048615714859,0.4079116300615433,0.019483508366993054
2021-01-25,0.48749025345182806,0.486638401370571,0.025871345177623507
2021-01-26,0.4208060588268201,0.5500901799987125,0.029103761174490005
2021-01-27,0.4977209560158581,0.4222578499401305,0.08002119404403407
2021-01-28,0.0001081363707930914,0.6919186333021351,0.3079732303270944
2021-01-29,8.605573345403562e-06,0.0003745777348467663,0.9996168166918306
2021-02-01,6.366365967386755e-22,1.1095842396322952e-17,1.0000000000000226
2021-02-02,1.8865954411428737e-20,1.3575866895792985e-28,1.0000000000000229
2021-02-03,2.7472367754629757e-06,0.23178623381406865,0.7682110189491786
2021-02-04,0.16126711499406382,0.0544196229480428,0.784313262057916
2021-02-05,0.021616350434908286,0.2973339747693509,0.6810496747957634
2021-02-08,0.16690321401891076,0.46516960064164004,0.3679271853394717
2021-02-09,0.422189802060318,0.4205026539537755,0.15730754398592903
2021-02-10,0.27476356738318775,0.6802220587497867,0.04501437386704808
2021-02-11,0.5789020395072608,0.4029348229574539,0.018163137535307752
2021-02-12,0.3866335287554193,0.6007769200645882,0.01258955118001515
2021-02-16,0.5626284074807422,0.42377794524943474,0.013593647269845653
2021-02-17,0.27348160668605515,0.7112969603033541,0.015221433010613142
2021-02-18,0.5767467553758587,0.3944995452078111,0.028753699416352446
2021-02-19,0.4113766262239138,0.5433110533401714,0.04531232043593706
2021-02-22,0.25068065574237813,0.5775980784195475,0.17172126583809677
2021-02-23,0.6591578463398887,0.20412775492946106,0.1367143987306728
2021-02-24,0.39008418877953077,0.5057837479538086,0.10413206326668314
2021-02-25,0.1521296136293586,0.6816177810054063,0.16625260536525777
2021-02-26,0.6014079807967958,0.0014934647927141085,0.3970985544105128
2021-03-01,0.09880380070372226,0.7138707575289109,0.1873254417673897
2021-03-02,0.3251581661615961,0.5553880576868978,0.11945377615152894
2021-03-03,0.735925261740987,0.10183310238212823,0.1622416358769077
2021-03-04,0.19098329087482505,0.6371429657043283,0.17187374342086978
2021-03-05,0.42713864216013464,0.47273760670133796,0.10012375113855033
2021-03-08,0.4519280440375859,0.42388678275106884,0.12418517321136824
2021-03-09,0.2751456780244932,0.48224288032163937,0.24261144165389043
2021-03-10,0.4451946856998314,0.48260680972608383,0.07219850457410758
2021-03-11,0.385992841239467,0.5907931100414234,0.023214048719132185
2021-03-12,0.4909962702328514,0.49321740087127947,0.015786328895891717
2021-03-15,0.4325602348765293,0.5492240964574452,0.018215668666048263
2021-03-16,0.49152956904110884,0.4960075035652798,0.012462927393634072
2021-03-17,0.5226435523139359,0.46477777628643613,0.0125786713996504
2021-03-18,0.2556081480120672,0.7148641735089999,0.029527678478955394
2021-03-19,0.534381372228672,0.43686571161895177,0.02875291615239876
2021-03-22,0.4733758546152195,0.4750567550227565,0.05156739036204632
2021-03-23,0.5028475996689836,0.46389502714290654,0.033257373188132294
2021-03-24,0.5189230254798097,0.4668004075485359,0.014276566971676804
2021-03-25,0.35589170893867683,0.635894656692367,0.008213634368978574
2021-03-26,0.5518966504386345,0.4364363653976323,0.011666984163755643
2021-03-29,0.41989818043191657,0.5563954358522823,0.023706383715823613
2021-03-30,0.16743208888054795,0.7717979527163935,0.060769958403081255
2021-03-31,0.4617511023838777,0.5012127132730876,0.037036184343057305
2021-04-01,0.6875839238309143,0.28411060211713346,0.02830547405197476
2021-04-05,0.30637908578260187,0.6789253954565856,0.01469551876083489
2021-04-06,0.4516814114475998,0.5275856924820108,0.020732896070411917
2021-04-07,0.4608233064598823,0.5303979518977823,0.008778741642357937
2021-04-08,0.5493155933308497,0.4401805344874782,0.010503872181694612
2021-04-09,0.46405218067926296,0.5189014799859718,0.017046339334787528
2021-04-12,0.4233794773123268,0.5317988283751907,0.04482169431250482
2021-04-13,0.10822054145005483,0.856200059540214,0.03557939900975339
2021-04-14,0.6558800557027971,0.3274395822741274,0.01668036202309768
2021-04-15,0.3839499797448836,0.6051653366186839,0.010884683636454829
2021-04-16,0.6636199977190061,0.32614116789173286,0.010238834389283108
2021-04-19,0.23238332702964043,0.7593977463308176,0.008218926639564195
2021-04-20,0.7693426528798171,0.2156426268470716,0.015014720273133268
2021-04-21,0.020541139437425762,0.9602129767308457,0.019245883831750514
2021-04-22,0.9489194736249336,0.02607832898098332,0.025002197394105412
2021-04-23,0.1407945309521309,0.8541087023563195,0.005096766691571965
2021-04-26,0.7106557095672609,0.28107581991334324,0.00826847051941839
2021-04-27,0.27592636834586537,0.7202975803727807,0.003776051281376393
2021-04-28,0.8884589450330979,0.10124833378372798,0.010292721183196494
2021-04-29,0.19860459807273173,0.7987278914730773,0.002667510454213033
2021-04-30,0.8004232878014994,0.1876157645665748,0.011960947631947669
2021-05-03,1.23015543584847e-07,0.986683829857924,0.013316047126554407
2021-05-04,0.9526615821444686,0.01336938803931089,0.0339690298162427
2021-05-05,0.4872707017023752,0.48852451855729445,0.0242047797403527
2021-05-06,0.0006263270911772119,0.955327081635207,0.044046591273638046
2021-05-07,0.8159010297105516,0.16100236573191204,0.023096604557558555
2021-05-10,0.3352599544157517,0.6566927224394599,0.008047323144810707
2021-05-11,0.5205612208816379,0.47096817855418066,0.008470600564203682
2021-05-12,0.629014135525594,0.3588807013429702,0.012105163131458013
2021-05-13,0.36690056389326225,0.6131051582145716,0.01999427789218844
2021-05-14,0.4601413740024483,0.4602675068686932,0.07959111912888064
2021-05-17,0.10372010501380044,0.6354708776032449,0.2608090173829768
2021-05-18,0.47708769500376286,0.4584013955754346,0.06451090942082464
2021-05-19,0.5427018252387565,0.42827268909401106,0.029025485667254446
2021-05-20,0.2858933381529952,0.7054746520131716,0.008632009833855224
2021-05-21,0.9552411991194087,0.024158899270474935,0.02059990161013843
2021-05-24,0.013963241730276098,0.9803722936486573,0.005664464621088337
2021-05-25,0.6914244966242207,0.30061170710465696,0.00796379627114386
2021-05-26,0.41547118657865467,0.5801607850801619,0.004368028341205123
2021-05-27,0.5162235295075114,0.4784814278500424,0.005295042642468018
2021-05-28,0.465044927634494,0.5295103025488743,0.00544476981665347
2021-06-01,0.5165279483819749,0.47343488669565836,0.01003716492238852
2021-06-02,0.2694124487786996,0.7253182050152728,0.005269346206049426
2021-06-03,0.9788035594419477,0.00449643557646986,0.016700004981604365
2021-06-04,0.014654011872393466,0.978921486788107,0.006424501339521536
2021-06-07,0.5041414281635921,0.4887231578687153,0.0071354139677146395
2021-06-08,0.7944677229885034,0.19517517303407356,0.010357103977445083
2021-06-09,0.12703968002190127,0.8666586266450711,0.006301693333049694
2021-06-10,0.626331319358565,0.3637760563564122,0.009892624285044881
2021-06-11,0.48166667150206977,0.5059046591479186,0.012428669350034005
2021-06-14,0.37950304493165504,0.5897508732076913,0.030746081860676004
2021-06-15,0.5769470804410525,0.3161481880209522,0.10690473153801765
2021-06-16,0.008662653188427245,0.7328886132544733,0.25844873355712167
2021-06-17,0.06933307911841398,3.0491235909542356e-15,0.9306669208816051
2021-06-18,0.002647214558225024,0.7930228740326237,0.2043299114091732
2021-06-21,0.5690254683593051,0.3705084947054435,0.060466036935273124
2021-06-22,0.35347761757692675,0.625076723771467,0.02144565865162809
2021-06-23,0.5283753712545722,0.45690771150028603,0.01471691724516365
2021-06-24,0.4297850383227084,0.5641196683153685,0.006095293361944956
2021-06-25,0.5676489743760634,0.4261602730779701,0.0061907525459883005
2021-06-28,0.3642461741891263,0.6309696808310173,0.004784144979878163
2021-06-29,0.7760523072254177,0.21207521457437498,0.011872478200229082
2021-06-30,0.0779294708802858,0.9156387148505493,0.006431814269186854
2021-07-01,0.8515985322527877,0.1335710383835343,0.014830429363699918
2021-07-02,0.04247870796257581,0.954581074874405,0.002940217163041065
2021-07-06,0.9500170983373519,0.03834037136566711,0.011642530297002749
2021-07-07,0.2206379135300344,0.7764698348698709,0.0028922516001163904
2021-07-08,0.6906835155946782,0.30041062255079476,0.008905861854548792
2021-07-09,0.25936629521504995,0.7353314049857608,0.00530229979921096
2021-07-12,0.6170809301844921,0.3762282985872981,0.0066907712282313426
2021-07-13,0.37772590079363644,0.6179978421725766,0.004276257033808205
2021-07-14,0.6141515141007621,0.37737021093080736,0.008478274968451919
2021-07-15,0.24651304198580287,0.7423868193922221,0.011100138621996387
2021-07-16,0.9604588969111535,0.000362711065265445,0.039178392023602196
2021-07-19,0.5007988816179217,0.4641459772379734,0.03505514114412608
2021-07-20,0.46335460899271413,0.5231227602669458,0.013522630740361134
2021-07-21,0.4899582224836682,0.5000964639737417,0.009945313542611132
2021-07-22,0.45831301105232614,0.5334407279416429,0.008246261006052049
2021-07-23,0.584345497951302,0.4003884531732876,0.015266048875431346
2021-07-26,0.20849493074932346,0.7515391526607279,0.039965916589969334
2021-07-27,0.7995777977634762,0.03077515930965083,0.16964704292689395
2021-07-28,0.15592177777836685,0.7178611047862603,0.12621711743539385
2021-07-29,0.005658873285134395,0.7576506642546059,0.23669046246028042
2021-07-30,0.6982394333756721,0.08766321591381043,0.21409735071053831
2021-08-02,0.2589550080006738,0.6475675790443853,0.09347741295496152
2021-08-03,0.46444942471437206,0.47485343793269297,0.06069713735295569
2021-08-04,0.5112668160338862,0.39846596707594445,0.09026721689019007
2021-08-05,0.006501900759857554,0.7160668177777718,0.27743128146239143
2021-08-06,0.011203282655209973,0.0016330173493829198,0.9871636999954279
2021-08-09,0.0045265071342122905,0.006190259349477591,0.9892832335163309
2021-08-10,0.004576819817915851,0.6754408232186602,0.3199823569634446
2021-08-11,0.3778501623685491,0.5492656205608242,0.07288421707064725
2021-08-12,0.7855541854960646,0.1406583099551357,0.07378750454882019
2021-08-13,0.017047407757354444,0.946438369400471,0.03651422284219492
2021-08-16,0.6931547724192808,0.29011719596217383,0.016728031618565762
2021-08-17,0.36803233874711755,0.625211025479439,0.006756635773463721
2021-08-18,0.5405825044991888,0.4491769158331759,0.010240579667655588
2021-08-19,0.31063885167293903,0.6841708048378234,0.0051903434892577585
2021-08-20,0.759413377728874,0.22978098981538192,0.010805632455764293
2021-08-23,0.01793090837590308,0.9731971286303261,0.008871962993790884
2021-08-24,0.7606009800308511,0.22549188684666938,0.013907133122499792
2021-08-25,0.2633771469152117,0.7323777700608214,0.004245083023987388
2021-08-26,0.8109493014296965,0.17831362913701862,0.010737069433305376
2021-08-27,0.01850895809930745,0.9755413104865835,0.005949731414129324
2021-08-30,0.8154380668967162,0.17438201255704522,0.010179920546259111
2021-08-31,0.41946552074546256,0.5752194208664481,0.005315058388109809
2021-09-01,0.29358744622251515,0.6985653039655589,0.007847249811946368
2021-09-02,0.9156298277910915,0.06328918290880405,0.0210809893001249
2021-09-03,1.5641950579229214e-05,0.9864841092958073,0.01350024875363397
2021-09-07,0.9558550242352158,0.018795657001495075,0.025349318763309613
2021-09-08,0.442666680270106,0.5421674888914182,0.015165830838496045
2021-09-09,0.31376018265671346,0.6782601172691647,0.007979700074142178
2021-09-10,0.7347913755927065,0.2548021097534139,0.010406514653899895
2021-09-13,0.42463120316514297,0.5682512646954798,0.007117532139397335
2021-09-14,0.5496072265960363,0.4338586127670417,0.016534160636941832
2021-09-15,0.23899419759904295,0.7180198365632879,0.042985965837688954
2021-09-16,0.8525388411646002,3.3580593533967025e-05,0.14742757824188574
2021-09-17,0.32688284484760205,0.5813536129914013,0.09176354216101641
2021-09-20,0.6648672889627136,0.2668827311333734,0.06824997990393253
2021-09-21,0.12392810833043034,0.8234068035417217,0.05266508812786764
2021-09-22,0.5079600003124453,0.4418552987072659,0.05018470098030853
2021-09-23,0.7355088938328695,0.20827405592699255,0.0562170502401577
2021-09-24,0.30511813986770725,0.6369864215326386,0.057895438599674054
2021-09-27,0.15519602796619633,0.636098105946656,0.20870586608716737
2021-09-28,0.11076161524024584,0.3784935818397608,0.510744802920013
2021-09-29,0.19588349063347382,0.0074111220294755375,0.7967053873370704
2021-09-30,2.615241492822267e-05,0.7153674689990771,0.2846063785860142
2021-10-01,0.45846267405294133,0.3779893007356343,0.16354802521144365
2021-10-04,0.3715033615212763,0.5874816968780848,0.041014941600658245
2021-10-05,0.5123905864134298,0.4743801729508845,0.01322924063570496
2021-10-06,0.46329947258202503,0.5301491818517163,0.006551345566278004
2021-10-07,0.47443691354932777,0.5202621579984854,0.005300928452206106
2021-10-08,0.5254307790988603,0.469129041114362,0.00544017978679727
2021-10-11,0.3980357322134709,0.5964848827993742,0.005479384987174433
2021-10-12,0.6510750494362547,0.335397328765204,0.013527621798560603
2021-10-13,0.016380189382145936,0.9583223862929787,0.025297424324894416
2021-10-14,0.728877716614413,0.25155144520056083,0.019570838185045396
2021-10-15,0.3554415879151215,0.634441948046992,0.010116464037905656
2021-10-18,0.6277727880852911,0.35049005976244324,0.02173715215228498
2021-10-19,0.015706457538172635,0.937261856907163,0.04703168555468338
2021-10-20,0.7261131821880034,0.21358661340927637,0.06030020440273967
2021-10-21,0.5556930025574902,0.4065632349455574,0.037743762496971596
2021-10-22,0.3380015576048624,0.6429437088638548,0.01905473353130173
2021-10-25,0.5002373475155435,0.4810923946058985,0.018670257878576874
2021-10-26,0.6997435738988348,0.2680138311412491,0.03224259495993495
2021-10-27,0.3719317376734399,0.6072315523889538,0.020836709937625215
2021-10-28,0.30000251110751963,0.6875043339951916,0.01249315489730754
2021-10-29,0.6157925447284719,0.36944445797288294,0.014762997298663802
2021-11-01,0.264750759418542,0.7173202283133893,0.01792901226808745
2021-11-02,0.8315304783774407,0.10153867853730449,0.06693084308527356
2021-11-03,0.38129746565250516,0.5641350729667397,0.054567461380773855
2021-11-04,0.00010632047902828083,0.9300569711387964,0.06983670838219404
2021-11-05,0.6136753158744223,0.3434147675494092,0.042909916576187174
2021-11-08,0.3912322426035208,0.5733301053554035,0.03543765204109415
2021-11-09,0.8269520870300789,0.1213056854890558,0.05174222748088353
2021-11-10,0.0020944539665191833,0.9339224139779252,0.06398313205557402
2021-11-11,0.7773241913714711,0.10962501414277914,0.11305079448576812
2021-11-12,0.2734543917807284,0.6971424615671052,0.029403146652184867
2021-11-15,0.5341403711498041,0.4522016732846808,0.013657955565533501
2021-11-16,0.47445945709732046,0.5160184887923249,0.009522054110373062
2021-11-17,0.4047900263098827,0.5784636986326605,0.016746275057475224
2021-11-18,0.6058792409295278,0.3514158988749024,0.042704860195588265
2021-11-19,0.3113090227112574,0.6112729881473447,0.07741798914141618
2021-11-22,0.24294409906755532,0.3997584189653602,0.35729748196710265
2021-11-23,0.4012252249717091,0.03227365211492045,0.5665011229133885
2021-11-24,0.02134728264732298,0.7384017018845224,0.24025101546817262
2021-11-26,0.6709569840592542,0.06569037870240656,0.2633526372383573
2021-11-29,0.10757573989112491,0.8106163902373189,0.08180786987157415
2021-11-30,0.5469809373427974,0.41968783601023907,0.03333122664698149
2021-12-01,0.5397589875691954,0.4274138805236755,0.03282713190714703
2021-12-02,0.501713559164582,0.48519911706243385,0.013087323773001792
2021-12-03,0.35696524917923617,0.6360474899548277,0.006987260865953855
2021-12-06,0.6722280966159898,0.31745081379981427,0.010321089584213725
2021-12-07,0.22401310015931572,0.7680543321262567,0.007932567714445336
2021-12-08,0.6588110330304112,0.32832482007951774,0.012864146890088564
2021-12-09,0.4647376549905594,0.5201761399976013,0.015086205011856903
2021-12-10,0.4363764810312355,0.5486629500096863,0.014960568959095623
2021-12-13,0.37466210451409365,0.6027562141996049,0.022581681286318905
2021-12-14,0.7899975259293376,0.15771525282345134,0.0522872212472284
2021-12-15,0.24620077581903424,0.6908405591659817,0.06295866501500136
2021-12-16,6.150000167797812e-07,0.8520422116007297,0.14795717339927092
2021-12-17,0.11136175875488531,0.85817426343024,0.030463977814892206
2021-12-20,0.8742219873552541,0.09333206561191794,0.032445947032845375
2021-12-21,0.06898426982693494,0.9176867839398553,0.01332894623322701
2021-12-22,0.5878142002365511,0.39307652313023217,0.019109276633234175
2021-12-23,0.27052843847794616,0.7223753997155515,0.007096161806519695
2021-12-27,0.6965397682624028,0.29495711285100285,0.008503118886611668
2021-12-28,0.16912695478962939,0.8270448806133786,0.00382816459700957
2021-12-29,0.9596706621529015,0.024732376495354636,0.015596961351761304
2021-12-30,0.07948673093249338,0.9124438971665542,0.008069371900969931
2021-12-31,0.26744482849962586,0.7135916682967417,0.01896350320365008
2022-01-03,0.9630191938269401,0.0003432400329260233,0.036637566140151456
2022-01-04,0.0012367677824165198,0.9813253487330419,0.017437883484559415
2022-01-05,0.39959667763033296,0.5724959732092774,0.027907349160407664
2022-01-06,0.9484983777501931,2.780809689754199e-08,0.051501594441728
2022-01-07,0.03765833318371149,0.9491142781119216,0.01322738870438472
2022-01-10,0.7656468767808209,0.2173963310599568,0.016956792159240064
2022-01-11,0.2017653400516191,0.7861132993793324,0.012121360569066288
2022-01-12,0.642499920328206,0.3282528113370841,0.0292472683347275
2022-01-13,0.24659100305266027,0.7186753774658777,0.03473361948147981
2022-01-14,0.845795256260649,0.05453548331294757,0.09966926042642124
2022-01-18,1.2566569588793833e-09,0.9322329872680055,0.06776701147535508
2022-01-19,0.17688010149497238,0.1303962757533956,0.6927236227516494
2022-01-20,0.027749503190627772,0.4486800899299921,0.5235704068793974
2022-01-21,0.4434446177500542,0.03418311883687474,0.5223722634130884
2022-01-24,0.16425609734333435,0.38806746130389047,0.44767644135279255
2022-01-25,0.28035260286155356,0.36069360414593626,0.3589537929925275
2022-01-26,0.09425529748336522,0.5169773298561134,0.38876737266053873
2022-01-27,0.34872126466672737,0.0003035237619709816,0.6509752115713194
2022-01-28,0.11452092222762675,0.5075860055144228,0.3778930722579682
2022-01-31,0.38498997083261577,0.5384771563163808,0.07653287285102085
2022-02-01,0.547271290690615,0.4199207218070058,0.032807987502396566
2022-02-02,0.38643005583903495,0.5979762738423542,0.015593670318628254
2022-02-03,0.5786012275088924,0.3891022797478882,0.032296492743236614
2022-02-04,0.5061199707561431,0.45986034007608556,0.03401968916778873
2022-02-07,0.0457781106467973,0.8732621854511103,0.08095970390210958
2022-02-08,0.5125324800393825,0.4633141919110673,0.024153328049567123
2022-02-09,0.5702781059091352,0.41554657301989656,0.014175321070985097
2022-02-10,0.2547704128937492,0.7324328352190109,0.012796751887256673
2022-02-11,0.731723636134411,0.24233731297481087,0.025939050890794794
2022-02-14,0.03167776210389021,0.9168994029607233,0.051422834935403575
2022-02-15,0.9056486862724713,0.007431638158262569,0.08691967556928304
2022-02-16,0.059279450826319906,0.911843985525368,0.02887656364832877
2022-02-17,0.6827932586223948,0.27541334188943795,0.04179339948818386
2022-02-18,0.40053369718861204,0.5626037360449041,0.03686256676650059
2022-02-22,0.4038567349695453,0.5054679873376986,0.09067527769277312
2022-02-23,0.5190116696514203,0.3270385256528117,0.1539498046957849
2022-02-24,0.11422318135441734,0.6230833977620727,0.2626934208835269
2022-02-25,0.45727099732340404,0.0010277436225999987,0.5417012590540127
2022-02-28,6.912293267268879e-05,0.5079369828186653,0.4919938942486788
2022-03-01,1.0922790917846918e-07,0.0034962729359692486,0.9965036178361384
2022-03-02,0.0033312411686770792,0.03290941499843059,0.9637593438329093
2022-03-03,0.014077843595704114,0.11526719074421694,0.8706549656600958
2022-03-04,0.003838748251313302,0.050442282055688376,0.9457189696930152
2022-03-07,0.0005565135609320033,0.1337632775980149,0.8656802088410699
2022-03-08,1.6904452799565455e-08,0.0010504239857015382,0.9989495591098625
2022-03-09,5.3389478701880144e-05,2.1056730353248204e-09,0.9999466084156419
2022-03-10,8.811047293844869e-07,0.27588368043786116,0.7241154384574261
2022-03-11,0.07609144061707668,0.3111486304418355,0.6127599289411045
2022-03-14,0.24783370555372639,0.021364075306655943,0.7308022191396342
2022-03-15,0.07524424377986119,0.3317720074385846,0.5929837487815708
2022-03-16,0.2001009773344691,0.1539664746989131,0.6459325479666345
2022-03-17,0.0001332372748134657,0.6000561319597151,0.399810630765488
2022-03-18,0.5847754621057872,0.007035585301312054,0.40818895259291743
2022-03-21,0.02407433481631886,0.7632339770098779,0.21269168817381987
2022-03-22,0.676375918065652,0.06748255606545281,0.256141525868912
2022-03-23,0.05298151062631085,0.7181717155746264,0.22884677379907958
2022-03-24,0.1636567272073783,0.3061034479181048,0.5302398248745339
2022-03-25,0.35113726273068696,0.202928721632388,0.4459340156369419
2022-03-28,0.1617007452285277,0.45527540751340806,0.38302384725808114
2022-03-29,0.375406205881442,0.19007447509111622,0.4345193190274587
2022-03-30,0.06261077972386327,0.7639341537381987,0.17345506653795492
2022-03-31,0.23099835830883714,0.7386407167526442,0.030360924938535643
2022-04-01,0.8062086611286383,0.16377392091899684,0.030017417952381754
2022-04-04,0.3674460230037795,0.6201484964454176,0.012405480550819695
2022-04-05,0.3381208459955069,0.6532380957588683,0.008641058245641757
2022-04-06,0.6232628470796643,0.3641879622667483,0.01254919065360413
2022-04-07,0.2108106378775641,0.775497112344042,0.01369224977841059
2022-04-08,0.6051644971725089,0.37406184685063537,0.020773655976872335
2022-04-11,0.3829602619917223,0.5839203850464787,0.0331193529618154
2022-04-12,0.0011942502593208365,0.8844322707277685,0.11437347901292705
2022-04-13,0.3984171782257598,0.5781409282548895,0.023441893519367124
2022-04-14,0.7828613250016082,0.1954995307279356,0.02163914427047246
2022-04-18,0.0024534366844444406,0.9881077515891336,0.009438811726438274
2022-04-19,0.9688225368566078,0.0003729253233319673,0.03080453782007645
2022-04-20,0.21257117608009118,0.7764021954289708,0.011026628490954357
2022-04-21,0.958307146876239,0.017994604593457433,0.023698248530319935
2022-04-22,0.20440871984546108,0.7868584044566492,0.008732875697905776
2022-04-25,0.8598603931381025,0.1111325074358086,0.029007099426104875
2022-04-26,0.2158347260707421,0.7775695136289043,0.006595760300369624
2022-04-27,0.614431644740722,0.37803523303394776,0.007533122225346063
2022-04-28,0.43187094981770907,0.5611216625095972,0.007007387672709652
2022-04-29,0.4496353620903329,0.5425937062710756,0.00777093163860745
2022-05-02,0.5912013927395737,0.39388073672445734,0.014917870535984711
2022-05-03,0.3771413469371986,0.60772310671628,0.015135546346537175
2022-05-04,0.5462960941445576,0.405385516402598,0.048318389452860266
2022-05-05,0.25292177583512754,0.7168384920796317,0.030239732085256613
2022-05-06,0.43187705769510093,0.5375958965136777,0.030527045791237144
2022-05-09,0.7103470854232636,0.22838557385945246,0.06126734071729967
2022-05-10,0.5564247896860759,0.3861750699884704,0.05740014032546957
2022-05-11,0.0944650119825809,0.8656278426004951,0.03990714541694022
2022-05-12,0.89530360816735,0.0015385100882442705,0.10315788174442166
2022-05-13,0.11052709239277325,0.8283499699756912,0.06112293763155135
2022-05-16,0.27570606652686397,0.6077485418428487,0.11654539163030334
2022-05-17,0.4285800864667436,0.5478366427899843,0.023583270743288108
2022-05-18,0.6603681229200792,0.3226434555756335,0.016988421504303398
2022-05-19,0.1342595035195339,0.8585787387875801,0.00716175769290211
2022-05-20,0.780806788211996,0.20835328660620442,0.01083992518181581
2022-05-23,0.5653951707100456,0.42715698875051566,0.007447840539455045
2022-05-24,0.11790941450387493,0.874340579616406,0.007750005879735472
2022-05-25,0.8263800797471486,0.16246258539805317,0.011157334854814736
2022-05-26,0.38523510857473203,0.609417294373056,0.005347597052228396
2022-05-27,0.33941201297624685,0.6559248942755449,0.00466309274822485
2022-05-31,0.9593255625844261,0.026773866883877173,0.01390057053171314
2022-06-01,0.003083110597626779,0.9910093371855081,0.00590755221688148
2022-06-02,0.3564713872514583,0.6333846358009122,0.010143976947645931
2022-06-03,0.9579375639750306,0.02311675447525914,0.018945681549726767
2022-06-06,0.00757689941765888,0.9885140416699183,0.003909058912439106
2022-06-07,0.7873676718209339,0.20440151709773782,0.008230811081344503
2022-06-08,0.21058211716193234,0.7867747390110795,0.0026431438270043133
2022-06-09,0.8390693821100516,0.15190420993632492,0.009026407953639501
2022-06-10,0.002517701283493062,0.9952355758092676,0.0022467229072552384
2022-06-13,0.9786550528100032,0.004746679034146119,0.01659826815586632
2022-06-14,0.6437266254539817,0.3428295323111326,0.013443842234901356
2022-06-15,0.002991038766275474,0.9619485328066136,0.0350604284271264
2022-06-16,0.44232547930193783,0.4760167490233901,0.0816577716746878
2022-06-17,0.768893121462216,0.10865114136087957,0.12245573717692008
2022-06-21,0.018494993358396803,0.9459383653286937,0.03556664131292504
2022-06-22,0.947788943353151,0.0001577796141914325,0.052053277032673165
2022-06-23,0.24529604972319907,0.7212860930745633,0.03341785720225338
2022-06-24,0.6300527402364241,0.3226411988498379,0.04730606091375372
2022-06-27,0.20579742219188282,0.7650731514164661,0.029129426391666886
2022-06-28,0.8885987162187624,0.029890445129309544,0.08151083865194368
2022-06-29,0.09512009272426951,0.8306805821488248,0.0741993251269215
2022-06-30,0.6382815110447941,0.028417920760359452,0.33330056819486215
2022-07-01,0.3712194943903112,0.28927994979575794,0.3395005558139465
2022-07-05,0.426334291969362,0.31456652626569154,0.2590991817649621
2022-07-06,0.22446120196272934,0.7112577779907518,0.06428102004653448
2022-07-07,0.5700782277817141,0.41122759140326914,0.01869418081503219
2022-07-08,0.4808680470562236,0.5096483473392579,0.009483605604534193
2022-07-11,0.4250943757082265,0.5642743787572108,0.01063124553457854
2022-07-12,0.5894442271906284,0.38276272397729977,0.027793048832087695
2022-07-13,0.059247180455635526,0.8557836375492957,0.08496918199508471
2022-07-14,0.7102382587550768,1.400701296239138e-07,0.2897616011748092
2022-07-15,0.01612688383718839,0.9228715710662689,0.06100154509655836
2022-07-18,0.787720344721927,0.17750057556034404,0.03477907971774468
2022-07-19,0.22225257453126607,0.7667060835484014,0.011041341920348186
2022-07-20,0.6341069304900465,0.3562798249271393,0.009613244582829854
2022-07-21,0.37536324214674816,0.6161759914195665,0.008460766433700997
2022-07-22,0.4707311111007905,0.4950276692417979,0.03424121965742727
2022-07-25,0.3266157593995,0.5671836543136419,0.10620058628687391
2022-07-26,0.22629685008286923,0.5519854177456918,0.22171773217145466
2022-07-27,0.0027360755431782655,0.6191764814112004,0.3780874430456369
2022-07-28,8.087575838027435e-09,0.00012368367852442973,0.9998763082339152
2022-07-29,0.00038374639794155527,0.6825291468004476,0.3170871068016263
2022-08-01,0.5086314812643881,0.4088427990662886,0.08252571966933867
2022-08-02,0.48871600887411953,0.474987857917266,0.036296133208629865
2022-08-03,0.2782660156956117,0.7013643058379619,0.020369678466441776
2022-08-04,0.4918304162852036,0.48716801699157847,0.021001566723233566
2022-08-05,0.5979009708864608,0.35931666149292396,0.04278236762063107
2022-08-08,0.0038352541781148486,0.8383695617827455,0.15779518403915538
2022-08-09,0.7411170814479332,0.18058948432776897,0.07829343422431366
2022-08-10,0.14884470883437306,0.8416399699448062,0.009515321220836726
2022-08-11,0.9580369629190317,0.019661575194822378,0.022301461886161965
2022-08-12,0.00038105668613384717,0.9970555802759763,0.0025633630379060506
2022-08-15,0.9798380740165351,0.006352856646804784,0.013809069336676538
2022-08-16,0.2660117323353238,0.7280421855004968,0.005946082164195961
2022-08-17,0.4769266887323311,0.505184966061826,0.01788834520585933
2022-08-18,0.5401579342172939,0.4479046224445644,0.011937443338158143
2022-08-19,0.3248380752762209,0.6655240217355881,0.009637902988207402
2022-08-22,0.6122898335243793,0.3799004859300123,0.007809680545624683
2022-08-23,0.3263481268228675,0.6696474542206609,0.004004418956487996
2022-08-24,0.7250850966789774,0.26610994576188207,0.00880495755915666
2022-08-25,0.049518108120452285,0.9444598759695328,0.006022015910031095
2022-08-26,0.9540707279630699,0.023866619409823243,0.022062652627122932
2022-08-29,0.17313165759774915,0.8131059633734546,0.013762379028812265
2022-08-30,0.6251395747822279,0.2844024162186725,0.09045800899911553
2022-08-31,0.10836227938046251,0.8330749028169163,0.05856281780263721
2022-09-01,0.7002494984913561,0.26375802186126807,0.03599247964739187
2022-09-02,0.20203945498927087,0.7724651504593023,0.025495394551442712
2022-09-06,0.5271795139172101,0.4248440632922436,0.04797642279056207
2022-09-07,0.26296100263329786,0.6572219604325977,0.07981703693412018
2022-09-08,0.5328168716300149,0.29292925860674923,0.17425386976325158
2022-09-09,0.02497163509260389,0.631509639271452,0.34351872563596
2022-09-12,2.221837701801815e-06,0.029055226276636224,0.970942551885678
2022-09-13,0.02370047571403192,0.24304230089261789,0.7332572233933661
2022-09-14,0.1296573829933601,0.7305559606598604,0.13978665634679524
2022-09-15,0.7385192709935038,0.15853940710201092,0.10294132190450087
2022-09-16,0.216116237956366,0.7515481159605496,0.0323356460831001
2022-09-19,0.4887388431761476,0.4997362694535802,0.01152488737028793
2022-09-20,0.6554824173170325,0.3306343322627188,0.013883250420264268
2022-09-21,0.02427533838924538,0.9519337170547846,0.023790944555985582
2022-09-22,0.4099581216174247,0.569328981473173,0.020712896909417616
2022-09-23,0.9714554130989493,0.0007466326429046631,0.027797954258161277
2022-09-26,0.43020949007730813,0.5528538410387581,0.01693666888394917
2022-09-27,0.7091474829028523,0.269960398497342,0.020892118599820972
2022-09-28,0.01246682862844906,0.9598284538703096,0.02770471750125678
2022-09-29,0.8892653468757461,0.006581743576862435,0.1041529095474068
2022-09-30,9.979264110978526e-07,0.9075395900372999,0.09245941203630431
2022-10-03,4.6636180349481726e-11,2.3612953099032601e-07,0.9999997638238483
2022-10-04,5.901900922540359e-05,0.5495040166452713,0.45043696434551894
2022-10-05,0.492464156074996,0.0227562352065458,0.4847796087184738
2022-10-06,0.032601800152752256,0.553237652739537,0.4141605471077264
2022-10-07,0.22744249148793844,0.1670604662724084,0.6054970422396689
2022-10-10,0.19418654041877106,0.11488229101913479,0.69093116856211
2022-10-11,0.06662009567349957,0.36623379928302824,0.567146105043488
2022-10-12,0.33243488619134326,0.0057421299465735594,0.6618229838620988
2022-10-13,0.04246298465800378,0.4036762097341093,0.5538608056079026
2022-10-14,0.3513931754518877,0.0001891011935603987,0.6484177233545676
2022-10-17,0.00040935966780240385,0.8110869538903421,0.18850368644187115
2022-10-18,0.6530740393228983,0.2728348172643485,0.07409114341276873
2022-10-19,0.47524504828213876,0.4838135815269533,0.04094137019092363
2022-10-20,0.17855179476812727,0.7886891718767269,0.03275903335516134
2022-10-21,0.6266798362523334,0.35508378709680005,0.018236376650881944
2022-10-24,0.40912083390758264,0.5827427292900595,0.008136436802373187
2022-10-25,0.435878974146175,0.5595183258382675,0.004602700015572906
2022-10-26,0.656871615717538,0.3352586776911037,0.007869706591373697
2022-10-27,0.19055438578800565,0.7983092852592104,0.011136328952799241
2022-10-28,0.8851711176159682,0.06488412770809443,0.0499447546759526
2022-10-31,0.05798878339919896,0.8994917580165094,0.04251945858430697
2022-11-01,0.000644049364649565,0.890859398654387,0.10849655198097871
2022-11-02,0.7092090957186664,0.12507174256835935,0.1657191617129895
2022-11-03,0.11230620861817707,0.7094278671152334,0.17826592426660465
2022-11-04,2.511580103028438e-07,0.2186830391977211,0.7813167096442835
2022-11-07,0.17313643626012457,0.4144848070680823,0.41237875667180796
2022-11-08,0.2874807943107564,0.424103777567728,0.2884154281215304
2022-11-09,0.3933690146248072,0.503005968912001,0.1036250164632067
2022-11-10,0.3736660285678847,0.5722026411624381,0.05413133026969203
2022-11-11,0.6224550357266722,0.2644186947735295,0.11312626949981333
2022-11-14,0.030700590933950913,0.8163692058488158,0.15293020321724832
2022-11-15,0.7771146044021249,0.0014736252475218631,0.22141177035036824
2022-11-16,0.0877616918258742,0.8513366402952114,0.06090166787892937
2022-11-17,0.8989565569309376,0.02093854555864096,0.08010489751043652
2022-11-18,0.1334727004139336,0.8436586211971909,0.022868678388890312
2022-11-21,0.6649602266091378,0.3223172982917183,0.012722475099158727
2022-11-22,0.33480939385853076,0.6600477471309063,0.005142859010577753
2022-11-23,0.649969021992495,0.34186119155583267,0.008169786451687214
2022-11-25,0.2016940727092189,0.7910695119379987,0.007236415352797086
2022-11-28,0.959494163551545,0.009521574023448132,0.030984262425021593
2022-11-29,0.006340582938321176,0.9714233538237885,0.022236063237904856
2022-11-30,0.4196220255167471,0.3381626400451501,0.24221533443811727
2022-12-01,0.010090184440786912,0.47958510524234527,0.5103247103168823
2022-12-02,0.06288352593299051,0.7437331522695918,0.1933833217974324
2022-12-05,0.7770142821177864,0.0009153052471603471,0.2220704126350681
2022-12-06,0.364741161855321,0.48441951539776223,0.1508393227469314
2022-12-07,0.07642838260617414,0.8139983847003107,0.10957323269353013
2022-12-08,0.6354506606170819,0.27223526337715814,0.09231407600577497
2022-12-09,0.2484598571341745,0.6803224721858122,0.07121767068002845
2022-12-12,0.784008181974609,0.15151960205044074,0.06447221597496552
2022-12-13,0.16884254808636073,0.7976355574630858,0.03352189445056866
2022-12-14,0.32539270412785914,0.6522244274154235,0.02238286845673257
2022-12-15,0.9550319479669089,0.0008092234641622059,0.04415882856894386
2022-12-16,0.08002754321743898,0.8979656527303137,0.022006804052262595
2022-12-19,0.7303016282039618,0.1785878518723056,0.09111051992374793
2022-12-20,5.251648158900332e-05,0.8305200672241703,0.169427416294256
2022-12-21,0.4890256304029525,0.4235522174138004,0.08742215218326223
2022-12-22,0.8485783826998249,0.05448553325726654,0.09693608404292366
2022-12-23,0.07043720342635634,0.8909610668213808,0.038601729752277894
2022-12-27,0.3022296680627998,0.6848417710907877,0.012928560846427538
2022-12-28,0.9437169641362849,0.03768466970949656,0.018598366154233464
2022-12-29,0.01534493729278992,0.982255820514986,0.0023992421922391233
2022-12-30,0.9726135520616475,0.014645057355490352,0.012741390582877113
2023-01-03,0.016734722168234958,0.9804627096046401,0.0028025682271396804
2023-01-04,0.8575972539731962,0.12884511007067673,0.013557635956142015
2023-01-05,0.9047065368711462,0.08107282206933673,0.014220641059532102
2023-01-06,0.01422387372159963,0.9832522214555339,0.0025239048228814045
2023-01-09,0.9554988924756007,0.033370313607121234,0.01113079391729281
2023-01-10,0.17854109194808196,0.8182855703563894,0.0031733376955434206
2023-01-11,0.7944937648569833,0.1900334714145836,0.015472763728447626
2023-01-12,0.06854744640877376,0.9179425779838529,0.01350997560738797
2023-01-13,0.5343207806747298,0.43738264619517625,0.028296573130108645
2023-01-17,0.6042508762563323,0.3690091759531725,0.026739947790509727
2023-01-18,0.6755313742272475,0.29183096502207995,0.032637660750687116
2023-01-19,0.2670977742826471,0.7183386906111219,0.014563535106245789
2023-01-20,0.44130540660545914,0.5497690383639968,0.008925555030558618
2023-01-23,0.7371228229298938,0.24790971583888724,0.01496746123123362
2023-01-24,0.2531960740742107,0.7417009384199063,0.0051029875058977905
2023-01-25,0.6822568282573335,0.30955647183443263,0.008186699908248626
2023-01-26,0.26876230444719174,0.726252700094623,0.004984995458199979
2023-01-27,0.8260215175891883,0.15576605696872303,0.018212425442103476
2023-01-30,0.2363276733601487,0.7545501471719688,0.00912217946789703
2023-01-31,0.4717054251792087,0.5102434425674841,0.0180511322533216
2023-02-01,0.6844852155365457,0.2738456823541836,0.041669102109285025
2023-02-02,0.15333386188530468,0.8115943492339981,0.035071788880711476
2023-02-03,0.8822981898989212,5.255977847335906e-06,0.11769655412324553
2023-02-06,0.142299235932227,0.8273462510663193,0.030354513001467884
2023-02-07,0.7249218880200915,0.25489672912563427,0.02018138285428838
2023-02-08,0.15134794089228162,0.8420228345002692,0.006629224607463173
2023-02-09,0.8559288402396967,0.1306091333426686,0.013462026417648536
2023-02-10,0.28130218430460346,0.7136844558339516,0.00501335986145884
2023-02-13,0.5881384320647361,0.39832856442519693,0.01353300351008075
2023-02-14,0.3545784768946041,0.6404112241910322,0.005010298914377457
2023-02-15,0.69072420521374,0.3007935320806768,0.008482262705597043
2023-02-16,0.2617978657803951,0.7332763025810288,0.004925831638589798
2023-02-17,0.6651350869443361,0.3250018521127309,0.009863060942946457
2023-02-21,0.25959645037452184,0.7301520287506089,0.010251520874882836
2023-02-22,0.6800033732923327,0.299794471362878,0.02020215534480256
2023-02-23,0.39498078085360594,0.5758766530225828,0.02914256612382461
2023-02-24,0.42354220820633104,0.5431712320297664,0.033286559763915945
2023-02-27,0.6246947638373358,0.34616736905843243,0.029137867104245263
2023-02-28,0.1970023185689054,0.7833892291183184,0.019608452312789952
2023-03-01,0.5782670901654202,0.4108028990799842,0.010930010754609438
2023-03-02,0.5269115787456405,0.4618388320408524,0.011249589213521004
2023-03-03,0.2855221758025394,0.6890471628523447,0.025430661345129887
2023-03-06,0.4787303534601349,0.44826219076501667,0.07300745577486234
2023-03-07,0.8753834641112779,0.0011290442247233565,0.12348749166401286
2023-03-08,0.20459221967675326,0.7191697255031184,0.07623805482014227
2023-03-09,0.6082942152520731,0.2720432640729487,0.119662520674992
2023-03-10,0.004733812432014068,0.7567551222998563,0.23851106526814336
2023-03-13,2.263729663965894e-08,0.008905801504781064,0.9910941758579362
2023-03-14,0.004693279468958262,0.7301769591583238,0.26512976137273186
2023-03-15,0.5405432993112783,0.3400934435333657,0.11936325715536981
2023-03-16,0.34014275116186055,0.571200128470919,0.08865712036723421
2023-03-17,0.009204629911655486,0.8868383592069405,0.10395701088141779
2023-03-20,0.5951915611222127,0.3711479091086163,0.03366052976918507
2023-03-21,0.4674949490149184,0.5122552430463603,0.020249807938735275
2023-03-22,0.3603082306402586,0.6204603598967621,0.019231409462993232
2023-03-23,0.6186981142191983,0.34053762416810807,0.040764261612707686
2023-03-24,0.31755981990864407,0.6690807610177535,0.013359419073616575
2023-03-27,0.6714302230048446,0.3149383657974801,0.013631411197689356
2023-03-28,0.2743479270999148,0.7170996467967052,0.008552426103393875
2023-03-29,0.6043084541027883,0.3802694683053055,0.015422077591920165
2023-03-30,0.35989357331461713,0.6101008024421164,0.030005624243280404
2023-03-31,0.39985783429831956,0.5629104054628947,0.03723176023879971
2023-04-03,0.5955399156603285,0.3303363376871074,0.07412374665257795
2023-04-04,0.00012487394154042493,0.8131843367534832,0.18669078930499014
2023-04-05,0.6360464747394105,0.2918263564019397,0.07212716885866363
2023-04-06,0.30815765200029593,0.6768320178296815,0.015010330170036314
2023-04-10,0.6799174204230864,0.3078513676342051,0.012231211942722274
2023-04-11,0.156262580059234,0.8372225275559644,0.006514892384815434
2023-04-12,0.7248956708763472,0.2661616601522921,0.008942668971374492
2023-04-13,0.29208286440202225,0.7022944015447803,0.005622734053211103
2023-04-14,0.8576166924570043,0.1308712428662506,0.011512064676758887
2023-04-17,0.30993922268787133,0.6839718269415205,0.006088950370621607
2023-04-18,0.4632035164331455,0.527734509833943,0.00906197373292513
2023-04-19,0.5045450672330464,0.4871092179550057,0.008345714811961539
2023-04-20,0.34699058719092196,0.6484029687768095,0.0046064440322820385
2023-04-21,0.7793360819163144,0.20958132768503696,0.011082590398662051
2023-04-24,0.10478768299136733,0.8927270918663971,0.002485225142249085
2023-04-25,0.9560428738380753,0.0339368137239233,0.010020312438014704
2023-04-26,0.2657722038707109,0.7313703075320641,0.0028574885972380386
2023-04-27,0.6487125441600148,0.34507208226407327,0.006215373575924825
2023-04-28,0.3219365392846715,0.6747726148852516,0.0032908458300898494
2023-05-01,0.7230995005898776,0.26809556963056674,0.008804929779568494
2023-05-02,0.08984207763363745,0.904405301779765,0.005752620586610653
2023-05-03,0.8664468111952672,0.11949881854912671,0.014054370255619114
2023-05-04,0.013799744790732817,0.9781418548880251,0.00805840032125513
2023-05-05,0.9491762583760007,0.03170177364903271,0.019121967974979538
2023-05-08,0.25346151241538095,0.735866700700242,0.010671786884389934
2023-05-09,0.5210416998995427,0.41426522886734535,0.06469307123312486
2023-05-10,0.25489168121023,0.5715346695233071,0.17357364926647573
2023-05-11,0.6249473234011755,5.084316325463967e-05,0.3750018334355827
2023-05-12,0.343433123553129,0.4368215903485901,0.21974528609829358
2023-05-15,0.1865060205235705,0.7854625353880919,0.028031444088350118
2023-05-16,0.9195156588132021,0.04875637581908453,0.03172796536772597
2023-05-17,0.12562194870925555,0.8691513221690113,0.0052267291217454985
2023-05-18,0.8561593842856249,0.13252318270199992,0.011317433012387787
2023-05-19,0.015169643288703705,0.981509594806461,0.003320761904847773
2023-05-22,0.9221348803746736,0.06588945603455577,0.011975663590783139
2023-05-23,0.29938693320644716,0.6954302006423234,0.005182866151241896
2023-05-24,0.4887430004924006,0.4997058918921356,0.011551107615476244
2023-05-25,0.6985982179448839,0.28576542865091825,0.015636353404210296
2023-05-26,0.0004085122129070536,0.9917443549778495,0.007847132809255971
2023-05-30,0.9554469858068536,0.014061204854508392,0.030491809338650415
2023-05-31,0.0032027264683406097,0.9824698522307683,0.014327421300903528
2023-06-01,0.38272389547862634,0.5666808739159295,0.05059523060545653
2023-06-02,0.7738823946660673,0.13326187153550811,0.09285573379843713
2023-06-05,0.503237269498484,0.446919214700951,0.04984351580057731
2023-06-06,0.27528157272476345,0.7117379777103945,0.012980449564854397
2023-06-07,0.8191986813556059,0.16156850136809178,0.01923281727631486
2023-06-08,3.36212067367406e-06,0.9823009891952704,0.017695648684068276
2023-06-09,0.13126386900719444,0.8454468024298161,0.023289328563001886
2023-06-12,0.9459342876100644,0.022834024055503572,0.03123168833444438
2023-06-13,0.4737965261564067,0.5062100032804022,0.01999347056320347
2023-06-14,0.022274995746834277,0.9679912190613119,0.009733785191866224
2023-06-15,0.9794238011861311,0.0011770134700623725,0.019399185343818903
2023-06-16,0.004372366981608977,0.9888614880520566,0.0067661449663471845
2023-06-20,0.9399406335994391,5.734732220716692e-07,0.06005879292735125
2023-06-21,0.5347305031920634,0.4122281848142449,0.05304131199370452
2023-06-22,0.2592216704711049,0.722995976246954,0.017782353281953902
2023-06-23,0.7368285355369535,0.24541086407779575,0.017760600385263437
2023-06-26,0.072133850598109,0.9127523781481763,0.01511377125372753
2023-06-27,0.7119936147963826,0.27801758761252243,0.009988797591107774
2023-06-28,0.32187639842738075,0.6743098493465496,0.003813752226082504
2023-06-29,0.6698144404978962,0.3221882612367066,0.007997298265410192
2023-06-30,0.22708423474131853,0.7690696185568809,0.003846146701813526
2023-07-03,0.7917075726436839,0.19908439603694972,0.009208031319379327
2023-07-05,0.012640695262263715,0.9832896562850743,0.00406964845267492
2023-07-06,0.9823649492837014,0.00032751072329510164,0.017307539993016055
2023-07-07,0.026350431015919714,0.9685047887954218,0.005144780188671318
2023-07-10,0.657691116261382,0.3297876355889798,0.012521248149650903
2023-07-11,0.5907981959819333,0.39438593739714556,0.014815866620933739
2023-07-12,0.00021479023943742686,0.9444923967692221,0.05529281299135301
2023-07-13,0.6321166941130192,0.3138583610459411,0.05402494484105222
2023-07-14,0.4094662788025316,0.5648063591448684,0.025727362052612217
2023-07-17,0.4547881425772853,0.5337192338828582,0.011492623539868668
2023-07-18,0.5515133445015888,0.4380873229454895,0.010399332552934064
2023-07-19,0.3099044042192221,0.68466812163409,0.00542747414670045
2023-07-20,0.7303721612721698,0.26061461027406835,0.009013228453774209
2023-07-21,0.31075082435371454,0.6850789709970669,0.004170204649230912
2023-07-24,0.6457852988833461,0.34258531583588425,0.011629385280781999
2023-07-25,0.23364327180135486,0.7530580618763747,0.013298666322282758
2023-07-26,0.3663929874144985,0.6201228307354449,0.01348418185006866
2023-07-27,0.9547492792199715,0.011881493738906209,0.03336922704113442
2023-07-28,0.2474339894736664,0.7268387577185117,0.025727252807834153
2023-07-31,0.07716010515316385,0.8944682711374214,0.028371623709426884
2023-08-01,0.9594730747793325,0.0003670013965421256,0.04015992382413762
2023-08-02,0.2682345580754931,0.7108333258417254,0.020932116082793873
2023-08-03,0.6345181685344705,0.3497729102075863,0.015708921257955547
2023-08-04,0.2385163456357625,0.7533659212503045,0.008117733113945261
2023-08-07,0.9146065909396562,0.057236546659826824,0.028156862400529326
2023-08-08,0.14273393847837557,0.8455298321297496,0.011736229391887181
2023-08-09,0.7948266392394865,0.18667007106058228,0.018503289699943522
2023-08-10,0.26329599851092667,0.7307242916763792,0.005979709812706148
2023-08-11,0.5899039319878223,0.40384217982359377,0.006253888188595919
2023-08-14,0.4443645623592891,0.5512904285330357,0.004345009107687363
2023-08-15,0.4818220022408717,0.5131405781770569,0.005037419582083431
2023-08-16,0.5160194440442425,0.47738637158580266,0.006594184369966922
2023-08-17,0.3552865083653839,0.6357493093272538,0.008964182307374198
2023-08-18,0.6956352652435769,0.28527372768226117,0.01909100707417387
2023-08-21,0.004341048894529485,0.9451084100876221,0.050550541017860495
2023-08-22,0.6551308502287106,0.264282196640511,0.08058695313079042
2023-08-23,2.447884479579346e-05,0.9144810518237481,0.08549446933146818
2023-08-24,0.6383213890351519,0.3061340720314789,0.05554453893338107
2023-08-25,0.32225483240949804,0.6652992835138791,0.012445884076634772
2023-08-28,0.6583092253703734,0.33060792301043906,0.011082851619199342
2023-08-29,0.1961830029671098,0.7937269519708391,0.010090045062062774
2023-08-30,0.666185019091048,0.32540593259555906,0.008409048313404537
2023-08-31,0.5446152249788939,0.4483819453063804,0.00700282971473723
2023-09-01,0.2261021414322883,0.7693503786946823,0.004547479873040843
2023-09-05,0.972773378317204,0.010939858634524251,0.016286763048283182
2023-09-06,0.35718221129496175,0.6352818861251519,0.0075359025798979115
2023-09-07,0.7354402866907496,0.2556311945723601,0.008928518736901748
2023-09-08,0.3933363132222012,0.6022371934432124,0.004426493334598119
2023-09-11,0.4913974684538279,0.5018415346061115,0.006760996940072106
2023-09-12,0.4334411761705343,0.5611852832975888,0.005373540531888462
2023-09-13,0.5647168245771998,0.4280721776020312,0.0072109978207803935
2023-09-14,0.6006278584067075,0.3903379668319918,0.009034174761312241
2023-09-15,0.03431798574387008,0.949035327487395,0.016646686768746498
2023-09-18,0.5439868991931645,0.44180608478063765,0.01420701602620925
2023-09-19,0.6789954416677529,0.3004516560322358,0.0205529023000226
2023-09-20,0.0019490129063018417,0.985271956873708,0.01277903022000151
2023-09-21,0.8331696071158958,0.12981234679397682,0.03701804609013866
2023-09-22,0.1024313309564728,0.8902194029400626,0.007349266103475918
2023-09-25,0.9460967448099591,0.032503372957418314,0.021399882232634043
2023-09-26,0.2983300311410671,0.6877670553850067,0.013902913473937756
2023-09-27,0.5092912492532362,0.4236819924668513,0.06702675827992395
2023-09-28,0.4576799553208922,0.453451659231217,0.08886838544790236
2023-09-29,0.22258482216237166,0.5388867093364392,0.23852846850120063
2023-10-02,0.552030013246413,0.0008827466233440575,0.44708724013025425
2023-10-03,0.12040272669039782,0.6934698059943107,0.18612746731530266
2023-10-04,0.47218510090331783,0.41566808139632355,0.11214681770036984
2023-10-05,0.5079779870196425,0.3960039159618272,0.09601809701854154
2023-10-06,0.0038081895461300635,0.8633371638147862,0.13285464663909463
2023-10-09,0.45010099505326145,0.515123700655127,0.034775304291622455
2023-10-10,0.5803259285534786,0.4036145944922549,0.016059476954277358
2023-10-11,0.2744787580624618,0.7153670250093931,0.010154216928155761
2023-10-12,0.7260792570579926,0.2492627426229504,0.02465800031906764
2023-10-13,2.1436389033360848e-07,0.9637631542803832,0.0362366313557372
2023-10-16,0.9038535567086677,0.060128653823096095,0.036017789468246866
2023-10-17,0.1935345511850888,0.7912014582810257,0.015263990533896247
2023-10-18,0.5403364861316747,0.4491029508259486,0.01056056304238743
2023-10-19,0.5955078791802907,0.3946235409404206,0.009868579879299507
2023-10-20,0.06020951856990748,0.9291553026728834,0.010635178757219647
2023-10-23,0.9529260857330999,0.02862805580043483,0.018445858466475614
2023-10-24,0.20151842553238936,0.7947607853397493,0.003720789127871801
2023-10-25,0.6976848732944946,0.2952145090303067,0.007100617675208899
2023-10-26,0.2505897369316748,0.7466556929735696,0.002754570094765628
2023-10-27,0.7874847130994472,0.2038344579032068,0.008680828997356067
2023-10-30,0.00029474077603036084,0.993559305476649,0.006145953747331037
2023-10-31,0.9675618317394096,0.00021503248828807822,0.032223135772312714
2023-11-01,0.15464840696704496,0.8325734633088075,0.01277812972415763
2023-11-02,0.92044640998467,0.03575743404231208,0.043796155973028314
2023-11-03,0.09954327951229236,0.8736356574860061,0.026821063001711706
2023-11-06,0.3150200414915018,0.6080150635202619,0.07696489498824641
2023-11-07,0.8995336550337516,5.181750998808156e-05,0.10041452745627058
2023-11-08,0.03909898260242416,0.883041673668748,0.07785934372883797
2023-11-09,0.16098863349808254,0.8045774090811307,0.03443395742079684
2023-11-10,0.9465942121362134,1.0822385292671577e-06,0.05340470562526716
2023-11-13,0.2834934822236597,0.6746522236435812,0.04185429413276906
2023-11-14,0.01700687613646187,0.8901284204722562,0.09286470339129195
2023-11-15,0.2220594765656791,0.6673775120552725,0.1105630113790585
2023-11-16,0.43588305295557134,0.5110259729342475,0.05309097411019136
2023-11-17,0.5950133044523572,0.37446716012109776,0.030519535426555194
2023-11-20,0.6648448525133636,0.30674382869198263,0.02841131879466388
2023-11-21,0.04941165296365986,0.9385524680463153,0.012035878990035088
2023-11-22,0.7703457783394405,0.2132483505212307,0.016405871139339
2023-11-23,0.44960040027306764,0.5358115579224579,0.014588041804484761
2023-11-24,0.1979680894989079,0.7358039419575164,0.06622796854358595
2023-11-27,0.5032696205029004,0.4692377413328733,0.02749263816423641
2023-11-28,0.49720690289024966,0.49052760677017443,0.012265490339585811
2023-11-29,0.41102488117399094,0.5795141543382982,0.009460964487720895
2023-11-30,0.648343186194291,0.3297554511931106,0.02190136261260858
2023-12-01,0.20592344842353347,0.7785020590134891,0.015574492562987534
2023-12-04,0.940498103915002,0.00020700775218878377,0.05929488833281915
2023-12-05,0.24861201866552957,0.7223595028339652,0.02902847850051493
2023-12-06,0.6906372742209979,0.2739928439735945,0.03536988180541732
2023-12-07,0.16008638338549008,0.8119215627373382,0.027992053877181497
2023-12-08,0.9182147234781987,0.007674199335211564,0.07411107718659919
2023-12-11,0.3412126298769421,0.6094478669384743,0.049339503184593195
2023-12-12,0.5788123620073542,0.3444105418685713,0.0767770961240841
2023-12-13,0.20486219619361035,0.629869443929776,0.1652683598766233
2023-12-14,3.938527011482824e-09,0.4024212410492724,0.5975787550122101
2023-12-15,0.3507124970681624,0.31014079985934906,0.3391467030724982
2023-12-18,0.3063887565901378,0.6081447438039022,0.08546649960596954
2023-12-19,0.525483283440316,0.4401446304757153,0.03437208608397805
2023-12-20,0.3788585251460618,0.5986079794003022,0.022533495453645358
2023-12-21,0.5240889707880885,0.46581725792111245,0.010093771290808549
2023-12-22,0.4774732069600739,0.5164209423407106,0.006105850699225205
2023-12-26,0.45899465463730466,0.534280929890897,0.006724415471808018
2023-12-27,0.4804206190912105,0.5133351105232818,0.006244270385517338
2023-12-28,0.4438392582832397,0.5500696994630665,0.0060910422537035205
2023-12-29,0.8724112445520935,0.11524834578407762,0.012340409663838594
2024-01-02,0.11110353857142952,0.8802957346628003,0.008600726765780088
2024-01-03,0.9333635424762391,0.00113700592633509,0.06549945159743548
2024-01-04,0.10909118897661513,0.875525841226387,0.015382969797007632
2024-01-05,0.7410557924063346,0.24686230605308976,0.012081901540585478
2024-01-08,0.26681144241235216,0.7294545734155966,0.003733984172060811
2024-01-09,0.7316472712812427,0.2585491098786879,0.00980361884007898
2024-01-10,0.23208863752747272,0.7588714606899901,0.009039901782546652
2024-01-11,0.794845821145994,0.15760822278253953,0.04754595607147589
2024-01-12,0.00014967697697281193,0.9519797696498052,0.047870553373231414
2024-01-16,0.5063447330905775,0.37284814445349285,0.120807122455939
2024-01-17,0.43264319889613173,0.4806753602282851,0.0866814408755925
2024-01-18,0.38209359007500926,0.5806979437922417,0.03720846613275836
2024-01-19,0.4115477122048853,0.5639661002000068,0.024486187595117344
2024-01-22,0.651084385393688,0.30757307078815277,0.04134254381816868
2024-01-23,0.24087841554664616,0.7370646425690051,0.02205694188435811
2024-01-24,0.530386626172212,0.4399240208386959,0.029689352989101397
2024-01-25,0.32089175550031773,0.6704735804033787,0.008634664096312864
2024-01-26,0.7204472689002764,0.2682244689604108,0.01132826213932209
2024-01-29,0.04049677667089027,0.9515662400797109,0.007936983249408221
2024-01-30,0.7879876234200897,0.20151560208796337,0.010496774491956335
2024-01-31,0.3838349071651335,0.6115413985162464,0.004623694318629422
2024-02-01,0.42479030441666304,0.5712966020174024,0.003913093565943925
2024-02-02,0.7406570419185655,0.25156239039184225,0.00778056768960148
2024-02-05,0.3987630359780967,0.5955341557022413,0.005702808319671339
2024-02-06,0.45945251373168217,0.5354861458059431,0.005061340462384147
2024-02-07,0.6839691602736896,0.3079904312181672,0.008040408508152394
2024-02-08,0.09674722774231484,0.8964506460403402,0.006802126217354092
2024-02-09,0.8194066715339116,0.1692918191712543,0.011301509294843016
2024-02-12,0.10405001913024609,0.8905083734384247,0.005441607431338087
2024-02-13,0.9652963274771869,0.006518207963036134,0.028185464559785867
2024-02-14,0.08944145674209429,0.8910169752919219,0.019541567965992677
2024-02-15,0.31969640374661196,0.5513410005183573,0.12896259573503965
2024-02-16,0.031030262541594508,0.9200529793001072,0.04891675815830726
2024-02-20,0.9406244116672462,0.0018271187480954376,0.05754846958466715
2024-02-21,0.1361160634060908,0.8511715979288261,0.012712338665091801
2024-02-22,0.8251390991053361,0.16195422018314592,0.012906680711526574
2024-02-23,0.06380407643159941,0.933675629239617,0.002520294328792133
2024-02-26,0.9865364196540667,0.0006710057187980861,0.012792574627143661
2024-02-27,0.14522735700813744,0.8504624354417816,0.0043102075500894245
2024-02-28,0.8060821003546284,0.17368208412189812,0.02023581552348162
2024-02-29,0.08998459783812218,0.879998302075074,0.030017100086811868
2024-03-01,0.3676693994535573,0.48734701767875943,0.14498358286769122
2024-03-04,0.08205896122300631,0.7356981649208227,0.1822428738561787
2024-03-05,0.6644771953026213,0.21039846116609476,0.12512434353129184
2024-03-06,0.13789764482262723,0.8108232125595212,0.05127914261785965
2024-03-07,0.6067481014993478,0.378579298292205,0.014672600208455412
2024-03-08,0.49152576498989614,0.5000466556973278,0.008427579312784232
2024-03-11,0.3036874899549042,0.6873010948972255,0.00901141514787847
2024-03-12,0.8586914568290966,0.11822294681432505,0.023085596356586406
2024-03-13,0.00035369072067181577,0.9749719024947933,0.02467440678454323
2024-03-14,0.7515765162656761,0.2219379741325639,0.026485509601768365
2024-03-15,0.12780717055348806,0.8614873918332987,0.010705437613221638
2024-03-18,0.7421087241062307,0.2489819427818613,0.00890933311191633
2024-03-19,0.31340372554656104,0.6835914719340708,0.0030048025193766936
2024-03-20,0.6300198112117624,0.3652205249552843,0.0047596638329615954
2024-03-21,0.3697196271692314,0.62728798398418,0.002992388846597004
2024-03-22,0.626141629560796,0.36836310211504886,0.005495268324163442
2024-03-25,0.2771424757379258,0.7188042194826445,0.00405330477943803
2024-03-26,0.8304663978616558,0.1543595469846704,0.015174055153682368
2024-03-27,0.1574784935637045,0.8235272259752133,0.018994280461090876
2024-03-28,0.5690617416603716,0.3124829199959969,0.11845533834364025
2024-04-01,0.12383311290052135,0.6252965751111278,0.25087031198835963
2024-04-02,0.00028826117990166474,0.18850265445259473,0.8112090843675124
2024-04-03,0.0022403268387703027,0.04083319744686692,0.9569264757143716
2024-04-04,0.022082464441680633,0.754273087589097,0.22364444796923127
2024-04-05,0.5808626967634881,0.3370580662036384,0.0820792370328824
2024-04-08,0.4408717649301711,0.5259542228104193,0.033174012259418434
2024-04-09,0.48456970379739,0.5011498032361001,0.01428049296651867
2024-04-10,0.5139851986230259,0.4689106040050566,0.017104197371926165
2024-04-11,0.3860866818590519,0.6055104710281611,0.008402847112795514
2024-04-12,0.6117052123623531,0.37604221154317446,0.012252576094480836
2024-04-15,0.25052638708585556,0.7373087700281764,0.012164842885976378
2024-04-16,0.8414667464676855,0.1448543963310881,0.013678857201234587
2024-04-17,0.2745949878552817,0.7195300835172052,0.005874928627521375
2024-04-18,0.7212865870716527,0.2544237002148918,0.024289712713463578
2024-04-19,0.010109181081472742,0.9162142496780089,0.07367656924052629
2024-04-22,0.6992451512439648,3.4375943373644753e-13,0.3007548487556994
2024-04-23,0.15908991581422288,0.7593490517485022,0.08156103243728313
2024-04-24,0.6241014238561079,0.3513966970784706,0.024501879065429725
2024-04-25,0.3438515106976981,0.6504133812503177,0.005735108051992575
2024-04-26,0.661203395816778,0.3318064853445735,0.006990118838656712
2024-04-29,0.20379225430998343,0.7896848091641543,0.006522936525870376
2024-04-30,0.9590467335265931,0.0047429075960119995,0.036210358877403245
2024-05-01,0.3414243977870837,0.6426601285619239,0.015915473651000617
2024-05-02,0.3972705447078877,0.5959188176524804,0.006810637639640309
2024-05-03,0.7760407853598805,0.20854331211220561,0.015415902527922135
2024-05-06,8.338222812361837e-06,0.9684771438227301,0.031514517954465734
2024-05-07,0.5779323289287671,0.37923729878486423,0.042830372286376886
2024-05-08,0.5583348167112765,0.4036447089883439,0.03802047430038792
2024-05-09,0.021940665457433884,0.8978135657746885,0.0802457687678859
2024-05-10,0.4082394180381431,0.5328853732537235,0.05887520870814151
2024-05-13,0.5398792514379605,0.3891545034839339,0.07096624507811355
2024-05-14,0.15776412264998008,0.6698239613829637,0.17241191596706418
2024-05-15,0.031055109997688124,0.2908249484411161,0.6781199415612038
2024-05-16,0.002609210741576015,0.24188681552530117,0.7555039737331309
2024-05-17,1.0466727026456631e-07,0.003247537486875593,0.996752357845862
2024-05-20,4.338035777376694e-06,0.004930756942937498,0.9950649050212931
2024-05-21,0.003954158224718276,0.012200146237278142,0.9838456955380114
2024-05-22,0.003936741428514953,0.04053423250607517,0.9555290260654177
2024-05-23,0.02234444719752305,0.00039936607444546917,0.9772561867280393
2024-05-24,0.0003276729571053293,0.07320232342515266,0.9264700036177497
2024-05-28,5.401606819794455e-10,0.0016462755892595895,0.9983537238705873
2024-05-29,6.783230605631389e-06,0.10637652173047916,0.8936166950389229
2024-05-30,0.008938653845421569,9.064164619234272e-05,0.9909707045083938
2024-05-31,0.008070465939280465,0.00041528314657044064,0.9915142509141568
2024-06-03,0.00010274378101906611,0.11102794313429579,0.8888693130846927
2024-06-04,0.03393333621740382,3.463804748966364e-06,0.9660631999778548
2024-06-05,6.529834501747275e-05,0.11828179431925251,0.8816529073357375
2024-06-06,7.74120262674945e-07,0.007467468477757068,0.992531757401988
2024-06-07,0.0030045125469876847,9.378808354606051e-12,0.996995487443641
2024-06-10,6.006079904026171e-06,0.6433797347796029,0.3566142591405003
2024-06-11,0.6037104239243576,0.005634481763143535,0.39065509431250595
2024-06-12,0.00019252628369109041,0.7214387465951473,0.2783687271211689
2024-06-13,0.6702433910581918,5.034939142750386e-06,0.3297515740026727
2024-06-14,0.006312843034712106,0.8783656554889135,0.1153215014763815
2024-06-17,0.6527224847353084,0.25367920846458175,0.09359830680011691
2024-06-18,0.34074750797752024,0.5556027734482547,0.10364971857423197
2024-06-20,9.633404635611598e-07,0.635105351696659,0.3648936849628842
2024-06-21,0.617792564387326,1.836412208932943e-07,0.38220725197146027
2024-06-24,0.12418433486184596,0.7199408978640233,0.15587476727413768
2024-06-25,0.7970695315767267,0.03804907696652095,0.1648813914567593
2024-06-26,0.07580476293733139,0.892519782784204,0.031675454278471675
2024-06-27,0.7784591810845146,0.19806496797945983,0.02347585093603255
2024-06-28,0.1523313871148317,0.8342868313698919,0.01338178151528356
2024-07-01,0.4839043856464121,0.502024471768508,0.014071142585086984
2024-07-02,0.6419322867065457,0.33655992358498427,0.021507789708477262
2024-07-03,4.608940012109973e-06,0.9304268396352229,0.06956855142477203
2024-07-05,0.021014862960918753,0.9486712528512934,0.030313884187794855
2024-07-08,0.9579975526047725,5.121853582279225e-06,0.0419973255416521
2024-07-09,0.005309276742496639,0.9823055666520076,0.01238515660550233
2024-07-10,0.9133351827423711,0.0688510113643691,0.0178138058932662
2024-07-11,0.002379539911574457,0.9951842943612358,0.0024361657271960973
2024-07-12,0.9855426124182397,0.0011825073343903684,0.013274880247376279
2024-07-15,0.6809043833348707,0.30865385253496336,0.01044176413017225
2024-07-16,0.0028828869777359446,0.9816205650752683,0.015496547947002117
2024-07-17,0.935220540684619,8.00239496931543e-09,0.06477945131299243
2024-07-18,0.0634090263173306,0.8868720551315977,0.04971891855107807
2024-07-19,0.8231558606573841,0.03274296444156435,0.14410117490105784
2024-07-22,0.17123619058819517,0.7560235122641563,0.07274029714765481
2024-07-23,0.6450242172434663,0.25655107775840374,0.09842470499813602
2024-07-24,0.053477609238983696,0.7749931044563334,0.17152928630468905
2024-07-25,0.28704318977562765,4.5179155175303375e-05,0.7129116310692034
2024-07-26,0.0455865588408668,0.6939073259115591,0.26050611524758044
2024-07-29,0.6055703368017512,0.17726494670809567,0.21716471649015928
2024-07-30,0.029790685151562142,0.7641303258880623,0.20607898896038168
2024-07-31,0.3136320706071234,0.508471020306614,0.17789690908626885
2024-08-01,0.6693509964812903,0.09135743324223014,0.2392915702764859
2024-08-02,0.06393987503668634,0.6655830916856007,0.2704770332777192
2024-08-05,0.28440506903506924,0.0003705283785398521,0.7152244025863972
2024-08-06,0.023793547207239456,0.8417167492969925,0.1344897034957746
2024-08-07,0.7617010971277237,0.1437430936719009,0.09455580920038208
2024-08-08,0.006323413581589643,0.9493713619424958,0.04430522447592138
2024-08-09,0.8375298878720715,0.12179865179774467,0.0406714603301908
2024-08-12,0.04560733476226746,0.9285958688976261,0.02579679634011331
2024-08-13,0.8211651704475458,0.11187976657125795,0.06695506298120317
2024-08-14,0.4688344468488499,0.45762779581425683,0.07353775733690024
2024-08-15,2.628922542588367e-07,0.787997743824027,0.21200199328372582
2024-08-16,0.4637138275919324,0.42314675667042434,0.11313941573765028
2024-08-19,0.16644283719487601,0.8044579353209238,0.029099227484207294
2024-08-20,0.6924889723839475,0.2922222074745626,0.015288820141496953
2024-08-21,0.2208536624736602,0.7755324402823806,0.003613897243966336
2024-08-22,0.9156337484453257,0.07112399508607604,0.013242256468605221
2024-08-23,0.005080365063061243,0.9872308173657677,0.007688817571177965
2024-08-26,0.6456148756619084,0.3355555879873737,0.01882953635072468
2024-08-27,0.21921098473061112,0.775417662883547,0.005371352385848972
2024-08-28,0.9719324423644765,0.009283578553054237,0.01878397908247636
2024-08-29,0.0007360042916266463,0.9942485426238623,0.005015453084518105
2024-08-30,0.9573853422661189,7.52646544993469e-05,0.04253939307938883
2024-09-03,0.8971502783483254,0.06032964689306173,0.0425200747586201
2024-09-04,0.2887860932492214,0.6838067916778472,0.027407115072938512
2024-09-05,0.04287227966787307,0.9400772864389476,0.017050433893186685
2024-09-06,0.9690469988026528,6.511831232032219e-07,0.030952350014231335
2024-09-09,7.947813527643681e-05,0.9892791582342718,0.010641363630458677
2024-09-10,0.7731545694934248,0.16506933981183594,0.0617760906947462
2024-09-11,0.149564386162187,0.7688693205593176,0.0815662932785023
2024-09-12,6.253324022223678e-06,0.586051766804633,0.4139419798713515
2024-09-13,0.03808730433569123,0.561647389136507,0.4002653065278084
2024-09-16,0.4579951605929404,0.3753321041731471,0.16667273523391918
2024-09-17,0.3309505169688255,0.6127219868123525,0.0563274962188286
2024-09-18,0.6629394037832447,0.27925581128742416,0.057804784929337716
2024-09-19,0.010299495736330953,0.9329863079467101,0.056714196316965365
2024-09-20,0.3871466386705976,0.5885621123206859,0.024291249008722995
2024-09-23,0.8207087080666255,0.1457372622291298,0.03355402970425097
2024-09-24,6.222040430400323e-06,0.968233502783044,0.031760275176531926
2024-09-25,0.9282811739856244,0.03494159430495591,0.03677723170942575
2024-09-26,0.051581442111534044,0.9426969786170859,0.005721579271386316
2024-09-27,0.9468366572526911,0.034374643874934815,0.01878869887238031
2024-09-30,0.5393107951544744,0.4473257278858018,0.013363476959729732
2024-10-01,0.039755959113336924,0.9327357123397707,0.027508328546898605
2024-10-02,0.6689901472764055,0.26006659311681546,0.07094325960678521
2024-10-03,0.15545878384166917,0.7492649350265953,0.09527628113174144
2024-10-04,0.4702162587905889,0.41003591594803984,0.11974782526137698
2024-10-07,0.2303444316435445,0.6016821698524846,0.1679733985039763
2024-10-08,0.6969769734562897,4.678150108991247e-08,0.3030229797622145
2024-10-09,0.08030723713400557,0.7104085102673708,0.209284252598629
2024-10-10,0.008565433901622769,0.8559197788888832,0.13551478720949967
2024-10-11,0.11598417578317416,0.8427981558223104,0.04121766839452114
2024-10-14,0.9217761378109873,0.02552679521697504,0.05269706697204339
2024-10-15,0.013831608992969391,0.9588450331824028,0.02732335782463365
2024-10-16,0.5036871343572727,0.41497410967670345,0.08133875596602987
2024-10-17,0.45681058783624295,0.4134027491365724,0.12978666302719083
2024-10-18,1.7698603094065177e-08,0.61833844514871,0.381661537152693
2024-10-21,0.03996806405940684,0.264910480711709,0.6951214552288902
2024-10-22,0.0016440372028990174,0.6714559927787087,0.3268999700183983
2024-10-23,0.6625703779602882,3.6286570729582705e-05,0.3373933354689883
2024-10-24,0.2643058711328453,0.5850039434505613,0.15069018541659937
2024-10-25,0.4833447234215434,0.45697930609011883,0.05967597048834361
2024-10-28,0.43083014824390237,0.5212378225115591,0.04793202924454436
2024-10-29,0.24126454799086605,0.6863380361568805,0.0723974158522594
2024-10-30,0.6958220053566431,0.16023107074390847,0.14394692389945457
2024-10-31,0.8327581621459278,0.0014833127008478117,0.16575852515323056
2024-11-01,0.14311981686542924,0.8107013726635107,0.046178810471066284
2024-11-04,0.7498334163870981,0.2171729085120822,0.032993675100825785
2024-11-05,0.16126077709076062,0.8164278166572465,0.02231140625199877
2024-11-06,0.956468465339006,2.220637569306935e-05,0.0435093282853069
2024-11-07,0.015735693696559208,0.9722270617926789,0.012037244510767738
2024-11-08,0.8471299271666878,0.11728844236978668,0.03558163046353146
2024-11-11,0.315525848993264,0.6479719478943172,0.03650220311242471
2024-11-12,0.36630431217424514,0.617505076233151,0.016190611592609656
2024-11-13,0.6028377285710361,0.3872819925236719,0.009880278905297548
2024-11-14,0.2953855268866988,0.6992737801615053,0.0053406929518013315
2024-11-15,0.813474638057308,0.16953406787478528,0.016991294067912163
2024-11-18,0.017339375131229243,0.9669243255285855,0.01573629934019065
2024-11-19,0.7262031584198364,0.2567597018813811,0.017037139698787993
2024-11-20,0.33666472538623243,0.6537457530529823,0.009589521560790775
2024-11-21,0.6620383895624639,0.31163376448187485,0.026327845955666875
2024-11-22,0.07582235633718361,0.845454723832637,0.07872291983018503
2024-11-25,0.7887706412598389,2.3363280766148665e-06,0.21122702241209002
2024-11-26,0.019219489920643103,0.9405030538879098,0.04027745619145263
2024-11-27,0.889101497559236,0.06213640890679933,0.04876209353397026
2024-11-29,0.022626898531536446,0.9631442622135784,0.014228839254890619
2024-12-02,0.8611784252441496,0.10901147586465426,0.029810098891201436
2024-12-03,0.02271926184054614,0.9520184326017994,0.02526230555765987
2024-12-04,0.46968720562177035,0.4958140780480636,0.0344987163301713
2024-12-05,0.8286931655164774,0.12363890267728742,0.047667931806240266
2024-12-06,0.34106492606437594,0.6107408797937143,0.04819419414191486
2024-12-09,0.0008653874340493724,0.6957143391117531,0.3034202734542024
2024-12-10,0.368412789210984,0.4724017765928272,0.1591854341961938
2024-12-11,0.24766471803554,0.6668517509128759,0.08548353105158925
2024-12-12,0.877781377949598,1.275672869798103e-05,0.1222058653217089
2024-12-13,0.6589790432152726,0.23946149828624688,0.10155945849848577
2024-12-16,0.25283334894982973,0.710503528487621,0.03666312256255442
2024-12-17,0.7149426735404423,0.24121174380146546,0.04384558265809749
2024-12-18,0.09010745773281578,0.8439619994179387,0.06593054284925069
2024-12-19,0.7304856978006735,7.01096443150048e-05,0.2694441925550166
2024-12-20,0.009015544677367359,0.8878854093738326,0.10309904594880505
2024-12-23,0.4637087929955929,0.49265292461776494,0.0436382823866473
2024-12-24,0.4857085845820939,0.4971977550320316,0.01709366038587971
2024-12-26,0.3378943728904738,0.6570291926985619,0.0050764344109695565
2024-12-27,0.826715484861975,0.16168928489333176,0.011595230244698534
2024-12-30,0.2630489054585863,0.728264641931579,0.008686452609839931
2024-12-31,0.7796196359784162,0.20444965541834179,0.015930708603247315
2025-01-02,0.00010161831526991442,0.9790790079591479,0.02081937372558749
2025-01-03,0.8240521769202164,0.15141481644709492,0.024533006632693848
2025-01-06,0.03850171913847537,0.9450903640064693,0.01640791685506052
2025-01-07,0.5520634076499458,0.4143947810568201,0.03354181129323908
2025-01-08,0.2854739645990605,0.6802726187440886,0.034253416656855856
2025-01-09,0.3758297820639572,0.5731690981574363,0.05100111977861163
2025-01-10,0.14107479863569142,0.8139226716542709,0.04500252971004294
2025-01-13,0.9298705391820068,4.397875366014096e-05,0.07008548206433811
2025-01-14,0.602514598238417,0.3348317884688061,0.06265361329278178
2025-01-15,2.286202554395495e-05,0.8940828188303063,0.10589431914415462
2025-01-16,0.2351788766191695,0.7309692203791379,0.03385190300169749
2025-01-17,0.9408583627230257,0.0096710700193934,0.04947056725758573
2025-01-21,0.2607430943287154,0.7024900311610957,0.03676687451019368
2025-01-22,0.38711955279875276,0.6009897111005011,0.01189073610075073
2025-01-23,0.9437534186226145,0.035302722021315146,0.020943859356075
2025-01-24,0.01418719346967633,0.9791985336166837,0.006614272913644692
2025-01-27,0.9673347441030314,3.948489228049999e-06,0.0326613074077451
2025-01-28,7.332360687788676e-06,0.9763932564893363,0.023599411149980345
2025-01-29,0.3818174218077486,0.3324708019070157,0.28571177628524014
2025-01-30,0.004048939558998562,0.6458757121330361,0.3500753483079698
2025-01-31,0.5511635069289422,0.22111471459159293,0.22772177847946923
2025-02-03,0.11456333629481312,0.8178874429888615,0.06754922071632978
2025-02-04,0.6332846667250114,0.3465068135863312,0.02020851968866163
2025-02-05,0.43966570648899783,0.5527011351614697,0.007633158349536692
2025-02-06,0.52764661030235,0.46561870170519815,0.006734687992456145
2025-02-07,0.5646101789695789,0.42936704945692933,0.006022771573496251
2025-02-10,0.2524252309562056,0.7441708568544405,0.0034039121893582403
2025-02-11,0.8818215162610413,0.10842681597739534,0.009751667761567474
2025-02-12,0.03437914050974984,0.962161277839883,0.0034595816503713538
2025-02-13,0.8786322300858082,0.11279212335123509,0.008575646562960936
2025-02-14,0.4647990749862312,0.5300979292551561,0.0051029957586169435
2025-02-18,0.13688122629675034,0.8464893309390482,0.01662944276420562
2025-02-19,0.9005035822995628,0.07987138793655797,0.01962502976388334
2025-02-20,0.06328145253582859,0.9329233864785168,0.003795160985658744
2025-02-21,0.9438303250811894,0.038704660709118675,0.01746501420969636
2025-02-24,0.10549012177382884,0.8841420707358947,0.010367807490280736
2025-02-25,0.933805728403169,0.008355895083769478,0.057838376513065504
2025-02-26,0.0028506681421450234,0.9814741424503053,0.01567518940755377
2025-02-27,0.7771421723523131,0.19258537021207034,0.030272457435620646
2025-02-28,0.6842855411901865,0.2861089877912481,0.02960547101856958
2025-03-03,0.0024123155520391305,0.9861866199019972,0.011401064545968013
2025-03-04,0.8994164273150229,0.07835156743121595,0.022232005253765688
2025-03-05,0.011888164671243286,0.9711067456788681,0.017005089649893074
2025-03-06,0.6152546033669788,0.3756019340190816,0.00914346261394412
2025-03-07,0.7281161989239494,0.25964126007586613,0.012242541000188858
2025-03-10,0.6031931702029913,0.3837414639527639,0.013065365844249497
2025-03-11,0.006297877792365805,0.949286843081876,0.04441527912576287
2025-03-12,0.6050671157646527,0.2631542953036935,0.13177858893165847
2025-03-13,0.20000140372857994,0.7094436256998375,0.09055497057158707
2025-03-14,0.4677882434936279,0.5180235863580713,0.014188170148305184
2025-03-17,0.6622351570483107,0.32823123909472146,0.009533603856972269
2025-03-18,0.09557063109219019,0.8999722014040874,0.00445716750372703
2025-03-19,0.9712150558964588,0.018038045895172997,0.010746898208372595
2025-03-20,0.22677447724151353,0.7705253930783293,0.0027001296801614947
2025-03-21,0.6500790616295208,0.33966063011783737,0.010260308252646172
2025-03-24,0.5584834187198147,0.4292547000748763,0.01226188120531338
2025-03-25,0.041331540971891186,0.9168985696160498,0.041769889412063485
2025-03-26,0.6724336449012036,0.27841033291442935,0.04915602218437136
2025-03-27,0.031985015382880455,0.9361534359881001,0.03186154862902379
2025-03-28,0.8900466435136043,0.07541600017369869,0.034537356312701384
2025-03-31,0.15943155278979518,0.8258539118411679,0.014714535369041062
2025-04-01,0.7383747296587398,0.1923716422275185,0.06925362811374573
2025-04-02,0.0010049387024853899,0.8476351589054482,0.1513599023920707
2025-04-03,5.4490068482284216e-11,5.251670925829676e-26,0.999999999945514
2025-04-04,7.610861060377879e-14,9.694501781664052e-14,0.999999999999831
2025-04-07,8.604834771168728e-05,0.5446707480222773,0.45524320363001497
2025-04-08,0.3180907642738343,0.5735549015322291,0.10835433419394051
2025-04-09,0.746063094234885,0.15269940730671241,0.10123749845840653
2025-04-10,0.15453219983280703,0.7844769415438339,0.060990858623363065
2025-04-11,0.6824365459555265,0.17427419217273735,0.1432892618717403
2025-04-14,0.2249483843890289,0.7457136262425427,0.02933798936843254
2025-04-15,0.7246257422776821,0.2514172602486306,0.02395699747369164
2025-04-16,0.23056014795442065,0.7546852818658374,0.014754570179746011
2025-04-17,0.8483438135779671,0.12646818659247638,0.025187999829560707
2025-04-21,0.32514497542386556,0.6582889785220523,0.016566046054086188
2025-04-22,0.5479213608925598,0.39695972327530565,0.0551189158321386
2025-04-23,0.5409461203017891,0.37496507061779377,0.0840888090804213
2025-04-24,0.35620156060121827,0.6170171438197207,0.02678129557906509
2025-04-25,0.46415844634167713,0.5166979742393459,0.01914357941898095
2025-04-28,0.569653949396522,0.41927067325316064,0.011075377350321384
2025-04-29,0.282985673137622,0.7091621214413614,0.007852205421020716
2025-04-30,0.9359550784463619,0.042347920321201986,0.02169700123244018
2025-05-01,0.2579518776329101,0.7333028518401099,0.008745270526983836
2025-05-02,0.595269900805639,0.378302309876928,0.02642778931743692
2025-05-05,0.24187967898323726,0.7064327244539703,0.05168759656279652
2025-05-06,0.01532779402562029,0.9595693003516577,0.0251029056227263
2025-05-07,0.962321216101997,0.0009761641561193864,0.03670261974188782
2025-05-08,0.2744156288719188,0.7113684452754812,0.014215925852604
2025-05-09,0.3355271427531551,0.6509583086084426,0.01351454863840625
2025-05-12,0.6726231941622036,0.3097336562048911,0.01764314963290919
2025-05-13,0.07589336300808758,0.9197393381684819,0.004367298823434366
2025-05-14,0.9851604181854405,0.0006715371645825806,0.014168044649980506
2025-05-15,0.058740209110375294,0.9380054566296595,0.0032543342599688496
2025-05-16,0.8560489148369205,0.13284155349174942,0.011109531671333658
2025-05-19,0.43941593663384754,0.5528818658486131,0.007702197517542806
2025-05-20,0.24465080882296036,0.724533360703777,0.03081583047326602
2025-05-21,0.3036384569079728,0.68479074261416,0.011570800477870964
2025-05-22,0.89966345820358,0.08394583297328875,0.016390708823135057
2025-05-23,0.18296108523097532,0.811491914834555,0.005546999934473619
2025-05-26,0.6295385546871327,0.3638416319288268,0.0066198133840445796
2025-05-27,0.4747900097020708,0.5199655860490185,0.0052444042489147875
2025-05-28,0.5765865231722233,0.415138916552953,0.008274560274827675
2025-05-29,0.2544717905837875,0.7295171041416446,0.01601110527457164
2025-05-30,0.8583011847556867,0.07469858015452446,0.06700023508979246
2025-06-02,1.8966534846760834e-07,0.9111214468230028,0.0888783635116523
2025-06-03,0.5827448019502945,0.3279285178096334,0.08932668024007553
2025-06-04,0.3555335613039875,0.545347604441327,0.09911883425468895
2025-06-05,0.02692622549324954,0.6507100662057484,0.3223637083010053
2025-06-06,0.4154829332913551,0.4564234957475516,0.12809357096109678
2025-06-09,0.484585208902206,0.4493478791442458,0.06606691195355144
2025-06-10,0.5300528620585809,0.43724549908532323,0.032701638856099016
2025-06-11,0.297414389996406,0.6793879179548469,0.023197692048750364
2025-06-12,0.4935445069174496,0.49441022681505215,0.012045266267501551
2025-06-13,0.490269418288451,0.49755041130271066,0.012180170408841612
2025-06-16,0.538051425112582,0.4370437784177417,0.024904796469679448
2025-06-17,0.19968723020198345,0.7001886158873976,0.10012415391062215
2025-06-18,0.44404961652043484,0.49764255237273813,0.058307831106830264
2025-06-20,0.9081015336034834,0.01366731765417776,0.078231148742342
2025-06-23,0.09101364453908574,0.888921248574983,0.02006510688593464
2025-06-24,0.9567576750130082,0.010360264116633848,0.032882060870360885
2025-06-25,0.07698127047396668,0.9110747551574336,0.011943974368602756
2025-06-26,0.4438544779724461,0.5498184741227421,0.006327047904814852
2025-06-27,0.938431418782791,0.05018016533308352,0.011388415884128818
2025-06-30,0.21255123328809802,0.7830730351227095,0.004375731589195508
2025-07-01,0.4927145808521707,0.498009837857996,0.009275581289836342
2025-07-02,0.5133519950895072,0.4781423786884636,0.008505626222032199
2025-07-03,0.4603194327609833,0.529769556505493,0.00991101073352688
2025-07-04,0.5022670864837786,0.4909006111593767,0.006832302356847809
2025-07-07,0.5136453744728187,0.47845022722026764,0.007904398306916964
2025-07-08,0.3858362436436427,0.5975053258071586,0.016658430549201894
2025-07-09,0.5942509532405341,0.3456442654958926,0.060104781263576476
2025-07-10,0.004401544596051029,0.7781558289797023,0.21744262642425008
2025-07-11,0.00011448809842036031,0.11708843514613285,0.8827970767554502
2025-07-14,0.10126389018662665,0.3803061868061766,0.5184299230072
2025-07-15,0.37667835857610005,0.3751273378349674,0.24819430358893585
2025-07-16,0.4907268460887774,0.3913702778979211,0.11790287601330475
2025-07-17,0.2864552359871903,0.6866822723440343,0.026862491668778687
2025-07-18,0.6776063502179245,0.30443323171350684,0.017960418068571904
2025-07-21,0.1592243114347504,0.827828646735556,0.012947041829696906
2025-07-22,0.6270491630877515,0.364653427983536,0.008297408928715822
2025-07-23,0.46589343544505746,0.5287607739282536,0.005345790626692263
2025-07-24,0.339523356015009,0.6563496371049972,0.00412700687999714
2025-07-25,0.9866043998471115,0.0018278767653836356,0.011567723387508298
2025-07-28,0.15883145533756768,0.837316065026264,0.0038524796361716477
2025-07-29,0.5422926694179301,0.44247557332806176,0.015231757254011437
2025-07-30,0.5880756275470225,0.38228991235539184,0.029634460097588935
2025-07-31,0.3429555844037205,0.5880471208908244,0.0689972947054583
2025-08-01,0.6956787786827348,0.2662839303487165,0.03803729096855205
2025-08-04,0.32317359310110183,0.6626345881688199,0.014191818730081613
2025-08-05,0.6268136491515232,0.3571924104173022,0.015993940431178258
2025-08-06,0.3512932236604048,0.6414678044432279,0.007238971896370801
2025-08-07,0.6161808243515592,0.3658295476402559,0.017989628008188402
2025-08-08,0.08391219965748896,0.9053654210774041,0.010722379265110528
2025-08-11,0.9660180018472371,0.013874288350486161,0.02010770980228037
2025-08-12,0.396357003485951,0.5928748444183752,0.010768152095677322
2025-08-13,0.09077363169089851,0.9000360013272399,0.009190366981865181
2025-08-14,0.9464905838570543,0.03207418390141537,0.02143523224153364
2025-08-15,0.4218474752518833,0.5689015341631506,0.009250990584969566
2025-08-18,0.2904693470078359,0.7035905275590874,0.005940125433080286
2025-08-19,0.9453577740844601,0.03781601458683931,0.016826211328703947
2025-08-20,0.024361028158120628,0.9704583513266073,0.005180620515275448
2025-08-21,0.8587989028016974,0.11386575574013605,0.02733534145816987
2025-08-22,0.02028906404966058,0.9616100595182439,0.01810087643209853
2025-08-25,0.7485235500708175,0.1820590866005189,0.06941736332866637
2025-08-26,0.31455673034141757,0.6572864184712864,0.02815685118729883
2025-08-27,0.541104009516259,0.4164296562810064,0.042466334202737384
2025-08-28,0.31808227505406367,0.587298311759185,0.09461941318675421
2025-08-29,0.08483622804557715,0.5269135435010089,0.3882502284534166
2025-09-02,0.33312280149428014,0.20220856990405087,0.4646686286016716
2025-09-03,0.12380208792084837,0.8277053815835458,0.04849253049560805
2025-09-04,0.8905399303827944,0.06619658881184591,0.04326348080536172
2025-09-05,0.44603789487344775,0.5348170099151681,0.019145095211386205
2025-09-08,0.2854766462599845,0.7093922157249355,0.005131138015081995
2025-09-09,0.927456332495845,0.06020415403002093,0.012339513474135994
2025-09-10,0.1359244451944345,0.8592760385913653,0.004799516214202349
2025-09-11,0.6377767359261128,0.34971000737534325,0.012513256698545932
2025-09-12,0.4586676423859589,0.5285451138406438,0.012787243773399085
2025-09-15,0.5882821939660349,0.40354470282614086,0.008173103207826049
2025-09-16,0.2685948214023839,0.7262112041615553,0.005193974436062617
2025-09-17,0.9408497408902904,0.04053199340162424,0.01861826570808732
2025-09-18,0.3296591973136715,0.6557665114425095,0.014574291243821078
2025-09-19,0.0006431298564991468,0.9065775810002665,0.0927792891432364
2025-09-22,0.6377894909832957,0.11842652440310342,0.24378398461360268
2025-09-23,0.06605649480388084,0.8512476003906445,0.08269590480547655
2025-09-24,0.7974032846764131,0.09456258386215827,0.1080341314614305
2025-09-25,2.3036613824161148e-05,0.8963974609285214,0.10357950245765615
2025-09-26,0.4644619163414803,0.15128949813212955,0.38424858552639196
2025-09-29,0.09991233459874864,0.8284611286609181,0.07162653674033531
2025-09-30,0.8380573687677865,0.08907855100193,0.0728640802302854
2025-10-01,0.002769509951964634,0.9476398957125246,0.04959059433551261
2025-10-02,0.8753102966908738,8.911814859927061e-05,0.12460058516052853
2025-10-03,2.5142324937653662e-05,0.8942677648386164,0.10570709283644748
2025-10-06,0.2593689826960165,0.5674499838299806,0.17318103347400446
2025-10-07,0.6962315703451174,0.06396783931120152,0.23980059034368245
2025-10-08,2.3325146496158084e-05,0.7408282597971038,0.25914841505640157
2025-10-09,0.5488677987912187,3.39360493767642e-05,0.451098265159406
2025-10-10,0.0008877690192235336,0.578270782769879,0.42084144821089897
2025-10-13,1.1133676089579436e-11,1.49801915761109e-05,0.9999850197972919
2025-10-14,5.5436547065877004e-05,0.12478056723036227,0.8751639962225733
2025-10-15,0.012547143468344025,0.08444356093771926,0.9030092955939382
2025-10-16,2.0243418098979695e-06,0.017488529426546617,0.9825094462316448
2025-10-17,4.157371280593798e-05,3.288134442950158e-13,0.9999584262868665
2025-10-20,3.353753581925112e-10,0.05310175684440106,0.9468982428202246
2025-10-21,1.0225346908123035e-06,1.8695567458414375e-14,0.9999989774652916
2025-10-22,5.9343730530878246e-05,0.16043412508444707,0.839506531185023
2025-10-23,0.05086906051388684,0.09124890402837679,0.8578820354577373
2025-10-24,0.017489884129533305,0.19659875018446,0.7859113656860075
2025-10-27,0.07762511475365116,0.0017225447679561985,0.9206523404783935
2025-10-28,0.00752517381402034,0.5801727565326638,0.41230206965331667
2025-10-29,0.4707118330619287,0.17465990749185226,0.3546282594462197
2025-10-30,0.16323933195223989,0.6606105926632251,0.17615007538453573
2025-10-31,0.6417258293630068,0.2779519399395586,0.0803222306974351
2025-11-03,0.22187644893670871,0.7611127136551779,0.017010837408113905
2025-11-04,0.8642204320945833,0.10679079993365707,0.028988767971760136
2025-11-05,0.04850398960820362,0.9275557004586695,0.023940309933127374
2025-11-06,0.7471303428382703,0.17987024472188842,0.07299941243984182
2025-11-07,0.1406011774866106,0.7430853739121334,0.11631344860125663
2025-11-10,1.7756254821383674e-07,0.23494797141725507,0.7650518510201973
2025-11-11,0.0016162647932775505,0.18945939441568468,0.8089243407910383
2025-11-12,2.2929877318798275e-09,0.003097244578921199,0.9969027531280916
2025-11-13,0.0012393991301255327,0.058473261919942565,0.9402873389499324
2025-11-14,0.0394080617480746,1.7813879457772756e-07,0.9605917601131313
2025-11-17,0.0013811314517401595,0.7799306788740707,0.21868818967418946
2025-11-18,0.7077273117184164,0.12329758492809129,0.16897510335349272
2025-11-19,0.020946217598977437,0.9303911292818623,0.048662653119160765
2025-11-20,0.8729166193815117,0.05189675392391149,0.07518662669457732
2025-11-21,0.42811079614168995,0.5065899080778845,0.0652992957804261
2025-11-24,0.15652835051832129,0.6657701814104156,0.17770146807126366
2025-11-25,0.09489635024364661,0.4642149165346555,0.44088873322169825
2025-11-26,2.3065584019647467e-07,0.11763825996938036,0.8823615093747796
2025-11-28,9.988254488023963e-11,2.0604411779852954e-06,0.9999979394589398
2025-12-01,8.435217379842894e-08,0.16730186044184933,0.8326980552059771
2025-12-02,0.15266151703292374,0.20525152696728005,0.6420869559997963
2025-12-03,0.09749828403495275,0.4775313904224507,0.42497032554259667
2025-12-04,0.4136876603751811,0.08119843888990398,0.505113900734915
2025-12-05,0.00018021747567368866,0.4826969673504407,0.5171228151738858
2025-12-08,0.09517357636528281,0.11729814862092816,0.7875282750137892
2025-12-09,1.0601558855855661e-05,0.09720543763035609,0.9027839608107879
2025-12-10,0.001488807930629147,0.12386328364395777,0.8746479084254132
2025-12-11,2.9161524234940583e-08,0.0012140207676004224,0.9987859500708753
2025-12-12,0.001182910962776339,1.718186270053429e-08,0.9988170718553608
2025-12-15,1.6357289397422835e-09,0.1568685186261226,0.8431314797381484
2025-12-16,0.0082900389054909,0.038445304361966595,0.9532646567325425
2025-12-17,5.614308604446306e-13,0.009509863143700063,0.9904901368557384
2025-12-18,0.007899705351618358,2.5950150140347516e-05,0.9920743444982413
2025-12-19,2.3510349172134653e-08,0.04687778295559862,0.9531221935340523
2025-12-22,0.0021394218617396413,0.07249434564677307,0.9253662324914872
2025-12-23,0.0016582473837227526,0.005016955569636446,0.9933247970466408
2025-12-24,1.645597532322918e-05,0.09092620246207406,0.9090573415626026
2025-12-26,3.7033201969544e-18,4.607623957251979e-09,0.9999999953923762
2025-12-29,1.341536131226106e-15,1.2835711796698151e-25,0.9999999999999988
2025-12-30,7.41653146973172e-40,1.1708000203147136e-13,0.9999999999998832
2025-12-31,2.6600139523284026e-16,2.256342824770507e-25,1.0
2026-01-02,5.737790681806287e-08,0.08956320449777228,0.910436738124321
2026-01-05,7.906856488599881e-18,2.4343676384739307e-09,0.9999999975656324
2026-01-06,2.5014078667009537e-14,4.7736329802612714e-08,0.9999999522636452
2026-01-07,6.617758776190874e-08,1.3502528345827612e-06,0.9999985835695777
2026-01-08,1.6391784816310122e-08,0.0022731894127076663,0.9977267941955075
2026-01-09,2.2573181125126394e-14,1.8699930704556743e-05,0.9999813000692729
2026-01-12,2.9929721692728162e-18,4.15469690416001e-14,0.9999999999999585
